PRAGMA foreign_keys=OFF;
BEGIN TRANSACTION;
CREATE TABLE IF NOT EXISTS "__EFMigrationsLock" (
    "Id" INTEGER NOT NULL CONSTRAINT "PK___EFMigrationsLock" PRIMARY KEY,
    "Timestamp" TEXT NOT NULL
);
CREATE TABLE IF NOT EXISTS "__EFMigrationsHistory" (
    "MigrationId" TEXT NOT NULL CONSTRAINT "PK___EFMigrationsHistory" PRIMARY KEY,
    "ProductVersion" TEXT NOT NULL
);
INSERT INTO __EFMigrationsHistory VALUES('20220315085529_Init','9.0.0');
INSERT INTO __EFMigrationsHistory VALUES('20220509040101_v2_Season_Dnf_Processing','9.0.0');
INSERT INTO __EFMigrationsHistory VALUES('20221104042650_v3_080_Packet_Features','9.0.0');
INSERT INTO __EFMigrationsHistory VALUES('20230207100428_v4_Penalties','9.0.0');
INSERT INTO __EFMigrationsHistory VALUES('20230217093029_v5_Penalties_2','9.0.0');
INSERT INTO __EFMigrationsHistory VALUES('20230228095306_v6_Penalties_3','9.0.0');
INSERT INTO __EFMigrationsHistory VALUES('20230308094307_v7_Penalties_4','9.0.0');
INSERT INTO __EFMigrationsHistory VALUES('20230315123616_v8_Penalties_5','9.0.0');
INSERT INTO __EFMigrationsHistory VALUES('20230324120950_v9_Penalties_6','9.0.0');
INSERT INTO __EFMigrationsHistory VALUES('20230514050849_v10_DatabaseChange','9.0.0');
INSERT INTO __EFMigrationsHistory VALUES('20230906085429_v11_Aliases_WeakReferences','9.0.0');
INSERT INTO __EFMigrationsHistory VALUES('20231207003139_v12_PenaltySystem2dot0','9.0.0');
INSERT INTO __EFMigrationsHistory VALUES('20231215214408_v13_Add_WarningsAppliedCount','9.0.0');
INSERT INTO __EFMigrationsHistory VALUES('20231219075705_v14_Add_PenaltySystem_AutoSetAsAppliedManualFutureActions','9.0.0');
INSERT INTO __EFMigrationsHistory VALUES('20240415041606_v15_ClassificationCriterias_and_IgnoreWorst','9.0.0');
INSERT INTO __EFMigrationsHistory VALUES('20240427210957_v16_CircutSource_Added','9.0.0');
INSERT INTO __EFMigrationsHistory VALUES('20240615032512_v17_LineUps_LiveryVariant','9.0.0');
INSERT INTO __EFMigrationsHistory VALUES('20250323074052_v18_v096_multiply_changes','9.0.0');
INSERT INTO __EFMigrationsHistory VALUES('20250413080015_v19_DriverFeatures','9.0.0');
CREATE TABLE IF NOT EXISTS "CarClasses" (
    "Id" INTEGER NOT NULL CONSTRAINT "PK_CarClasses" PRIMARY KEY AUTOINCREMENT,
    "UniqueName" TEXT NULL,
    "Name" TEXT NULL,
    "CreatedAt" INTEGER NOT NULL,
    "UpdatedAt" INTEGER NOT NULL,
    "UserCreated" INTEGER NOT NULL,
    "UserUpdated" INTEGER NOT NULL
);
INSERT INTO CarClasses VALUES(1,'f1','Formula 1',1764005352,0,1535109519,0);
INSERT INTO CarClasses VALUES(2,'f2','Formula 2',1764005352,0,1535109519,0);
INSERT INTO CarClasses VALUES(3,'f3','Formula 3',1764005352,0,1535109519,0);
INSERT INTO CarClasses VALUES(4,'f4','Formula 4',1764005352,0,1535109519,0);
INSERT INTO CarClasses VALUES(5,'gt1','GT1',1764005352,0,1535109519,0);
INSERT INTO CarClasses VALUES(6,'gt2','GT2',1764005352,0,1535109519,0);
INSERT INTO CarClasses VALUES(7,'gt3','GT3',1764005352,0,1535109519,0);
INSERT INTO CarClasses VALUES(8,'gt4','GT4',1764005352,0,1535109519,0);
INSERT INTO CarClasses VALUES(9,'fe','Formula E',1764005352,0,1535109519,0);
INSERT INTO CarClasses VALUES(10,'lmp1','LMP1',1764005352,0,1535109519,0);
INSERT INTO CarClasses VALUES(11,'lmp2','LMP2',1764005352,0,1535109519,0);
INSERT INTO CarClasses VALUES(12,'lmp3','LMP3',1764005352,0,1535109519,0);
INSERT INTO CarClasses VALUES(13,'lmgte','LMGTE',1764005352,0,1535109519,0);
INSERT INTO CarClasses VALUES(14,'lmh','Le Mans Hypercar',1764005352,0,1535109519,0);
INSERT INTO CarClasses VALUES(15,'supercar','SuperCar',1764005352,0,1535109519,0);
INSERT INTO CarClasses VALUES(16,'indycar','IndyCar',1764005352,0,1535109519,0);
INSERT INTO CarClasses VALUES(17,'formuladrift','Formula Drift',1764005352,0,1535109519,0);
INSERT INTO CarClasses VALUES(18,'nascar','NASCAR',1764005352,0,1535109519,0);
INSERT INTO CarClasses VALUES(19,'touring','Touring Car',1764005352,0,1535109519,0);
INSERT INTO CarClasses VALUES(20,'transam','Trans Am',1764005352,0,1535109519,0);
INSERT INTO CarClasses VALUES(21,'hothatch','Hot Hatch',1764005352,0,1535109519,0);
INSERT INTO CarClasses VALUES(22,'tracktoy','Track Toy',1764005352,0,1535109519,0);
INSERT INTO CarClasses VALUES(23,'roadgt','Road GT',1764005352,0,1535109519,0);
INSERT INTO CarClasses VALUES(24,'roadmuscle','Road Muscle',1764005352,0,1535109519,0);
INSERT INTO CarClasses VALUES(25,'roadtouring','Road Touring',1764005352,0,1535109519,0);
INSERT INTO CarClasses VALUES(26,'roadcompact','Road Compact',1764005352,0,1535109519,0);
INSERT INTO CarClasses VALUES(27,'roadcoupe','Road Coupe',1764005352,0,1535109519,0);
INSERT INTO CarClasses VALUES(28,'gtx','GTX SportCars',1764005352,0,1535109519,0);
INSERT INTO CarClasses VALUES(29,'gt1classic','GT1 Classic',1764005352,0,1535109519,0);
INSERT INTO CarClasses VALUES(30,'gt2classic','GT2 Classic',1764005352,0,1535109519,0);
INSERT INTO CarClasses VALUES(31,'trackday','Track Day',1764005352,0,1535109519,0);
CREATE TABLE IF NOT EXISTS "Games" (
    "Id" INTEGER NOT NULL CONSTRAINT "PK_Games" PRIMARY KEY AUTOINCREMENT,
    "UniqueName" TEXT NULL,
    "Name" TEXT NULL,
    "Developer" TEXT NULL,
    "Publisher" TEXT NULL,
    "ReleaseDate" TEXT NOT NULL,
    "PlatformsRaw" TEXT NULL,
    "BuyLink" TEXT NULL,
    "OfficialLink" TEXT NULL,
    "CreatedAt" INTEGER NOT NULL,
    "UpdatedAt" INTEGER NOT NULL,
    "UserCreated" INTEGER NOT NULL,
    "UserUpdated" INTEGER NOT NULL
);
INSERT INTO Games VALUES(1,'f1.2020','F1 2020','Codemasters','Codemasters','2020-07-07 00:00:00','PC, XboxOne, PS4, Stadia',NULL,'https://www.codemasters.com/game/f1-2020/',1764005352,0,1535109519,0);
INSERT INTO Games VALUES(2,'f1.2021','F1 2021','Codemasters','EA','2021-07-16 00:00:00','PC, XboxOne, XboxSeries, PS4, PS5',NULL,'https://www.ea.com/games/f1/f1-2021',1764005352,0,1535109519,0);
INSERT INTO Games VALUES(3,'assetto.corsa','Assetto Corsa','Kunos Simulazioni','505 Games','2014-12-19 00:00:00','PC, XboxOne, PS4',NULL,'http://www.assettocorsa.net/',1764005352,0,1535109519,0);
INSERT INTO Games VALUES(4,'assetto.corsa.competizione','Assetto Corsa Competizione','Kunos Simulazioni','505 Games','2019-05-29 00:00:00','PC, XboxOne, PS4',NULL,'http://www.assettocorsacompetizione.net/',1764005352,0,1535109519,0);
INSERT INTO Games VALUES(5,'iracing','iRacing','iRacing','iRacing','2008-08-26 00:00:00','PC',NULL,'http://www.iracing.com/',1764005352,0,1535109519,0);
INSERT INTO Games VALUES(6,'raceroom','RaceRoom Racing Experience','Sector3 Studios','Sector3 Studios','2013-02-12 00:00:00','PC',NULL,'http://game.raceroom.com/',1764005352,0,1535109519,0);
INSERT INTO Games VALUES(7,'rfactor2','rFactor 2','Image Space Inc.','Studio 397','2015-11-12 00:00:00','PC',NULL,'https://www.studio-397.com/',1764005352,0,1535109519,0);
INSERT INTO Games VALUES(8,'rfactor','rFactor','Image Space Inc.','Image Space Inc.','2005-08-31 00:00:00','PC',NULL,'http://rfactor.net/web/rf1/',1764005352,0,1535109519,0);
INSERT INTO Games VALUES(9,'f1.22','F1 22','Codemasters','EA','2022-07-01 00:00:00','PC, XboxOne, XboxSeries, PS4, PS5',NULL,'https://www.ea.com/games/f1/f1-22',1764005352,0,1535109519,0);
INSERT INTO Games VALUES(10,'f1.23','F1 23','Codemasters','EA','2023-06-16 00:00:00','PC, XboxOne, XboxSeries, PS4, PS5',NULL,'https://www.ea.com/games/f1/f1-23',1764005352,0,1535109519,0);
INSERT INTO Games VALUES(11,'f1.24','F1 24','Codemasters','EA','2024-05-31 00:00:00','PC, XboxOne, XboxSeries, PS4, PS5',NULL,'https://www.ea.com/games/f1/f1-24',1764005352,0,1535109519,0);
INSERT INTO Games VALUES(12,'forza.motorsport.2023','Forza Motorsport','Turn 10 Studios','Xbox Game Studios','2023-10-10 00:00:00','PC, XboxSeries',NULL,'https://www.xbox.com/games/store/forza-motorsport',1764005352,0,1535109519,0);
INSERT INTO Games VALUES(13,'ea.sports.wrc','EA Sports WRC','Codemasters','EA Sports','2023-11-03 00:00:00','PC, XboxSeries, PS5',NULL,'https://www.ea.com/games/ea-sports-wrc',1764005352,0,1535109519,0);
INSERT INTO Games VALUES(14,'gran.turismo.sport','Gran Turismo Sport','Polyphony Digital','Sony Interactive Entertainment','2017-10-17 00:00:00','PS4, PS5',NULL,'https://www.gran-turismo.com/products/gtsport',1764005352,0,1535109519,0);
INSERT INTO Games VALUES(15,'gran.turismo.7','Gran Turismo 7','Polyphony Digital','Sony Interactive Entertainment','2022-03-04 00:00:00','PS4, PS5',NULL,'https://www.gran-turismo.com/products/gt7',1764005352,0,1535109519,0);
INSERT INTO Games VALUES(16,'assetto.corsa.evo','Assetto Corsa EVO','Kunos Simulazioni','Kunos Simulazioni','2025-01-16 00:00:00','PC',NULL,'https://www.assettocorsa.net/',1764005352,0,1535109519,0);
INSERT INTO Games VALUES(17,'f1.25','F1 25','Codemasters','EA','2025-06-01 00:00:00','PC, PS5, XboxSeries',NULL,'https://www.ea.com/games/f1/f1-25',1764005352,0,1535109519,0);
INSERT INTO Games VALUES(18,'nascar.25','NASCAR 25','Monster Games','iRacing','2025-11-01 00:00:00','XboxSeries, PS5',NULL,'https://www.nascar.com/',1764005352,0,1535109519,0);
INSERT INTO Games VALUES(19,'wreckfest.2','Wreckfest 2','Bugbear','Bugbear','2025-12-01 00:00:00','PC, PS5, XboxSeries',NULL,'https://wreckfest.com/',1764005352,0,1535109519,0);
CREATE TABLE IF NOT EXISTS "Images" (
    "Id" INTEGER NOT NULL CONSTRAINT "PK_Images" PRIMARY KEY AUTOINCREMENT,
    "PngRaw" BLOB NULL,
    "Length" INTEGER NOT NULL,
    "Name" TEXT NULL,
    "NameUnique" TEXT NULL,
    "Type" TEXT NULL,
    "Hash" TEXT NULL,
    "CreatedAt" INTEGER NOT NULL,
    "UpdatedAt" INTEGER NOT NULL,
    "UserCreated" INTEGER NOT NULL,
    "UserUpdated" INTEGER NOT NULL
);
CREATE TABLE IF NOT EXISTS "LeagueCategories" (
    "Id" INTEGER NOT NULL CONSTRAINT "PK_LeagueCategories" PRIMARY KEY AUTOINCREMENT,
    "Name" TEXT NULL,
    "ShortName" TEXT NULL,
    "Priority" INTEGER NOT NULL,
    "ColorRaw" INTEGER NOT NULL,
    "CreatedAt" INTEGER NOT NULL,
    "UpdatedAt" INTEGER NOT NULL,
    "UserCreated" INTEGER NOT NULL,
    "UserUpdated" INTEGER NOT NULL
, "SecondaryColorRaw" INTEGER NOT NULL DEFAULT -1, "ColorString" TEXT NULL, "SecondaryColorString" TEXT NULL, "TertiaryColorString" TEXT NULL);
INSERT INTO LeagueCategories VALUES(1,'DIVISION 1','DIV 1',0,0,1764006428,0,1535109519,0,0,'#FFAD00FF','#FFFFFFFF',NULL);
INSERT INTO LeagueCategories VALUES(2,'DIVISION 2','DIV 2',0,0,1764006447,1764093682,1535109519,1535109519,0,'#D2FF004D','#FFFFFFFF',NULL);
INSERT INTO LeagueCategories VALUES(3,'DIVISION 3','DIV 3',0,0,1764006458,1764112204,1535109519,1535109519,0,'#FFFFDC00','#FFFFFFFF',NULL);
CREATE TABLE IF NOT EXISTS "LeagueSettings" (
    "Id" INTEGER NOT NULL CONSTRAINT "PK_LeagueSettings" PRIMARY KEY AUTOINCREMENT,
    "CreatedAt" INTEGER NOT NULL,
    "UpdatedAt" INTEGER NOT NULL,
    "UserCreated" INTEGER NOT NULL,
    "UserUpdated" INTEGER NOT NULL,
    "Name" TEXT NULL,
    "Type" TEXT NULL,
    "Value" TEXT NULL
);
INSERT INTO LeagueSettings VALUES(1,1764005352,0,1535109519,0,'LeagueName','String','F1TOTAL ');
INSERT INTO LeagueSettings VALUES(2,1764005353,0,1535109519,0,'IsVersion096DatabaseChangesApplied','Boolean','True');
INSERT INTO LeagueSettings VALUES(3,1764005353,0,1535109519,0,'LeagueId','String','3aea5ec4-95d3-4ac2-a1be-c12e203bd78b');
INSERT INTO LeagueSettings VALUES(4,1764193993,0,1535109519,0,'LeagueLogo','Byte[]','iVBORw0KGgoAAAANSUhEUgAAAQcAAAD6CAYAAACs0ILUAAAABGdBTUEAALGPC/xhBQAAAAlwSFlzAAASdAAAEnQB3mYfeAAAnSFJREFUeJzsvemPJEl2J/bM3SPyvs/KrLPv7ulhD2fI4eyIqxV2FwKBFSFCkMQFJUACJEF/kL4IC33TJ33TBy0gSoSkBXcXJHeHc/bdXd11ZeV9nxHhbrJ32OEeHkee1V3przsrIyM8zM3d7T175+8lI0MzGr5XZKarNDQap9BqnZnX/Fbutz2OSMH3lZTin9eZ4mgAaskQtD8nXXhPg9YZNNMTyLLmuc+jIIJabRgiVQO/NjpTKz0zP6d9Hfu6UgLfaSouEHk3S80CSf0bqvD7Fj/Q7xcZlo3ikvd16d8aMvPss4udSUX0Y8/bfg67eDT/pzO47evoOy4ckNoFRKbNMsFF8prvqq87KfzPMawlXXjtHzIKBhQQFzqXikl76DST3Lk1CocUbjt9h4WD7vCehjRtAVTawfeeImRYhZpDmZRvNzMyYtjzP3cUClGUsI2m2z8t/k0aygWF0OtESelzEYGtQsF947zonQhuGoq1BlYtK+HwvSZ0HcWRLK/QaRQcELyHan520d1ciYaiy8zU4iJHrbQlZkXx89tFCTn12kiX896N3KO8E6r4Hqp7WaXyvUK63CJwIj9SwW6uoJv2oGRTAGLY/s9vz4Xnich86XYeL4y0nIemplWph+I2bE5Jo3kCbRfa13X3+5AuchOLj6MYkii8VdGNkKZN43JM4cV9Qv/qTBc+CTYEpWWfyowp2eRN4RzLTtMQ5Nngt7R2Y+Y3Hu3+1roFqWgO9lLbXJe5Oby+CzBRJCnxZUnoT9n3OzFrv3TeBaU7/F2Y4+v7XL6TRLvvFcVW46huflBA2B3dUkHNV8LU5rWPbBTXYgnZJRJFEMc1iVaI5uDWdfh9Ta9aRjAoMkPKoighWWHy+moQidZK7pf15Abqlf0T6VKLouLi7ztpGyEK3ys5rsyiLzsG8w3SNEX3Mu/ssuza2d4coZvQbJ2eW1FEvo2NQMkidDC2wPqv8jMTs4G0igxarRMSEPYQpTqIIuW/rV7TZJSkltQhiq3HOC/B8S9U5RqNM/Cq1/fhRnwf5vj9IdxFR4YmYXhwAhKz45sFg/7/kg2D14jTK50/Ib9ucBePVd1tSLrwr92atDEBlGHaNGuanwa/m+k2DlVFjg3+RA0limogbExmhraMTSaHHY9UFGjpM/Jt0DzY6SDXgqdPaYIoJFNjfmRGaJ01DuH4dI/MnteNEhQMqHblnULWrjcPppnm36voFpAimxvVePz91oMfw08+/DMYHb4D9WSM1W6QPZfUbzENtLfd7TiO8ULSBcaj93ibLuREsrhBB6Go78qljQYCx1kK2n3Pz0CxuBLHIh8bmhfB+UKfhPssM6YJO0M1zdfO22yazR3YPXoCf/vL/x2ernxKc3udzIwEY81OlLY5JrVkIn5fNIaKroa0LPTMaAwz8NG7fwofvvWnRgRMkCORmFXZcDKGCK8nXabMs8W+g07TDk1hLyLO6yELBjQ/qcT08XqRVzBnAv0YYLSMXdjc/x38+uO/csINhcPrYmYkShUdQkh8K7Os3c6s6HUnTgJC5yM+/6X5D+Dh8j+ASM+YBTGCbkFgRkGmEa1Sx+U+xRIfd08KuFgXuVpxNLMno7crKhckGSgTjUKEQ5Ypo1GfQaoS2Nxch82dlddOMCB1EPkcRkKtgXcJqOg2ERvctEMuzb4HMxNvGAZBX0OYSBQJwwD4BSLcbKMBzqSQ40mo9NhsVI+/o/I8BfE+FCKt3cRCOE5ZwpOdt3glwfpPxD9n3kvTBqysfgGHRztsvmh7bDe6iMTsRddjyiQdw0hoUugqTfn2kZgUhmEGk3GYm34XaskEnJ02jSqNayKTMF8QXraptDoSc8OaHHY9xT63QF02ga08/qEd80IPvhOG1xKdU3aedt4iyMhUwo2xBc6kEAGXkTPyGE4bG/Bk5deUF5Ekg6RlR5H1O7Q7YntT4EPpMoQfPszNuFhqeTcKNIf8wJSumlWZiLePNEUR8NlPjC/C7OQjSFuaBAJlC1ozVNsVDOAXdZjWruVvYFuAXkf8c5k1XMprwtx982GgDXBMzs9XBxqDozC7EvMtuDBrY+cr2N1fgSQepHwKfL9TPmV/dF5tggVbaswc0vLhaqmDWcE7RFaZFLeINDE++hmi2Cy2JsDU+DJMTiwb4SBJQVZtdqvQ7rSdFomLGQL5KCgFunbZaZacJuvyYckAVqjlInQyhuPtwHyiP8M8INypD+Dxs1/AwdE2pWej1uA1qn5MiytkLJ2P0FwVFYSDn3B2DWpKRd9lChYrJQ9FMD/9JowOz5lPYjI1cE2otkUdqPNuHMxRUOzIox2dfys7+LXNvxvDBRpNjvEDjAcXirVahBUM4djmHpjPDk7WYXXjC8rBoFSAc/H6VQkGym++tlqjwOdQiDBnWRcBd5UPuFJNvitkve2oMQ4NTsDdOz8wT6dGf2OmITI5MobW4W6LDOR9EOyPiySsKCq7ePspqck6K6904jio1UiK+Yx8bkl3AtZgZN46FA7WHxIUd1kNQ3ENCDpoU/PdWqxhY+sxbO0+c7kg5zMninO8KHH+xTUKh3aiDDCbQlo2oYpeU7KmRQojwzMwM/mQVGUMa2KgIqPMQXb+scmeuuXAf2euohGToyifSAtTZrwjZ9BpXfVPqviHjsI/oG2NKtljRTPQ4nTlnAVGLUAG84EGP4YSx5+dPWZJZtkpvFz7DI6Od7liNLMhzGIMt9OsL7sh+vFx3r68/GqpTThw4loqYRmo6NZQGKc3JsXUIxgzJgUDsrADToEtZQ7tbzYZuHahQZmDXCCVmE1NoNlw8UaZPYs7H7S9Lnuvn8+1aAPyWoXMKZ+5rE4QzUc0gTSja4zI4arBh2jlutzpItKaVJTCwek6vNz8nEwKHINNJntlN7F5eiGYZdcXUWwTDniDEGmJpOsV+00q+u6Ssia3oThOYGnxBzA4OEU4CjFwfQPJBGd/s4efBIdqmjVzAMdnL+HodJPLnemYBFzaskQIUGDYRaWEiT3bgssT4F26fCf2iUaiwchvJd9X9of+Fiai9OdUIi51o+QMwOjwAgzWp82cEpfOHZwF2FzKRBhqqqVQURNW1j6F9e1veZ6atS3tvnPd5OfIZeXXl6RYIhwy8bwqKAfXuK4bcJkQUEWXJV7k/BsLrO7MvWts61FAv7RWdt+2zkfWHFBDaKW4e6awtv0x/O1v/jdY3fwY0lYTMmUdkMz4SVw3u7NgOLj3/fN2jk7Fu2ErbQSfa5JFNAdlTRieBwsBLwywyAoRrfPYlJryADL0N2SMeJ1Eg7A8/xH89KM/h8nxe+a6Y0kZL94XRbkLlN+AIRx1Bk9XfgX7h+tGiMZUWYraw9XWVJTtyu3ju4jiNVGSO6niKEXmvLZBPDv3u8P8e1ExsSP47YarNJVXRJLfYBbbzNR9mJ54IChIMTEfYTnQUgmdeMZ0gDNotvbhi2//Gn716b+ERmuPndlud9ckFGq1EbcDt0cW7FpDLQTLpk8N0xUQyoq8oQrvyzqKY4S6H2yPoBQcFSgI9o+24OH9j2B0ZNLMcchoBTUSDmhiMH4xOyIzW1th5raz98JoDp8RdD0KPBBfBrtfuzFGL+HRzSehC++HJsVNaQ7kZojMza0BP3hLxQd5XZQ5k6aimyNc1LghIHQbPv87s+/CFO6mGQoF5YBdefn7HRkzBeNEw+HhBrxY/y0000OuyYhUKBvMTl3jaIe29nyHHUA0F9YAeoGtFL4o11GrDTD8XLDxWItB2atAM8D8PT46aQThHOV1sMpgTRk2fQixWiIVgAlOqmUEw8ewsfMthXq1c2LqQpj2+tcvw+dfb5Jim1mBD4UfTFFaXSexStvCun1Elr7JU1fkvPdoUg4NTMLdxR8aW3wKslYktn9G/gZVyAPIsjPz/hnsHT6FzZ1vaCfj1GsdaIOKnHmZMB/hKbich6ISqSlKRjBtnXbEsk3UvmXOjaAwkWq6A2xA1eVviY8AtYPZ6QdGQ7pvpjUAmC7NlgHPP1Ie44SuPcrgpLEHT1/+EnYPXpC/xEUpXE1Fv0Ihv7C50jTEuSw7Pj+2ztJr9Tcgdam1Lap+10m8MLNW5qMklfJwI8RaQyb+g5axvxdheeF9cfBLPQEtgyD9OVgbqREQK+tfwd7BqrO9WbsQDcCMEVO4MArOGJ7fvie+fm2jGqEJEmgbPVxgmfUtdCQ+z/jIAjy895GZ8wi0mgwlR/kKdDoO19rGNli7gLv0/tEaPF/71AigY9E+MuenuFQxpjlfjD4ZNIdKL7KdKIQJNyIcvgtbtPLOFbcWqnDJ9ZLdTsF5+5fm3oepiXtA7EnhPfbEo2qtgtoIywzoG1jbfAxnjWMeUYeJTjhoHPgauswDdFDPEzrCr05VZ40gIof7/MwbcG/xQ3MqnB+b0YpCsnbNMWw+Ar2g0FRRA9Y3v4Lt3WfelFA26nLJibnQadeDgqu4vsSnkK4BpaNXAkj58VnY4q6Kod4QKfe4cPer10bg/tIfGNNiFhD1jDUBtr35MA8MhEIAvfiHh1uwvvVYYv6x+P58RCLq2LSmnXwzmet49t7xgHNaXvgAxkYXIUvx/VhQsNvVEtQaMLdB6xN48vI3cHC0KYliNsR5NfO1kZx+iEyK7HspHM5DflfINxIJP6voOsk56Mxin51+SM5ItL+JAawNrq0x4HfKjODTMtjaeWJ+nvJY2iYD+fyF9nZ35bOw378+O9r6VTQMDkzAnfn3oJ6MGBMh7KHJ8G8874R9IxGmjmewvv0EVjc+hZYxo2JxlrLBc3nBwB25YvdXp/nbGXKm6vXzx3egHR6rSWmY6VUpDjdAPlUak55arZRyG6Yn36AS7Tg2n6VsSrDzLZJ4v9jiCpmoZVTtx3B4vEVahsuPsSSOv37ncz3Ffhx9sJiYuM5mJu7C4szbdE2kGTn3BqdHA5lTTSrD1rpBeRwvNz6Dl+tfSpQi847XKyAVxedAkLJRihsTDuVBy4tTPrDT61BU6arGpe10fYhjeZcgagaYGzA/+yaMDE1TCJMznzjjyNYkWDATFAyR2U1Pz/aoMrHZwpi/7KbueAWx8zf09jBfT2jOazo2NRzndHfxA5iauE8JXigYuUEvfp7yD3CCEed9NKHZ3Kd06cOTDXM8V6fagqurMSnOYXrpm/E3ICWYcOJO3O+3eroQ/AF4g/EBdFQvtfU3nKcm/3bQpb3g7SMCPxte1HYHxMU2ProAy/PvI0ubv33SkM2BYObSYrrzbrq29TW8WPucNQvB/tBhAl2uBqPTXMQZ6UJzV6k2WnMlKCgzwu/h8o+hVhsmnIokiuxVyg0X04K0hxY5JHf3XsCzl78FrOjUWrI8C+v8ouRNiv6igzcRwrSUNFyvzHMwpTtU9ThAycWPdFzk9CjSSmtoJ+VTha+KX4Tp2clohQ/6G1owNjJnNIc3KMNQi3qfU52VFmch/iBM2pnRGj6D3cMV2UW1z6JUnFkZB70w/XXYtWGxEkD8ohLC7MtHUbyukvcCbcH9Nhrq/MybcH/pI6NBDJpjauSQzEdTrFRUrMmoljEnvqBIBZ1KW9PpKk2K/kwvH6W4mQ20zazoi9xC7fE9zWpbVAoKehNOqO8rSUquBp/rf1XrQdvxgwVumGN26iEM1KbI3wA5e9qGJoPQorHND4834Zvnv4DT0z0WHDrAedA+w5E7ogc1C7rAhBLCdL0wr/Q67Skz2aRqcP/ORzA+codqKbDGIk0lSqBCE0HCu+a/ZtqA5y8/gaOTPRaClFfdKzTbL3E0R/Up+W8aujFpz83upQ30SzyO76bVYdS24pEqA8r2dYwiCHZ4oNvSVYnoHTH2tze0ww2ToDMyjgaNfZ0albtGqdEckLSJPrYrdsswSBM2tr+B1c0vOHtQ8iGcDDHHJkmd7fmgkW1xIqxk+ExDZL6yI/u9tOKx7kxUNalhYnQRHiz92Mxr1AhBY+5GIhToC6ncFBtSVHSt+wcrsLL+O0r2otCum/nliTI1o7KYQPlT1jeQ+BRSycyuiDE1S8XOOfJsvxJqrr7dwqBIdnfATSpS4VLMt29jx1mfMiHkGCsYgAuQZsYfUIViLR6DFMOYVKosHa1JfYnt42LkZSMczs6OjSBBh1FEYU2qzXDhNmk8o31lprZFewUphf9Suzus5CysvdCiKq4Qt3ejIA2h3oLv0N1SLLwSGIS37/1HRgj+0Cg6g+a+DkgWqLnOqMXXi9cJNVq32H4vilvwfO2XsLb1FZlIGeV2hHUbF9sw+Xko0mQ6p0yHxIVdNw3d6GHiup1T9fF5yRuoNUQdbUi26bK0eMG3W1DgIpyZXobpybswMjhlGHaQd1S8j5GUJeOyF7WCQo0FM565X4HPvOMHiCpxJkA+uNBaaQaJGoY37v0M7s7/PqnaXJEY2tXK7VZW08CMQrTdf/ajv4Ct3cfmkzMq2nIhNtJGao5plZRWayh6WDVJN2yUS44269CUZCUFtiGeHVYg6EHaV1Co1AgzSc9W2iYlAdV4sS4TE37D6MAivPngZ8akWKIoRRTOQ2pHsowb71qUq9PGLjwzJkWz1YB6bZQxNF2K+MU1XL6rtgGvKvm07Es3F6WwlJQLv4Ji1uOYsL2gvXAkmzHX/n32Cmfp9dajf5/I1jgszL4J//Ef/49wZ/4DwlNQUPfalzC73Y3B9ZaUbd3ZHu4I0fLtBhAkz2ipqYABs/DHzcKvQfMsg3o9Ig+99wNp9+PAYIwZMjXxAH760ZyE/5hxs5T7JyiHUB30qbTCKiosBgfBFtwLWyGJsHOyuOyVes+A/dfeBxYOXGjFeJUaz5XhZwnERggSg6eKNB1wY4gAzLRchyYsiVodYGP3OTkjycwDcHke6kIZvKH+VyRVeN3OcJkuJglePyW1ZKDk7U6WX7+f825B3mrd4SZqUZ9t6MsZrEXV83UnCSlGGIOvwdv3/xG8de+fQmJUfAWD1HotovJ5QV1yzV5JyYeczyjX0Tr0yDn3b+7vBHd78/VWQ1HhEfdjEAQwe+9FfaZmsuIoZYyHASO8EtIQkDgHQptr0OJ9t+XdosW48Qr97IpTdo+8vDtW+2Zmt6NIxKaSsVLKboSI50Yp0umgyNCmSzpylZhSE4K7M0ZiUt0wWsPvYGP7WxZ8uQSvi6zLi65lvu+vAg0+qdeGbuhUeWnrQ5j6dsiAjhQ2rZ2FB0t/YJhuijSGOB6GZsp2rtuRpeyZvxk2kelGEseX18Svdi+OMqfKJwkn/7TMc0mSWBiHoxP0ylZMqkSEQZ2YEp8jCjHOZ7EVjda5UXi4utDbwR3nbkfwefvCiDqsFV8NGpEfhMFvWcCg2IiTBDx2pJSOu1unSTujnh3mM4Qz2T96Cd+u/BIazRPBiYQgweu6KX+R+hWYFEjJ9XJmZ38zLq72sIwu+fv1lRxhuXQmab1zM/d5B0szSjZCZiL8RtQaiDctQkEoHM5zj8Rv4L6DNnZGCT+oMkSKw5wh49jnYm1k/iwmPMhMohGRqP8ZeJRnP69Qje93riWCBcDjMkCoH4kZYgWPO72FvgNKD7dyKEnClnXSsAe4XLvVakBcb8LuwTNY2/wKtzAAlxdy0/4wPt91Ikx3oxuqrSiaIa9GTfpukV3lvvR3euoujI1O0q5nAVPi2oBAeYYIWaFP4Tz3kN2Z1vzQdscmoeCFTfdEJBsHCAWFTyTy0ZTMmUHKtqpz+JPtAq2oVxJF+eqFMoPTikmVExCSW0Hvech5JRD2bGbYeXhfCmoIWJ6dtY5gdf1T2D9c47L1V7ZJsaboM0dvll5R4ZV2vf18gs1tExR+98KHP1AbhcW5t2BwYIyKnmj3Ju2qIZxTtMEDBneMwO+Xwb9r+ze9iMDGPawTk6osc7p9mWofPqfwc80p17k+k9JUV4nDMUCStgxdxvh+5nitae7T/ArJzyVz87GgNMoLDPode0vGDuH8N+DKsNGc2jvZhCcvfguNxpEz+V6NcJAQ5iuqO7pm4VDmwPGgHqqwHG6fgOBFifdjdGSG03pjdEIy3iLvxrZzdbjrQvA339s81nI72aAiZzPa7/v7H0mik59TcZ+22goLIhXpgOFl/GKOvLbt6jGSIKCzOoCmzx8so1s6nxqtrECy90Tl15bvwq3cXLk5j60xYQGWJBHs7r+A1c2vnfb2Kk1bLZD6r4IKwuGqmLN4M/MWYpqJqqQ6fe82RCuUlBEryi5cnHsEs1P3IW1gfkAs6b2JJDlxMZCzrYmEgZ1zMlR+S2x1BVDw+uU/d29ZjUYEUo45GB0anF8hhbBlHM8pcnMiQRA2R9L2RJ3WWfH9pMOxxY3ECsqQskBAhD0vga9BTAzrdMXlmFF15glsbD6Bg8OtIEpxVenS5yFvft+8r4MpuZ6L9mO6x8i90YDzG7q1RLt92gN6+RGZaHhghtRzDGnSpkUIRWx+cequhY+3CEuSjyA7duTwDCN3r712EPldX1klvZOwCEwGa/ZJ0RYJLjFBOH8iBZAyZyu8eBe2Go8lWQl9y3vby7LsC2HvS6tx2PnKOgOVE4ikL6jYmRFatBjr3MQwLF7H4ek6rKx/Bk0Lje/GyG9wuWu60k0sb9pp/ep8c0mrdQbXTvYGa9kDs1avg28B+YpBzIRcnHkParVxSJuWsTnjUClJBgL2WGuoUZSAFc0WpfhCIBSodklb+xq/a3sbRPw++M3bCoq8Cl6mtWmwXGR9HJndzRS42gUrHPiTTmZBv89XuXOGX+u6i+oC82qANma279Gxfm9Ms1MjpQ9h7/gbeEG1FKfO5ANb2Rl4ZQonLrm+8zC01/ecqFGv1qRAShrN08JbVykJQ2mrCu/Z17eROCU5EoyBmakHsDD7lgdZiawNHSwMu5gBNY2MMuYAk3kixl2kyAAu35iLeZgHGMCEG9xC/4/Wq3v5t4MCDc6NAPC12Lkvtj/aojuiffSSccrXh2WldpbMj2o1i7BozX8SOw2Dir+gYe72ETx98UvY2PoaWq2Tnqv3eiicf5ipevPU1vGK6SqZtkx1LVlMt4joqoWxcHean3kEoyPzgNZW7Kr0gntEKjqmAOMObRZxdgQ7B89gd/8JnDb2qPsSCgCLdMS1BgkxRRTZ5izAFZQQ9GWSfAftwps2NVh2LbZtJHehRUlCrJaz6WBjD1yR6etorFxRwc6tRVOxWiR1te6mBNC5U/FxgHNd2J4TFifC+xqsGZU/pxVkyuU8aNF6FCdLEaWQGUG7s/st/PKT/xNOGvvBLFTwO/9kXndK8k/oVan0t8WUYAqbyAzWRmF5/j1CKEqbDJHOnOvNAUpUAsR5bEJSx5Zsj+H//Zv/Bb558XfQaO4xOK/LURAmt2FKGisSf4HLi4SiP8HVALm0bMtc3NSmCGmqrKmBr425ksSDJNh02C7RXW/mGBXXG1VhkkDL3ZTSOyUzdH9j0RcWo4EKAVm9UHDDiFmVpg3IEEob31KB0BAJLZY9PYum0aKxNBvCe1SYwW2i7wDA7G288R62bHzsDiwv/sDcBXRCShMZG5tX4qnWiUCXY4PZY3i29u/hiyf/DxyerDFqUynMVqBE6/L3O3JnaOtDIDPahmHGxNLjejIEXOodDh0q+44NDROeSNan3ZPbNUiboJVDwjK/k3gAWskZtEcn2q8f7fVG81iyP4uX3n7PlLI1GrdFN+hO3wHhcNvIw5aherw0/w5Mji4bholoB+bSZw1FTz/ubEms4Lh1AN88+zs4Ot3gNGsAMQ0yUDlm969zgNBdsDzDl+Fhtn9l4TLcC+po1QUkVYVf0NZHYj8r351V+Jb7rQhWrfeGUjCN/Mm6Eoct+zjwllAlHF4ZYcLNINy780MYHJgmZKIksihEok4LFiM6GTHnP6kh4vMWgY8gxkASJ3IcQD47sTMxkG8Ht1qwS4d+sO6w6SH8fHHc9vNcpvSYMRD6EQ58Iak+XxfqV5PP8N2lSjjcOPkQ5vDAOEUpBuoT0Dhh00HbnRWA4dMAKJ0aoEmlxGubX8L+4TpjCwQAqnbsXoT5Era/Y+nx4jD0TgjoysyEddC1IUve13+Zmhpq8tzVhAq9E9kFukJVgiGkcwqH6w/kvN7Ezj6bxz878whmpu4TAEmSDHAoEwuFIo674d9kpUcMZZbpI1jZ+AwOjraAi7CLpkRvIoBUo6EkWG4dYBhqB83O4CgocNA5h76Bbrtv3JeaL+fWlwvNuca+beuwxGeB7Q4qIKFLUZ/CoRiGrATERYh8BBmr6bgLLs+/Q/0i0lSTSZEinkCinJPOmguttAnYgemksQkrax8bk+JEkJCtM7KPHQ+Z3hy2tPgePLz3ExgdnIWB2qQ57xB9hq3rMUKC4ciBgTGyK/aPnsPLzY/h4y//msyakkEdSlJ3EpfkJZDGGWquV8s4fz6ty8FiKuqf+tccKplwafJ9FDIYHZ6FO0Y41BDQBTfnyMKUgZgJjBvJPSsbBN+2sb8GW9jlGQDO3T/BHD88NA0//8l/AR++/SeG1SaoVyRmW/JmzN2tMa+AVHcjKE6NMPr3Hyv45Mt/DVbryTk6+/YB0ATY33BBhmUHbq9Scm9eZVUHtUtTn8LBZbRAJSEuSrbQioFdpsbvwNL8B2bBDwJDu2tqtYb9G1TMiU8EB29ea8QYUKewvv0V7B2ugoAv9HdOl4mpYWriLtxd+AnU4wVoNerQTOucHGRMFjblGXq9iecjBktgc2uN2t2xKQQ5gaSiEEBYlZ7fRQ4u2TYe0af6bXiTvSLkpNeNKofkKyBc5Auzb8DE2B3KbajV6tBqpkGdg8Cx4T+EL6mpL+WzlY/N7wOwCFJ9eddF44vjOjy6+wdGKN0z7w0YMTBEDIewaJpMAynworRKRYLq9KgJWzsr5B9hp2juKiRK0YthJcPwUs2LVNAyrte5uB6hapR0eTqHcKg0hsuRNynqtRF4sPwRoT5j7wfu12jxGS2zc2clFALIqMeH27C6/jk1dmV4+P7OaWmgNgyPln8fButT0DxToq2A01C0dfRR9IEjGhvbT4wZ89xlEyrlx2RouHNYpZfxN6h+/Q02v+G2o4xdDVWaww2S3fHHRuZhYeZdIxTGCBKegU1l15Mwpk08IuFQywgFGX94F+bR+mEAW1k4OY69MN4wAxqtQdU5IiFAMgq7PClOk7ZhTpzO2taXcHi0yeXiOu90sv4Qe2WdnVK2IUsLLsqw1BypzaQoN3MZOanSGq6CRDicw7FV0bnJmQERN5pdmn3PqPcPDS/WOG2aiLMiXW0E7pRSgpymLXi++ikcnmzT+9QCXnVP8/XgtewrwHZ3U2P3zVjsz8gEcVpnXNFp8xvw7cyYGCfHm7Cy/gmcNQ/EKZoGZoyo+W1NWcoEhCJn58V9ACootCr7PH9OMimyyt9wFRSgT1dmw01QLRmCu0sfwsjgouGZOGC4lH4oFVozTBylJhtb/7S5B2sbX1AI02ZFWlW/03MLKyDrxqRYnn8fBuqT3O0psjFVCxYDrDWQQEkhRqi0nRfU0IVNgagtMqLO0QCWdvLLZEWKUO1njTKaU7XRXQVVZsUNkK/CTGFidAHuLf6eYfIRIxzqEgVoUdPczKIna4uFyI1ZtnafwubONzKWDXfiX93tb9QusKfE9MSc0Rw+YC0FtQWq+OQmMK5Zjat3wHAjNsp9DLsHzwOTwlPepMh94s7t/+aw4kUZVrlemCUaSe5c/LryN1wdVcLh2ikfwpydegDz0+9wfgG1b8sI7UkThLotbLBMhR2tT6nL8/b+C2FUm2vQiQFsxaeHvJ+ZeADTk49IWaD5WFMi0DwcfrX5zpnRVJ6t/hZOTg94RK0hjIx4H4BqO3fRzCBHZFfkrx53T/qE2hyRTufheb5a5KTXjSrhcGOEeQwDMDfzJgwOTEgH7fBzG760HaNSSkQ6OduEZy9/ZRh2H/qDSc/b5ohPeWfufWPGzBomjUUAcXhUrAkZzwuco+MdeLn2KXeabuuS3i3xqWiiXi6EqVy4VBUEg/2dn3dWhTCvlCrhcO3kQ5hDAyNwd+F9CitmrViWNcO48XH2eNYaMAfh6GQDVje+4oxIxwy9zijnNEJgqD4Jdxd/CPXaGGSpRVzmfpU8pmX0WPwOGnb3X8LO3gow0xVCmKpbzkGHKsyLpjETglXc6cP2q9aVv+EqqRION0LSC3N4GmYm7xutIZLEokzSoG0dQAweFh4XewO2957A3uEawLmXPTsmpsaXjElxj7QGbXtIuiNEKAijMRO3YHPnMRyf7Tp1Ph/CjKG/TEX2Y2SXiBwoUF3OVYhS0Lkubr5U1E6VcLhWsv6GiMx7tP0nxu6a14nsvuhnwIImKUzKAlwEIzAydQbPV39ntIetC4UwkbEX596FyYm7VNyFFZQaWoGDVBhdMzYlzqUFe/By8zPOxBS0qlwIk6IUnXIOCu9ml/EBsIbSX1EXXLris6J2qoTDNVLoNkS0pKW5t2F0eIZVecpKTKngio/iVGRiasE8ODndgRfG9seKyXbbv5x08GqgNgL3lz6EMXPO5qkSTUCiHZmtlLTRDzZj9nZXYHX9C06+siiy7nrCnbw722q4XKFV7/TsguOT+ntUwuEqqdDUpsp1uEoKgWTHR+bh7p33zIIfoAJIn1MYSWZiRN2tcHdPUaPIEEj2mVHxn8hg1o/Qy7iQaIUZE8OmSwvviUYiu79mv0EGkoGJ2kjEvoHECIfN7W8oZdpqHiG+IyM/W7SqMgre1/pSkQOKhgQaS69rJqj+iq6UKs3h2qgQwpx5BHeQUY3GgIlMaCZgDgJIdEJJG7k0E/9D1DTq/Rfc6TmK+mzLFrTYM5JmZuoeTBtTBs2YOI4lAuIUcf6G4rTtSBmDIz2hbk/Hp9tQVtzF+Q3dohSWWBu6TBpzZ99G+/mp92plUlw5VcLh2klTReTc9BswNrJAPR7AgsgCpzLz3sw9JDBVGmspDg9X4cmLv4ez5mHfpco+MqKhlgzC0vx7VGilU8Z5xE5jCGDrfQZKYOMyKhPfPViHpy9/Cy0MYTqTwic0Rap/1KfLhRVlXn1GZy6TgVlRZwpycSu6WgqAXYZm4NHyjykrMspqtI5RCCBWAzMfJxRFccSwbLoBO/tP4KXZxbm3gk0A6i9egcJhoD4Gi/PvmlEHqFmOSnTuc2vLkyMPmuavpjmnMWN2H3NClLbRDKZ8ZSRAKDSK101awyWwIr350v+5qhDm1VOlOVwb+UzF8dE7sDj7nmFAacaiwdnzmaRB07KXxrQpnMLqxudmJ38JfcPABWYMZiTOTNyDpbkfEAxcGlmU6pC52DnJZQtYGHUKT1Z+BfsHa7mMRJs6TVGKKMyK7Ox3sCC55ye+1siZFKHm0CEiUkUpro2SSmu4DvIMjQv9zix2tFqgJKRIkpOwoIpTp+X+2yawRsVvtPZhZeNTOD07BNsGvnsI0zMyiRnDxPeWfg8mRpeg1WLnHhdY2cgIaw34HfR7ZNAyGssxVX6eNg7JJ5IasyACLyTsf95BGP7OX7OvjLzAbq7BmVFa+47gbS1sUcAqrtuwtRv5+VV0Wao0h2shGybkisi7ix9x+rJmGHfCbyiJPHBZdwpbG08oK5KyJF3/yV6OSPmNWZEDE7A0/yHE0ShgXhCC1qIQYDR7z9TU3zLicTd2nsLm9hPZrBmvkZk0IwEXxzWKHrQ3oQkjFEocnt6BeV7C78RRDWx/Tz5DCdMribaA7dvp/ShdO3FX1DdVwuFayLe7w3DiwtzbZjceInRpp66DzYpkjYDCiYaBa/WIMhQ3tp+VFBx1Iw95PzV+12gr7wD2lYzimsscpD6WmiOEjAfJ/TBiIzxerH5mzvtUtAlEvFWU+8BXEzO7ZzYA6q+zTe1HSPu0yaFFXaZhdKdIrrl3ZiVnYCIydz4zUvV5vyrqRZVwuFLyfgbbfGV+5g2Ym3oguy4UbHnLNFI2rVI4OTuA1c3HcHyyQ5EFMilKyqZDYt+FoEkZhpyffgCTE/e5D4ZWkqItO6tLhFLEwKiSp80jWFn7wjDaqTTDDR2g2O6uThEXHz0oCgV/HZmgSVG38AswKRanJeZc7f6GsloKYw5RtCUAzNEgXbQr7eGyVAmHKyWr3vO+hsAuS/M/gMH6DNn+sWI/A9iiJ0GdZru6Zb7dpB6YK2ufUdQikehA/1qyDZu+A4O1KfJxxHEggDR37JapAmoNtSSC05NjODk9JrNHZ02H2uTqHtEHAU3SPIr8HmZkUig2a1BGZ68pd9QlMKVbB+fSzlppOyveI0TGLr7PGJuV9nBZqoTDlZN26v3k2Cw8XP6RYcBhWvS+4XsGtqMzQ8MD9aaIYg1biBW5860wT38hTJ+JqWF4aAKWF943QmHQaAIx51VYViSQl1iGUyKUMvKLvPvGH1NRVpqeQZzw+7YvRRwNsE1vfad2ZyYnp/hOpCISTQoKxwo2BbswrDMThWPEgdtIeU3EMX8CSWK0FPI3KNG2OC9EUsWMoPBMj2YYNtuhKlYjvDCJCxO4nq98BofHe1DR5agSDldKQYaiYaDJsQWziz8ChIBn8JWQySPvRDSLHD3vqcZCq09g/2Cdmc4hPveiwMcxfgemJ+9T4hOByGZKAFOCIqgc9mNs1PgxeO+Nfwxv3P0x5V7g8Rz5EMES4DdqUd190lFGc+fPtXyu7e2Q6AOfj5kbNQMFLGv8cXxrpO+mFsGhWCg4GULf8/Mm30SL61MwFAvREWzvfwV/+f/9Czh8+isX6aka5F6MKuFwTYQ9KOen36KWc9iTgqITin0RmWbvupawHeYZYNTg5HQXVjY+hkbrxKU1K+hehWm983x8BLPTD2F4cIbUcmrMC9rv9K48W4mz0PxK8btDMJgMGlNkjo7jWoxioZd2v8N6CxeZyE8pECbB93MZl2V+AQX5+RWOCU9i8yBqAodnBCtEhzBUOzDahJaS+KQ4nYrOQZVwuCZCf8Py4ofUQZvCiTHu7E1e1CIUuLQaKLchM7b6+tZXsLb5Ne3wVLkZhAV7kzYaQA2W5t+GwfoYWFBYqwGQBpErZNL+tbaOSy27dXmatMoxt7xXNr8ArCo3CuYjqFb5gc5msTkYbd92h2npPg5irkTowGwNUlhzd2+XkKw8cM557mFFIVXC4UrJp0yPjczC4twbFLMHi5yUW6haTA2sazC2vlGLV7c+h72DVdEmfMSjr3OasUZGp2B26g2q/CR1OrIIU+KMRPBaELQkSYgiLUBb/MiYE5+cP8Gfg6MD9nVf0yohG74tahEiYrTNv1AScSiMR8qU9XEEmoy59pYxL2qDACtreA/XSXPLY1FUdF6qhMOVUb4Kc376EUxN3INms2neqzv/gTXfScmPY0GBahnhYOzl3W/h9Gzf+Q98u/lOZ+TKSSzzbmHlpznn/NRb5iuJa5KjlJgVjtFTseMzP7ZNItKpP1sUnjd8XUxVDv0XvSg0E/yYnMTELkerybBctJqFyikYtgM5p05rirDgPTxtbMPa1hfm9zHUajVwmkMXCP+KOlMlHK6IQrsWd63Fubc5KzK1XnnbyUocZNQ4N4FWiiHMFA6P12B140tpHlNILColLZKGGR81lDuz78Lo0BIhPEVmbPQnZJCKUNKS1IRjpnnhYK+gLZXA2gbdEpmUmAK69KOcFUMv2n0ZFhXbRjRcHoiSOGbbxDIWM+Ls1KpptIYU1ozWgMVqVC/iundVguGi1EE4eHWvN3VYMLeMbDgRd/yx4Vm4YztoY/KQ85rzoo1U7KDj0b+ACEwbO4+NWfGV2+lsW7rOloV1RHLYdGx4AR4u/xSSeNzwVI2a12hKjGKHpwdftRGQXs9IBSdX7Z+F76kuDGg/s6YNCYe89kDC0AkBJeHXbijbSr5nx0aN5whWNj6B7f3nLrMUKqFwKeogHAoOK6KL2m2Bangl9F186EFFpNmdJ8eXYHnhB+ZvIxygBpyNLNEB+Qa1ndOMwpQiyMoaxuZ3gEOc/djKnIIdiXDA8OXdxR9BEo0aNTsxY4q/IZLELLtz58quw2er298P9wi67UGthIQeuVNXn2uDhk1ZEARhXaspZdIf1Dam4TZ9Th/zEQxXQMY+DGOdwUlzF16sfgKNxonz+0AlHC5FXcyK8MbqPt6Hwvuddp2L0mWEQqfvdrqui1NMJsU7MDwwa3ZvbmWPWoKrwgxs6LRlpEaUwtHJJjxb+R20Wmd9Y0W66Ss+572FD2Fi9I5EJRD5KQX226H2UBPHowKbxk27uCRY6Zz+HzoMi2R3eAg+D6s9VfHowgrJIES/5gnaHh0M8MI8b4VHmh/JonQHA/M9RSyK5/By4zM2nS5Q8FVROyXtoeYy2zJyHu1wr3EVeh35rpvWURbj7kBWDdb54/wc+JVd5s4TXsy71aEJHB57WfKOr3ptFB4u/REMDcyRzQ9xgysaUZ1GxjWaBKrNtOPrhpniGWzvPaWiJ7uD95/4BALsMgzLd96FgcEhOD08k5TpVPyZmgSGFoGktEQGgrLodsoKj6foPJDfOeuz0yIIv8ONetqORQ0qZn8DajYk4IAxJHl+0lRYST9RNNPSmBy96PzNolN4sfYb2N59DlJ6Clf0YG81JbxwhbkcFp/KLQ5CAYqUy1m39jBCj2fFFmSyUBAYhGHFejjV8l9s+4wr9DI3D/bCd37wdA2YWJA7xMbDWRYq+edqsQeZCSbGFqmjdRwNQaPVIEh4lTuGHXjUHAa1CmgRwvT+0UbBVu6lqvusyMmJeViYu2PeO4baYF1CoBlHHOj5yHPQUnMgTszONRsXMSF7MKMTJPb6rJmV0UTwXqQtjtBwlmQ4P3vflOxTGpRFpjbjNVqHlFl6dLonCVFpz2K1inpTgruOjaljEUuj6QtZ8AFgYg2F3KJIcuTDh8ahpFbaoBx3ehjiQa7XBnjHPLcUz3vhcdxGo8GTTWpQq9XLlQ45DarqZ00bTw+GNAuuXh/MaTupGfuMrvfii8j3ieC+EncXP4DpiWWaN1YzZtIvIi9tLfhqC87SPVhZ+wROz46c49ICu/SjQeBtwnqIJyu/hpOThrlHw+acTSqAyjBlOmXzgtyRGTfR0TnB773+liJCjooCPAX+1+YXIEPbMagKUwfZG+LgoOJup/qLRkT+FMzcNM8xqdHJbd0Fmj6Y2Tk59hDq8ZT5fKBEeClX9WqduWhqYHeu9c2nZFJogZer5MLlKaFFQJ2XgW46WOQfZKbaIC+UwD+Zv+ccb67XhugBN7BCTvAJSbKXhqF6UWA+2Di2+S8mwBFetG0UOL+VZCAWLZo4ss1YrLNNQmi5HIDzkw5e1WsjsDz/oTEppqgoKEkSKUGwzjOb3MTZkipqwdbuE3i5+RWEre4tq/UTrcAdcnPnBfzlv/oX1IOTm98wxoGWkB9eaEYMrf1uGigovtSCmTWJBzl5q039B3kemTweO1bOvgAWBzr3vWDa9BwiQbK2peQoHLCS9Ecf/Kfwsx/952bpjJnvDea/SGPxpEmAKuytkcHaxmPY2PlGNC+LrlVJh8sS1d8xP9mFo0gg1MzOH6m4cI+LWoCohhizx2q6jME3IkISKjokL/CwSGB5rzszfufxmLHsOQN1wi3CKPjuVSEG2YhBChOTd2AJQ5hRHGgBA+aYBguFcNZkP5/B5vZj2vmi6OLzwe+dNg7g5Gzf+WHahUpo+3cm/G6SnJX0pygKgG6DqO6nks9cyJZ6ZyRwcLhumPxT86xRmxuCNqkiP7guWXtpQTPbh9XNzyVluh9IvYr6pUQTBp+oi+JvQHMgUmHdP5JH52GJb1VlfmC0GyBTpE0WNhJX984/Ztw8vDmrI1YVzfvNedFQUhAweIiC7l5oz1wF77lWAo4aHFvc3S5EkmsQMTPMjN+HmamHHD7MGGSVF6pV37VoXymVZ6Ot/HLjSzhrHPFYUmh1UZuffDLu27r0mF5EWNRGAzR6IFwN9RBGEnbEdZEkQzA9vmi+UQfbqo9MBw1BUhOQIKW1qFqwd/gSXqx9LJB6tgy9EgxXQcnp2bG8ZCZF1T2Jw12D1chms0Fw6my/R6RZxIWwm4tXG5X6NDsurE/2RtfrA4wS5BxSmsyRLC10LBLnBmMfcMafJ009GHCXoAYxUWBK6MCdp7wTLq9qijPyEk1e86TJjl6YfYf7RIigxeQmnWYiFKUaU7FwSOIMTo62YGWdW93b/MDLqcNW4F3WU69vjMFYXvL9GqpNUuOfWjwOzYbRXo1Z1pLkMa9tZBLRMM9fHcPGFkLqfSMOZoAqSnF1lNiEE3tT0fkIzjYXp2ATEXcaYpZy9CBKY2HykLwG0La2SKhoX47v7OqMhElb67TgQcdJ2P1IhBUJFFRHhyGWSr729SxajQUNCd6m3oq54qK2k0PvheZBVobqY9LqHh2CmUtfto5Ri2xkhQOG5HDXw5Z39qquZmF//5jDFnvNTt83wuFt9DABRnSs49FiO1B/T8X3FKs7EcNhfftLOD7dkTGqxKerpMRvs8S9rPYHm6wmwNCWEwyWIVTZQ+hhM3PsOv89tii6hROVFCipYE4ZeMeTP67TuiiDDWMT6rK7IztfcVGOj87D/MwjcuahlqVsConSgiBtPfyoUaRmRzwmUNeDo224vSSmlKBi3Vv6AIYHJknoUwqOpIeHR7MG2aKCtUZzD1Y3PjVm2bE0IIZSVO+KLka5jlfKwpGHjmZhRE/Ke7hzxCXI3Ui1QZtr6NUABf0Y5ByzmoQSTUMQfgquR/+Pmwp79EOBh7+7z7X37hOCuuLtuTP/PkyOL1MCD5oYnJoR1gjIa0VgaiQcVje/pFb3OL80s7H527T7iS+K4O3G4e7CB8akGDO3iGtSuB7F+sLYhEVB0sBKV2OWrZv7t7L6hZgU/TYarqhfykHlRKK+hYtTu1p/6+RDioThlNMW6FO3sMudYZQaXCJ82qRNEB+nEKQKQpDAmoxvYhLKAXkVFgLpdq3BXtdVEcbkl42tjP0iMrqPA9yXUjSGLIskgQu1jBb5OvYPNmB79xmbGOp1Ko7t5giVKFEgFPD5Ns3znJt6CAsz75GZmDZq5hmjE1qS7ewIsjY5ee0Unq9/DDv7K66+pEp8ulrKrUpKdHJ/8U2mUGIhF8CCf+bMCMwb6AoJrtq0Eqs5dNop8aFHBedoJlmZPIe8b8APbYUWC4Yo18aNRiloQ+cnD+qKJsUC3Jl7mwRR2soImQih1jCPQQOG5WokIBiARJPv5eX6FwQki+STes7jd7hEiLjnmEXSPY9RPT7nUTyitL1eHBkFBIaAJ8fuQbNh7pntmyFDRcBAuTZbtlaLYe9kBZ6t/hoarWNfj1LJhSulvHBwWkPeq29fy1EdbXibHFNOxe/YiEGJtkF/MlNHUd6RmBnmQ8dUfjfJM1WYgexMmcDBefn+inlgF9z1lhbeEYdjLLJU4M6ilAWFmBWIzKz1CWxsfwUHR5syRlaq3XQjO//LQ7DrQMaXc1dOqeuwM/fLl+G5bCr3yNA0PLz7IxiojwAYjYHTvhXhalqsB/aNy9ozsmB96zE8f/mxm1NlUlw9Sa4p/sMt0FwCi3zgQDcCsrZ+SNTrIEQdDkmDxKALAiU3ft4UQIpcboPy4xhmwjCqXSiR6pD7IE5WZUME/s0gUxDfv4yNrylFennxHbPAp8j3gM5T3bKL1QoJaTijcNdTRhXepHoKDGF2z4LsTJGkZJ8Hui2wAsH7mdS5zu+xIM6bRxFI7PBd86yxlyhGeiCruedNfTApXI0+J+3qe5qY7p4ewqrRvA6Pt6psyGskpzlwynTRHxDusJ5xeTcPVXWrpjtnQfs66ahtlDxYxYU1rmtScAg5KCXcqkAXVPH2xdnuZOUag+AIOD95k2J4cMpoDR9AkgwakyKiWaXKN6yx56WGr2Zh1wcwhLkCq5Qy3W/ItJ0wqoR1MQhkSyjTLuIUwMIF2aS2Ga3NK3A1EqBz96b9SoP33Tk4wMRFUxlkue+HmohV7DiS5Ht1sIMW5z4+ugy/9+4/MybFfWCQF9sfQ/vv21WCtROImnWyAU9WfgON5omraamwIq+evFmhINilQ7MilBZ8IKcHQ7BrSSFRuEGHigBwVlub3pAVfRTyJWsORGG6dOEwJ1ZU+/cDyjsz5ajiNV1IcbD+hnmYmXxkxqnTLphJxmkceYHFfg/u0IQQ6mvbX5BJ4RGizjcBRJr6w4/+lOz0WjIGtRgBZZWYW0H+Bj0kuX6dSn8JYeCM+00wBmMgLJXOPUZ3m0St59a1rOxRd2vnkJZxA+FASpvEkzhXgQfCZ9JqZlA3wm1y/A7MmvsXq1HzzZqUa7PbEn0zVGKe8ZrE+1cfMJrXxrewtvkl2PVZaQ/XQ15zcP949Y92b7NLN1uZrDVF7dbiKM7tDii5bVl1qSIgqdVFweNMkdDZCayOU+ZjLl1aCn609oLJhUbLmMuaJu1mRz5+XvBX0E4aMkv7uDYtGne55cX3CaKt0cBrQfTmDCwOgQJfRYjFUFhQenS6DU9f/ArOmoducAXl9rKXGf6ceN1vPfw5/Pwn/w2MDS2bm8/dqLTgNPgeFXY8q2UBBGWSJecoOXnwkMW9G3y5xHbsKWUZ7IXSn7GUXZ4NLh1MVqWaCR2JliHXgs5n0YgUAvFmWJ79G9g9WGWtQVsAnYqumgoxtKJXWnMBFmVCcjJP5FKf/f6CMXpNue4lZ3BuiFD197Z/2+FSqx8n+XRp3A3R3uQQIYe4YikQK6ZGlzsj/XUl5jsJ1OWwPA4SFo41m2H/xTzJ5kcvyN+w8KERDvPmO0ZNlhRvKjrT+cxInHccN2B771uCT0d7mkO7fe55dE5FTWbvLX4EowN3oXkWU04F951gxyabZPgF60uJvfbQZejc9RVet2sS5f6D3sSCE+dH6eQtNmki2gjC5jxWOYwC7RRzG1pwcLoOL9Y+MRvWsTcXK83hWshxYEaZkKnUVdiHz2nHWHrMTFHAg1Scc4DYBW0UagPWnxEICE6uKn+gvrwawDI7aicthCAPnIlaek0GEsj90va8JQ7L0IkZiiwaq9XsugeGIczJ8UWqp4iiUaMWh+FIuU/Kl1UzInKTohTb+y+cT0J1YTLvrPTnHB2ag7mpt8ytHyIGQ7wNVtpinr/K3HfclWmLpAQ3RGWmnrb/O20lVpJq79xawbPUDDSL94kTzrD2pgFbe48JDg6klL8yKa6PgiQoZnSsyFQOPtz7ADLQ+bWF3mRzPO6yvi9CCVspa3G2eRxKhAMLnjgulAsbpuCir8AECSs57frQAGEHJo5U9H8ztORqlH+FwUpsnwjUBFAwTI8/IgDZKMLS7Cz4iZ32QrkZgL6IY7PrfU6l1cjYaR+JOx5MhrMoZybv0g8jTMUQgrdouS8MgiJgK2GXK7cLh1d1kyQbi7Z2A74XbALi02KsSCWZsZp9I+hLgWPyNWDTGnWJEveK+qOcWYEM2GicEtqSDWvmjQFWl5GBUDC0mg32GwS2cZkpqmKVV/1EE8iXWFsfAcOn0QLRVvG35eKWC4qLwu7U+cUeiQrbfnzgMQuiHZwc1alS0zrUQHwig7C08C6Mjy5SCA5IcKSFXdtDuSW12Ox6G8Ze/ozOQQ1lrV3djYLbFhtmwca8w0PTwFmqNRI8ZLqIX8EKS0XFSXQXwMKplYmCm7XWvQnnBEHZgrF9PMW5iRoR4mKepkdG83pMUYr+UboruijlohXkP0gbVA5LGJBOvbdqvGQo2opGa993IxEEKHTcechpnpZ+n0q4G2jzhw5DHTBtXsDwsYE1LOomiJ2fnXUQDKWkPaZkyXX5fhIZjIxMGdv/Q6hhq/uMd3gGIWm572sLzIw2trmc1c3HsLnz7FzZkP6cGgZqI7C0+DbU6yOgmyR1gavOFb0my40iCLZhPYgA9GZg7uJ0CWNeq7QQpzK9spWyZclobNJyCz+cM4Ywm3BwuAmrG4/NGm36Jrl5v2lFV0jtSf1KglWpqPKBO1tbtd0J/KIrq5w0mQXd/RL+WMZqaHODqWDh8qqnhdaScYtGCygBBGlbfJdZSV4TGB9Z5BAmVl1GTfE/Mnqy3RVtjB+nftY8oIy+k5NdGoPChz1CmLlohWF61Bjmpt42ZxmGTNXF2WmTmFpy2pSShqzwUaKSszMwE+dk+FO4N/S16+I2rwbxI9QBZ8tn7rHjC2PiImKWPsMtA3b2nxLCtNUG+9K8Krowda74cQsztOHb3ysc3GOsfg6wXrjQ5Og8WFl1qB8Hzkdd15mfE7W7m30PxkbmGemaOmIzBiToPJgsaTGRhrOzQ1jb+gqa6Sk3vwHo6oz05+TqU9QEpsaXYGJ0CdOHQIM4NElQWyeo1bK8E5Bf26pUK9UjLyS07VEpYyjtAx1lU7uAZqE6/aXzLxn9KzwS54OgsWi+npBJtk/5IRYG7maNottGPdrhdaOLPpiitlH2kAMP97nOd8FdpK/TiGlF6v0wPFj+IYwMTUCzZUOXJcfTWOhMbMHh8Qbs7L0Ey8D95j3ZiAU65+4uvk/mjK9HsT0vw4tQhR/7LgOyctgTcuaGV1AU5N64Ft4Ln204v3AKUrsSG6EAZ6SZHZ5sUlewZvNUYOLOnzxW0fmoSzu86yJ1js/PO49OwuYcp+xIQZ+IsUWYn37TLOAaORZslaoLphDjpaTSZ9QB+gxW1j+BvYM1OH9vCtY+RgYnYIkg1Eap8hMzMDkBKDSbfIYrf69FCViYrJk5xC9bP8NJaTmIvWty7BUMxNLP3R0RH0uaIZJ5i5oCYX7Dzt5TWN/61vUtCTuD2cS585OW/8udtWUzdZmeYMsBAg3N+rv6HatNuF2W79rXVZjFXH7+zjzzHQASuGpBdNXj+Wa1nG2ZwuLcuzA3/ZDCiZEgPqmc9iDYl/hjtIaz5j48XfkNHJ1sOQHTD/aAzZHAc89M3qfO3YgwpaKEdlbr02eyHawymiOmHmO5eAon5JdBWDXush1JdEN6aEIYEmSNRIfDFqns9gbJS+13z6fJSzcLaoUQjmczSZWAGscJRmGMUCD/SQaN9ATWt7+Ck9N96iimszC/QfVnApXKY2Zm9IelJMQ7XTIn/1H0K7KoZApsNE/LPbAObS4Ya0FnECNFCXTYh8VpceCjNHlpWX5XrYDK8bX1FwWOZtwUWulZIQqnqPVAktShtDxB6DsgHL7rZJlewEniAZiffQOGB2dl940E21AWPnDSDifvpdQe/uh0jRY3IyT303SFd3if5AN0zpmJNwAfGWZFphkEDGkFDdcjYLLVaXMXHj/7W2On/xZOG7uy+Fu53iTsb9Ck/Vh8cMwpwCzR9pCuzv0K7w8yTiyo4mGWCCNeNSBEkPaCRzvmUgJPSAIiTihkm5gxsQkRjon1KKvrj828+P7pqOTmqbYX+cnm7RZw5h3OsnMOOTExlgxExRod5f7xzlXAcDMQ4+GzRqHMPildGJWZEwV9PsQfvi65nLKLVmXX6N+KxPrMfyvifCYHMlSu21XCoQ/Soj3gIp8YuwP37vzQPNxBw1N1/jTwojHDZvI+w5ntHjyDzd1vwdrSvbP6/KLj/psjcHfxQ/N7AlpnEQHusr/BZhHa6AdqEylpK5tbX8K/+cX/SrDtWhraWBPFWRAlUQm8RgRQ4UpHe1zuZniXhQZinFoyCDajNchkoLGazRNq+cfX0vFS8zyguWITxw531v5yGvr1olq9y2o2xU8VbQRJjMlt+Rqf/Jhl27zt6hWRjyTTBa2krULZfle3v3UhCp+BbrvxTkvrOD7PrRIOPSjMUMRdd276PiwZswL9DdiwBuPv3o/HHIPZexkxqflXn8DL9S9d05X+yfs4JibmzTk/BJ1ii7jEIUdZ56KFoGPN4BSSgSZs7HwFW3tPuLKx4JwMz1HQSRnmzqrOPe4MqabxgDMHipSJWaTOucyYMZN80ZzVci7iUyrV0e0Y7RimeD8TKjAc6HKu3nYMapE4TqOVD6l7v0WXsZyKVSZESoRJ25etA70dFiHKlSd09ntUwqFvYmAX7IU5NDgDjTNtdga2/TzsvDRdUVw+HZud4+BwB7559mtpFKOgP/h0BbY9Hr6ennwAEyP3KBMT1eo0E3XRmqoaxIfBWgs2yVld/xoazSMIkbo9zkPuVG4+pIFin820XRXOzc4wDxa9oTlBy7Cs/wfV3TTZnDnnLmj7YGrtzZT8HSvu3v2QLvmtg4Q+O6IioRCVtQNsG8O+LrMB+KIJf0TQvrrPq9PfReo0p/bPNGRtZo2vkO52/kpz6It8oZU2QgF7YX4AA7VxsxskxKiZtIT3na+QKTKyOROj5u8fvITVDemF6bzD3SlQCml3xkzMwYEpM77ZqY22gtD35gUxpcNilBwG3K2Ojw9gffMbIxyOJezX6hIlsUlUPHd0WtrWA+1Hc+cxtsET8GhXeXb1O7wgOAG4uq++lj5GK3QrYCjVrhqLr0PlOqhZYsegzlrQHj3wM25Lywfu2cn1Re2mBJln0oUthOkj/4HTntp3YvSnkGkhH5GTEDcLFcIYtKv+jIRWFDx8LCYKdk71lyNtx/lw3CgqmavXLsIaqEo49EWKnHbTk3dheuIu2fmRYFqQ1iAQcFryD1gy425xBs9WP4H9o3UXdejHbg7VQAREWZx9G+rJKLSaLW5wK4xGDk7cvTMLesINgFbWP4e1ra/p/M0WF2F1P2WwJOSFlgQLNkoYeCemFG3LCB7UxQ8tHg3F37eMV7bfdr52OrlU+hYZJmA8jT090SdQVI851R6Zj8LI58r2VAE0oR1TAzdySiWqgcyW1wLwPUyjj3JNngKmtvCLwZ1AiMCuRNc3KD4P9yb9y8LlFDR0Fw6l16dqOQHAgjRlyEIxV63wr4RDV7JAshHZ4nfm3ocpo+IjUAlHJ9ABiOEoXITmYUeIWmKRp+twfPICnr38Dan5dmH3q2HbjtGTo0swOXaXdmxNzNriNns4StTiARWjW+McsuauEQ6/hoOjNVmf2jWW9TUdvWeCITvyJwD7H1zJvftKFy3ICY0Le9S8NtNprsrXabSfnjWg86aB26iJP6cbkFG8OjC0FuaiMGfJPTmvh4S/5LWvYpo7mVxder10HBKjFJG/PodlgoIPhTHvgXxkUgmHHuQLrTAr8s7cOzBk1HvIJCJBm2tC3vhIGFcLM+EusrX7nEwKxtiMoDdCsndCcjgMcyreMQLpPpBKH8dUts08n7HJQNoDA74o8/n2wYbRGh6TGusg3Gx5u86fq8s0ArW2G+x75zHKvOQXp/JxeG7trOd6rZyTbDi1eBZixoJ6XqTM4oW66RRNmfOSxSJpDzN6tK/zETuavSljfWC2spodpX7cSjh0pEBrwKzI8TuwvPguVUEm5IiTKAZwVyabjkwdsJAxoQmbO09gZ/+l0wL6c0TKb/MfVl9iWTg2y0nRwWl9AfL8UM1PMRMzsv6HDHbN+Ta3nwALgzDF+AL7VxeAGFv9GnXyo3QCD74yKsswzDsbz0vtkIJWjc98te4F6CLMzFqMn4+XOxdtq2CbSlntz/s67HjF51UJh1LyKjhLb8xvWICp8XtmzUvlJR3GFY90LPG+kgrUM2i0dqlxzfHpLlim76+Po5YOTuacIwsEIksmA34/5qIvdjRx+0GLAt2iRsfHsL33BI5OduScnTMXu1I3eSKNlKm0X3O3r7JzZBfc3c4zyU6CjxZ7AZu0N4WOujz1w4ztMZXArawvpjmEBTh5L8H5x2NhE7SVtGOVmCj200o4lFI+tRhj1Xdm34ThwQlzg+ucZag4C5L2TbLpWTvA1OA40bC3v04JSIwVGbQH6XpWqZdgTDmYnb4HC7NvmZHZQZTZdvQOHk9SurGsOWpBM92HtW0MYZ6KUIsKfgY+S57KmZhDoKmbCx+ZEcgPhigJ2AbKmck6Ba+Tog4QgHzu8woGdnb6WoMCK/bRdFnZxdA+mwvt9JEqoqf5CMtFzLUoKppMohXlQJeCU0ElHLqQ9zcMDU/B/eUfEww8pHjLhClsNiQ9t4iZRaEmkcLm7tfGrPhWhuoP69CC1OArzBBErQF9HJhEhC3hsJYjAFxkr7oCyp1HZ+Th8Rqsb3xNjEnZhRjTVj63wi22YM2Rp9poHcXdQwuDIyx8JtBzhDKufdy8EwyfBAnhWqmk5cBlzq0c+ExxvD5bJ+aaRIcDZBebT9v1WS3kIuaaQO4VBJ92Qly3HY9UCYcuRDu5uXFTY8uwaHZw6k0hTYSpeAo7fqNzMmP3DuM8NszuitgNn8HR6Q547IH+z4kLYHBgjJrlUBVmMxLz31qe+EAjApZFJyUuwDhJGQxFfBxICQkIN3BhDYggSjsFxLQA6Qiob9kC7+SS6AIefFXEzFzGjBfbqZVrDJ0bTHwrvcdr7wHnTYrzz0dBvmlUMKrOAM45XuQyaAvjUY+V4lhVnkNXCtV71N7v3fkQJsfvASYOxrYi0vkkgHcxrcSuU3Da2IfVjc8pQ9FVYfYUEqyF2ApQBpJ9SAJJqRoHnRT3faBzgbXrzTkTRWnaL1Y/IX+DHSNXuVh2ai3JQh3m1WtRK2sX5xxcNlJxvZpD6WIHuKDaLVqVzu+sLrbX81oklyH8294LuJh55Z2RRX/KBfSGMOoksyKdSHfSimRzgYraKEzqqSechDSQTEGrVXOmBthohSAkk0BJjRoeZbB98ALWNr92QsQWPHU7I3e/Auf9xyjFxMgdaDZT6odBCUU29i1p2lh/wJmXGRwbLWVt8xtK/omiMFbf/byX2eGVKu9IpuEiLrNznbnUBKBzXzBKUu6/YMjEfnxFxSbR9ndZl/p+5uLHC+OjYe5D36NRlWubkAFdWjHK5+fflXAoJR/CnJm9C/PTb1HEABGnGe05Jc8211Nw1ADzElp4s83PitnBMYzZf0cmH57Eh4bdppeNcBgZmYHWqe0uxolX4Gou+C2Cyq9FsL37jDpPc7VksXdFqdogZ0vPvXh5xlGpg4te9eHAuww5jSV3bgn0ldrQvcfr7NzszxlZ6q+wJsW5722oieR9BFl2Pk2EHJFRh3wQKOZmyLkrn0M58Q5u4/dAoC5z04yjYFP9bc8E9lBriRigyRHBafMYVte/NKaFtLujm9/bGRkKpMnxBQJ2QSAZJViR9hjb0wG035/RIbm28ViQpkB8Bbo3019w8fJNgB4MdX2kOjj/ynuh9DNgOF5+p+5nvPxOH5oU2YXMik7Xd36tgeEFy7M2FSTRgJldFMhZ5ZLfkCrhUCBbm4QLLRFgl8HBceA+EYq6gill06aNQKhlVPNAVZJRCnu7K/By81Oqs0Ahkt/By4l9HD4nAWs4JscfmHG5RsOZ9dLWjvOtUnIoYVn4aXMbNna+ZsQfBFhpnYBV7vsRSxejMNQWnuUmhEMZHsLFz20ravOk+3QmqpLiL+XnchH/h+pkMp0vEsOMXqY18N+EbhWVzZ3OVgmHdhL/gWHusdFJeLj0kbH5RyBtcrMdt4g091zgmDouACx1PoXVzS8Mo35L79lcid5n9K8QOOXuwnswVJ8kB2gSc3ctn7wXg0WJRhUaYehPznbMeb+WakH2QOd6Tl4DdQxj6hvwOKgyWH3IaVPnGq/jM+pvrMjmOBSjQZfxf+QcvbbvanauB4pCK1Jxr6MKv/37lXDIUdDN2vyHWsPczBvm3UHzYDDPALMUY37ggtXHrT34vWbriDpAH2PEgGDe+kmZRvIZmZhodd8IJHSENlrcp7TRDCsU2cdBadqYGZmdUf3G3v4aLfK0revW9VBnOzu7fs0hB7VPZwX77C5Wz1GMUnR6r524q5pNFMs7Di+Sct3u/8hrZP0Lm3JHZGcqzr8yK3KkJHKFL9BWe7j8IxgZXDDqPWMJMgAJHhlGDeRBGlPj8GQVVtZ+R+o9l1JbdbWfB8rHzU4/gOmJB+Z8I0aLqAuwrXIhTHZechw8TU8gU8fwcv1zStMmwJfW9WYm+tl2CiXehGCISm4pw71dXGsp7qBa1kFEArecUG2vBwlLgfNQS0HTuadhw6rhmz4Bql+h730HHfIv2gSp8ucWqoRDQC5vAXAHn4Sl+Q8hiSYgM7Z/XEsM0/PDZlsemTVmZKa0SahQq1tiUkBY19A7EKalwhKZ/s7cezA+sgxZyras977bik1rcwPhU542d2Bz96nRWhrUT9IXeF1ntMAWBXGehScN1x2pYIYt2+WtPX7Rcxfc9sC7OG4KmQ56qIqDmdGwatTlPP89SUvWKVzM/1F0btrf5zNRYgLCKddAGPi2mXvXngnxHmKzKanKrAgpTEJKqS8FhjARm4HyCRAklTYHlrj4mkospKaipU9gbfMzODzeEsi285gULJhqtWGjNTyCWjwJzaam3hRsehYWmeaISlLXsLXxNWxtf0s+icy22LtmtZ49eJ0y+KxH/SIhkD5O3RbGBHBh2Su/bi69r6khnxNA8pBxH6KcIzKvNeCGcRFBldfIwvDweRLLik5Sv1mg/yolx3UxXd7PPdLoBD83nsP1PfRXS/kkJBQQ8zOPYGJ0mcwGZaMUEWoLLbBYkQpYkOCN3j94Ds9Wf0MmxXkrIZV06B4fmYOFmTfN32jChCqhD6lZaDaU/Br7OWx9DXuH6zTnnuhCV0RKFXMcLOlzCMVLnLtDDUR2wWIvW5monLliTQRe76gdRtS4t9v69+FmbMhzsbkUMRzCsKiWjNjeRIIrKoOtYxCcfk2/cwiH63VwvVryqdAauOhpdvoRDNTGoNXyPgWnNQAjQ7EzShubtAkb218QPBtSfx20PbBLhKqpET4zkw+McHiLiqY0cFYkrxVpmEs9MqwZouEs3aeW9GfNI4qkXLtKL9Re12BV6evGcOCzF8978bAhE84bd9QkqgdjhgKieO6y58vaC6rsLs/k3KQ6bCznM9dUDl3az60fARpGzvoUDrrw+nXVHiwU/CIsz39oXsdkV7LgsIsPoxDSwIW0zBa0sn14vv47ODreBus17z8r0jbLqVMnrYH6JGQpln5b7QTYEUlSIsiWNH/u763CmjErPF1/wROr2gyHpnNOOE66ut5IhTCPheW35yU8jYtVP9ox0AyILOZBjso1pCKjkmlpNLf0woJBrLU2zcGP38+4DAWXBKFQ/wnjgPSql7Fn7dvncL0OrldLViho6cMIMDOFOAoYwsREp2IaawJcni2ozyqFZnoAL1Z/B43miXi3wYUme52bod6MQBqeheWFHzKAKzkQgD5TSpCltV80bFo0qXfk5u5zXNqEUJXdkOZAiwx89MQyC3fVuu7za4HCD4SvtnUClxjVqNvNZkZCmpirY18HnoP/LQCthHFxuTmwfC3LqszON7aU2OcFqBY/SG8BalsqJlEEfdLrqC0gKeffwt+JsS2xrmGoPkH+BkJlImATqzFFhAZl6yq46Gkdtvee02v0T0SZ3QW6n5lh1iLybE6Oz8Pi7COo14YohSIVpGpmPTkvTQG1DKD+kQgms3e4wn0Zr9nWD2fdSk/p5+ZJk0+H8CuuZfRMrg1eCeH5m63jS4/RuMQY4feraAXYECaz4dDQJNyZ+8Ds2mNA5plCB6TdqawUSSVagZWSDVjd/Bx2D15y8lSfIUyrebA/ITYC6QcwNX7HCB7pxaBa3umnOSOQoOZiVCkacHS4CqsbX5rd7kyqM/uFoauoov6oEg5EvpP27OQD8/OGeavGIUkXOw9VtJR8AOiHQCn7Yu0zOD7Z8w7GcwG8cMr08uIPYHhoDloNbs5LICuKMyoI0Ro4rwC1hDhm8NqtnacuDNq7LLyiis5Ht1w4BP4GwVHAJKSZqfvA4C2c30DMSvZb7L6DkG2IwnRwtEGl0lwmbZvJ9nNmD0M3Ob7EAimrG3kQc7qLBgfswQC2klth5pNmp7C+/bXRVtaCsvB+msxWVFH/dMuFg4QwgZmVoNnm34OB2gRBs3F4MA886vwEUvy0s/+MdnHrDe7XpODmvDH1pUQwmfnpt83rhAUS1UdEHpfBRddSCmEen23B6vpn5AANwZ4qqugq6ZYLByRN0QE0B6bMDo4Rg7Qlbe1zjUrYKajE28sZiWdGa/iStAd1Di4NG8Rh/cT8zJswNDADWSuWgiqJRNFhsZyPG9jEcUZOyJcbXwCHLhX0X79RUUX90y0XDgEOpHk9M3EPpifuA2I2xqpGR3A2sA8jcpoBZ9Q1mnuwuvEJNJvHYEFi+mVU6+MYG52jzt1xPARZas0WcVRKJMWXhWOyzgls7n5rNJYXMlIlFCq6HrrlwsGXSqNTcGHmPbODT3O/Sw1OaDCDKtc3guLQRsXfQ6zI7a8oasFdp3tnhFg/g9VMJscWKRvT9qTkOYEDiEXTo0VJUQwue9bcpyrMk7MDEUhhV6uKKro6uuXCAYl7IQ4NTsK9xY8Mkw9BKwMJS7aMycFpp2xhaLL5aRc3jLq19w1Bs1l/g/VJeLJmhgarpdC7InhQoCwtvg+jQ7PGlMk4CzMwTUhpyaxASSFOMjg92aXoCMbjbf68giqEWdHV0y0WDr4XJjLg4sxbMD/7JoG32JoJjgJIQxjUCrR2tRSZYc5na7+jKsyY0KFbUmJd1p/S//abPALJjhGwy2B9CtIGwtJZIWOh7wUin4qqUDtJYWf3mfl5LsKgCmFWdH10S4VD2AtTUaHKwty7MDG2RGnItVpC9Q224IV7JGiKXlBDGfPe4fEmrJgdvNk6pZAmp19ngoTUWc0PM6onRhZhbvINw/QDkBHEvdTtB4Vb2sLeUxlwCs9efg77h+su4aoKU1R0XXRLhYMXDGizYxfrhZm3IY6MSdGyocZUcBstPBeXwmKKdBRr2DI7+LbZweOIfQXUeQrCsKdnXBsqDQUSCpDF+fdheuoRl4pTWJOrMCPxdTAMPpApg3kYZ40DWNv6Gs6cA9TmVlSaQ0VXT7dXOAhWJPWmmLwPy3O/Z3hskHD3EBcBtQDP4Gx6ZJjSHGHbKy1FVnUSKIwSZAtasuAcoUEhXbGA0YXGh5bgrXt/DMMDM8ZckexH3aBcSAuYgk5KNlmahDK9f/ASNre/cdpEFcKs6DrpVgoHYqkA7gtBZKcn7xmmHQCNreWyU4FtQy8kw8MTjGOEIUxMcMBaiPfgH/3Rf2e0h2+NOEBwjybVYJAZQunTIJBuMYKqAQgoagQ1GByYhNnJR/Bw+SfGfGFzYqBekzEkIqJ9iz30N8RJC3YOnsLu/opUZVZCoaLrpVspHMIkpIHaCDxY/hEVXGkMGWIEILOmAQoG7qqtRcVXRoBglGFs5C78+Ad3jABoEPJPHHMUgzsSRWQ2UPUm2M5YSsKXinH6Iu6B2Wik0n8THAZEJlmboLh8Fi0WzG94ufY5HJ/tsUlRpUxXdM10K4UDks03GBmehjtz7xhzYhAaaZMYkWHQQFCXlDA4F1MhlkCaeaAWlQ2YT0eRe8UpGYtjMXLVlCBw8XbHRxOlKb6NOBokQdBscL0+hk4h8zUV1vdxcLwOT178inph+pYRlWCo6ProFgoHjgjYDEXMiBwdukNAHzbRCUQwuHoK2r25LR3iLKRGECRJjf0QAkBrm7ArHTSXdULG+hDs2VMSQmi6tFpNh85DHbLANjTho9nf0IKN7W/IGQnQf7Ociiq6DN1C4RAmIdVgefFDGB+9Q8wYxzWOAGgPgRYRn2Zk93MdhoaEYNKY4bm/pRYnYRSkOmvSGMAiill4N8VwaimFJgV9SgHYBjiZCCUUTrbNPPpAVtY+ofBpFaWo6KboFgoHH1IcGZqC5fkfGGYfMnzM/RBs92gfcuSohYo4OSkcxydH2fyFsLu1HE/eT9u+zWMP2iQm+5eSV2zCGK0kkn7HKoXjs21Y2fwMzhpH0ich9TUXlQZR0TXRLRMONiuSS6VnJh7A0vz7hssS8B2KfHIR/+aaBoB2DD/u6qxciJLYnb5qBYn9KWASyoafr4nQHAnR1lfB2A1ofmzvPyEIetvDwkLjV4KhouukWyQcClmR2Jti9k2YHL3H3YYJK9Iynu2NIDs9beEWsk2cjdRpW3Zu+aUE49HmRvCbltkDmDkI27mF7wNHS3TExV2APQZOYHPnC9jdfxGA1lb5DRVdP90i4eAxG1FLGKyPw9KcMSniEUFdakpfypqYErZjkDChK922P+xaDNHjnKBw/oXgI/FioHAhpHnxa/hcSgt1r6UkvAlR3IKzdA9ebnwOZ81DBwBTaQwV3QTdIuHAZNvXTY4vwoOlj8gpiU7AOI644lKO8kIgsrXbojXUQLgbvG8hTJdWEm0IzAglrdTs0OFvHth/12kiMWVi7m2/gNX1zyFtNQiUpvIyVHRTdMuEg3Zmw+zUPRgdnaZOR4j4rEUT0NAQxsbmJJKWFPR/1HDGwiHX/t2San/tfBD2vQ7mgMvYlH4YugGt1jasb30OW/vP+XRBolRFFV033SLh4FGfkAGHhkbMTnxq+M2o6/GwdANqgOuapDwjcgmDyzxiR6L1Leg8w4dOxhAwhv/W4D8uMjkLLhsy1XAKx83n8Pj537gqzCqEWdFN0i0SDjpw6AF8++KX8H//6/8JBuuzDtQ1sx2blGVm/iYzfOReRypyQoaSn6TrdJQ71nopwzkU28ertpeaujdhv8UTyor8+snfG5PijEArq0Krim6SbpFwCEnDxtZT2Nh8yq3nAJzQsPkG3VnQahRh49NQ4bc2gCq3OoqD2+Mc72fclNYCx3i02YoqujG6pcIBKPvQMTaDNcgn/dr0usvfNsIROCFt0iQAqHaLwh1jrRfWMOKejU8rqui66NYKhzzTdd+V80iQ+feYrt5J6MZXlQuyoldDye3VVhUo1R/blekUfX2zKE16fTk43n1NV8gNFb0aurWaAxInFF01FaSBLtE1unG7Lr6o9IaKXg3dauFwvYynevx93u9XVNHN0i0XDhVVVFEnqoRDRRVVVEqVcKiooopKqRIOFVVUUSlVwqGiiioqpUo4VFRRRaVUCYeKKqqolCrhUFFFFZVSJRwqqqiiUqqEQ0UVVVRKlXCoqKKKSqkSDhVVVFEpfc+EQydUBd3lmDK6bBG0Cv4NR7uK4up+Cq5eTRG3bdxTCmzTVtje7xzPe/zrRt9d6L8bEA7tFx9iOXb9psNy1HK89IIIEZbKEJl08H7JvQ9BXy9CBEKr28/cLz5Et5Fz96VMFsLl5+8H6z2G766F0HXavcczUAFsP0gHsCx3TM9Z6KwAtXmd1aja9QjpMJkSmK5uIzGdD46nKEyz4El8typx24RDL8YNP+/N5Dp3LL0jjN5p8YSfue7TyjaVtZOA7tSrWlrnH+55CQFm/SLKj6MvgZ6jBLg2/2b7a31ZhB7l2/epHvfCPoMoBLhFEFwCoeHXIfadbf5LIjTLegqJyGF4hlCZ17OT0v3tcr3UF6TPexspvx7P8zwIPdzOgUDM/TPX3zHkpZxwwMnV63VI0xRarVYeY1H5z+1n+GAbjYZ0mm5fCNia3nZpapkx8YYmSUwD4jmKNwN7WHJbeh4f29zjkM1mixYNL9AogIy3yM/K9Y5ya0sLSCsEi1jQnxTBvCPadHv/y37IQ8xHjqF1JhrFJRY2j2uvMSrZUbXcg1gWpwJ/EN8Di1VLOzJ2ztLSCwP4nlizgFGuU0gRcbvjotT0TJjRUxo/Ms+0Xh+CWm0I6vEAJHGd7n8rPYOzxgmcnR1Bs3VG9yJyzNZNS1EQR4lZK7E7Bq9PBb1Fw3WVVwRDTUu7+xDcUJqHPQZ7oWKPVL4v7deMTYzrtQGaT4Y9Se39Dc9MzxrXVovWF94X7lDW53M3h8VJ3Zyj5vqz0lxwbtSr9btDOeGADwGZ3b72H7R/MWzkihcXFaQu/p0kiWHspllINToeF4BVO/G9s7Mzr6Ka3/ge3r2WEQY1EVLY3n5+7i688+iPYHpimRZl5JgjkUUUi0QWQSDqLWsp2CUKe06mfAxqsSqFZ6u/gV/89i9pIfdHvDgmxhfg7Qc4lwcwMjwNNSPA0qxhHuwxfPHNv4VPv/wbd/5+VBxu7MuM/uaDH8P7b/2HUE/GIYnqcm8UXZN9HHi9sfkM+3viTqcIkVb6cdIxKKRxZ2+a+yfXhrD55qdlGCNLzbOKlfnsBBqtXfjkq7+Gzx//OxoXFzo/R567FaJDgxMwO/UA7i68Cwvzb8D4yIy57nEYqI+Yn2ESOqeNffo5PN6Bl+tfw5Pnv4b1rW/MOU6gyNKWxoZn4ac/+jNYnHtbNAc+JoJBM+WEWVMQvpFxufGQwP5rbnCcZWfmilMvUB1DaycktbluvFettAG7B0/hV5/+Jbxce0zjIoNjU4GhoXH46Uf/Cdxb/MjcgzqPQYI1lt6p2MYQN7gmNM19beC6MQLitLEDf/frf2nG+zp378oIBe0Hb/9DePeNf0j3zpzcrJuWmdcx7B+uwN//7v+Cze2VnuPcFCW8Q/MOjzs2awGpUyfxM7szI6PbXca3mleO+ZEZSTIDPxRkfhwHNQi8zlbLMFGaiUag6Xt4/rOzBgwOsjCw/SBwIWO7eexI9e4b/wD+8c/+exgemDFjDfJuiHKNVLIad7oGrz2whNfMMBoftJHIygiiCJnCCL/oFIaGR+C3n/8rIxwa7jrKFjAtINSKzFAjgzPw89//r+DH7/9nMFCbMTvnMDEaxE1oNLdgf38bPv/635FGwou9l7PJ99IYM4Lm57//F/CDt/7ETH2IF6gsTl7oGbXrI4VAtAEPfe93Xb5W3IGsFmPnEJFgQGbATTrVR+ZnE7Z3X8IXX//C9wkOhH69NgJvPfgZ/N47fwLLiz+EMSMUhgbHSDhlGY4Xmx9sI4jDN8x0zD2OM3MvTmB75zl8/OVfwd9//H/Axs63buPgjSSm34uz78NPf/hfG8FjhEOmSWjzc6zRPAH7hUZW68H7FJOQ4Esyx0YpHcPEbQq1XGveD2DPncHm3sfw+NkvSDjgxSrR/t6891P4D37y38LU2ENaM9gzNUszEVgRMCw4CqQm32M8c/MMmnoHnj5/DC9XvwYW9sBzLjA3Xu/g4Dh89O4/M/fzT2kdM4+ltB43dz+Dr7/9DWxuvXDjvOo+JYmVzCgYkLGTZIB6R1qyQgJ3SOwnmfNTayAzAQUKawh1Op53bZDOUkMkELKUb2h9ANW2SDQUvoksXFiw4Bj4gGNpeDtsbui9+Y9gqLYMWcsIk2zAHKedcGC1FyHcrc2GPwFj0I5iRkRtI0YBZ4RSPYHGmdkBGg3P/Crv7wivn7Qg8zD/4MM/gz/88J/DcP2OOZgfLjEbni2tmzFbfJ19CXwFvMuzSTY5tgwLMz8w1zhETGdVWlaI8FpSWXRaFmBM3+fPMvCdvK1TzS5o+U0MI9phq2nmbQS3GWPvYJ8EcBKx1sb3wwirkVn4+U/+3DDvX8DkyJtmfaAwMGukYa4Z55Hi/cfd3Txz4ukziHDtGGFbi0fhzuw8zEy8abSCd+Cv/u3/DC9WP6Z5abNTknlinsfywvswVJ+GsxP823xXN1x3MS3XXqvxfGjjKERE2FxKRGswm0urRWo63VfX6xRIC8GO5cjwZ2cZHB0d8vqV0XAXf3T3D81zvQuN08R8q07fRe0M7xPPKWLNRWxI7IaetlAjM0yfTEHxoVshYdcPPqcZo/kuzrxvHuW4uZ+85lXUNGZGAidHTTOvfbBOdr/5vjpK7I5v1f2iKYamQNYnAnLoR2AzoU5CgzUC9iHgQKenp2IeKjkHP0TUUvBGoqaBP6enJzA5ugRzU+8aYTFudjrDEJkRUqQmJ4HzCs8Vs8ZDc8hIS0Cpj7uRikjcsOocDZiFfQoHhwdGO2m6uXObuazNyYr2Jy6SD978J/BHP/rnRnuYN6esyfUMGCF3yoLJ7GBHJ9u+EU0f5HcHo2KPLsLgwDhdf6RqssMq6cSVmgXE5gBebprybxVZDSEmOxjtWOtUw3vOmodZ4Cn7h9Dvk+C9RVVa1WH/+AD29teEaTNR3xXMzzwwu+ifwx/+8L+EKJuDk2NFvgX8QRMNWTIVc8iZdyjk6LeZeysD1h/H4d1H/8QIoJewu79K94dvNt/v4ZExqNcHITL3E+fTonXCfiIytVCgk5bRpGcZm+snswh39UxaG4L107B8RJ8Y3gvcQFjDVOzHMmPjGjk53TXPfhu86ZEZQTgHD5Z+z2iCo+Y7ddp46PbR2FZbqYlJqkmDQEdizaxb9D3gOsj7h4rEn8xOPjLnWjJ/GbMJhmicTJ/SZ0fHh3B4shusv1cfuUi8lAopCNPgggk8yDhxFBitFt5s1BjYL8A7GeSOsc6/ej0hrQCFAGoR9fpAzoGJ5of1WtMibjXpN2oU42MLMDq8REJBkYZgH2qTbq7GH3ySqLHQDiqhIdLqkKE0fcY7Z52EysnZEXW8YhtbxhPHkFPZrVZjbOoP3vyn8E9+/j/QTghZTFxtjCZzqub/396XNclxXemdzMpaupZeATRWEtzFTaI0siRb29hjh2PssSM0EfaDHxz+BQ7/ET/6xW8OW2NbfnEoYkIea2bC0ogUtZLUgARBAsQONBq91b5n+nzn3JN5q7q60QDBJUZ1xVY3qjJv3uXcs3xnSf4TY49pr36bNneupsDtg1RC/1vMdWlxiWDBjdmGDgwziXXdoapjxiNgaWIqRe7t4MpfRToxEQ9hMo0Ud8lFbEKNsHeq3o6dGp4EkZodQYc2d6/SbuOOyWHpe3XlHP3hN/4dfekLf8Jq5QqPJ6KFYlkY2ZBt41w0Uts7whyHfOh6crCx9KADdIaxieEHbYQH+OoL/5g+vP4mmxn/T5kItK0wFK2SuQ9L6x5FsqzDVFMKnAYI8xJ7g71Uc00ZISU5fZ6YBYlgD0EuEdPVNFdZIzDTkWIwAEw3dy5ThxlEtg8hHV89zwzxaVlXXEuOthyiJsLRhJlpxqEb75h60vfkqZk8S2YqLzEtR1FFNd9A9xhjhqm719oUc+zzwBSsRdiIwUAnhwkMh4OJCwZO9R6NJhkG7sO19ts8Fva9gon6b0F0iSYASLRZLlEDRGHmgAiWWKIuFJeFkysDUVwCBCpvoo5bhDdfQ13VHzdO0dqZcPADCcc2KSQOzkq9fYO2966KCho4UFMllNmJiRDWibVn6csv/gt67aU/oTXm+sM+7PW8Q5cVA8gXmGBYpd6pX2OJdO/IC+8j7jgRILLu4C6LPhyqsjI9MycSch6cAuXDmoCVBDV6HIs2IUYDmBxrQrG8HXwgWpcyPGeChANhqLF4ovrUG2zTlRtvUKe7m45kobBEX/vin7JNDMawyvsWyfgStokBuob5gfTT6+/xQWsKk0niAi1WmOjzNUqGOcFKxFYnBUmHg4AWq2dYbf8KfXj1F9QfthRP5L3a2b3Jz9+kfLAuEhhrwHYLH9Ch7C8FymQLUZkK+aow99EwEAGhXhs1HwejBo+nwfeMBE/J5RTABAMBMxEmk7Rpm5n31Vu/UA+NW3v0/cTpV1hgVXmsIzFvghBcd6QCiNTkAaiZkMNXRMNiqS+Svy9g9OEmQCDaZ6W8JHuXiDAdy5xzOd6PuMea1R3x+GRm7mf/wuQjBUFNuyl9cMmamQ5+mxXTYPb9QRwy6zKRg3h89Wm2Cas0GiRCULJpTDhDZgpXrr9B71/5iSDGCcWpFFX8QPuHpoDnQ+XO5Qqy6K3OJt3bvuzek6mq5WikG5KPClRZWKUXzn+Lvvbav2Ib8VX+rErxEBKLD7Gp++LsIpEwAyb4ja0PeRxtRbXpKEiz92JfZjSXrrxJzea2eCqEsG19of2I2hyxdC3TU6e/QS8/+0/ZBFkTSZfEytRgb4/iLl2782uW0j+nRuuWaDUKpoZC8GAWwBcgqSDxt3ZviLTKhWo6PnXuK/TaF/45m22r/NgqwU6ncChaRhI0+fqP6PL1X9CtexfEHIEkLxZrdO7UK/Tq8/+EVhef5zFVmGEVHG4SOg9RnlaWzvEBrPAateTNgzDpfvPuj+je1i0q5VeEgeEFwpDCsXPpYc+K+UV6+tzfoy88811mXseEQUCOi2s1HDFD3aJ3Lv45H/pfysuH8TjMx3CXwIGUmG+zvSngqAor1Q5r1eN09tSrDrgOROOFB2tEe0wnt0XjLeSWqFo5xWZETZhr6LA3oe9xBsLPbrrHRTafYDaKa1+ATWa0yUDMtN6gLmsLppULI7LT8VlHPRyJORyFi027Mg+696gcUUwTPqgAxgRYChToE5uXCba+d43eeOu/0gdXf5ZKAlPlPSvIGwg574Zeg1+CXTAB1sorvPknaLl2gs6dfpHOrL8kLq3l2hMsgeEhYDU5x3alSOVQNQ7YoiLZYlH7t1kKQiKL/R4/LNKcsFmySbt7h2seOGybW1fpzKnn6GS5zOMvi3QEwxzHHdppfEB/8+v/TJeu/lTNnuRoewY+GvH8nmbmsFR7koa9EmsCsIm7rAaPaRDvcp8/oTff/gFdvfFbltKt1K+PeYJh3Nn8kP7Zd/8DHV9+kRk5TK2irJEwHmYU5cIKS/+FbH+4NZqbdKH+44Pni1ga1pbus8Q/ffJ5Zton+JBr/EzM0pbCPh/2d+mXF75PN+/+7kgrbXPW3wFrNF+l9dXnlflGecXI2ET58Obf8Hy/LzgJmNeXX/5T+spL/5LXCXPge8W8zQmzMmaeioMk04bNXVotH2Pt84zOKVSzGHSM3432hmgOPrl81owB7Yjh0w+WhAf7Ze2tUsHUv/3PJnpKD1Y+KvGhPa6qfxArsARTZRywFNhhovlI4hcAsllgbOa+m+rd+yq1PJh4X3r2W7zx36OV2vPMiKosSVaYoEuivo5HkfiiRVIFqlkobpIIWAYpAkId8GFoNLdEKofG+b3nHKWJdpAzH/30kqjpIeAkqbsQHGgsgWV5mVYuCqnd26Ttxkei+ueALaRhh9ZttkZ+JCL2rlZeY6bzvICOMWtskGBDAJ9RJCr7797/kcRxYP/CXM4fnEjly9feoCvnv0MnVl6W8QWicg9kzNAUcnBbz9iMKBelwPTklE2zQnBQT7W1sR5oAZ4lPiFhhniTtaQNdZdTBvDOahnorhhCic2op8/9Ae/7CdYwckIPo3GbcoUB3bj9K/rg2uupmg+z46Vn/iELjJoC0IEC34Z7iKmUrkjW1Bs14vU9TovAzhLnRUkDpwa027jBWsq284okDylYPrkWKaBzwLcPBZo+2oT8sFn/NzakvLBMy9WTCj7JQVSgCv/r9psCXKokt+f7v1PST/+RPUMBVPjT1499gZ47/w/Y7j2moB7bncNEAT4BxaDWh2ojoxPY+fqYQMBJPK3XbbOEqU8wA9+TcqR1gDEy9iMsswNkkg5rgliD6gK0qbza1HJVIMyl3W2wptPSHIh4SLP3ZJKBigTlBVxbPUPH1p50XphQmK6o7vyMu/cu040777jDFadzMzcsDuZw1KVma89pZ4qVkFs/CUAaDiQgatJFx0+JxxNjU1YcpKA2+j+2eo6FxDHBnfBMaIpgFgAP99i8gamiIGRMh9Ghaa0GiqLf82e/xP8u0qCfsNofsJkU0R5L8q36TbkOzGuY9MlcyXCFC9YRuMjI9JWKPrCfmd34DFD4ImulpdKaAsoyRgi0nnjTtlgzara3nWn1+cAb0CILspnZHpqDPfykDH8QFV38QS5Ihs2HlcVTwiBij+MrwXWo27svtqGGZ2f2+37J4cwIgdHJqf2J81KQEDNcaXESOIZBwoRAgGLC8N/3t7bEF760uJpKErNdQBzdXp1/minj8QPEHqZN5I+QMTOLosxJJN/K0klaKFW8tVMJHTLzane3FUOAVuNiKA5zraYAMvd9av0ZqpRWqdsdUMSaUx7eCLbp4bK8s/kBS7d7ZDEQEl6caDg80FIbowZSBSJZc6Ha/AaKdplpjUaDfWvie7mm56wYUJFOrD5JZbbXAQiTc7tDUxozI280NqVfPVg0MWcTBsZg/f2BxnXu9Cu0tnKeBl14TxYEmA+jWEDa7Z2bGm4dO0YfJI4OJ5O3NBjNnkHpZ77HCs9aXTrNtLyonr1A6R0d9fst1n7u8L71Upf+w2qdn1SLDjcZHnaEjzojPfTivHIEC09FVcJ0y2LDh6I26liB8nb7HfnbwLTAE4g+qKnNBQ/FsftbYwOg0kHiwe2XjDXrMMLfwZB/D/iw7dGHV39JH1x+h5554u/Tl178Q/EYCBNxUhMEtNu4Ldda5N+juqOM+fnRcUmi4wXzgqlQra7xWrApAQkGVVtcawj+6bJ6vcnz6TmwLJNoFssyeVCMvBM5gMf5AObzFZaMDocQScmMr79De83bzhWdAaWinEDbidUtB00rnytl3zvAD5/Dm1Rv3vdC1bM1yjJufa+V/obmUixWxZ1tUbBwgY5HmtMA5g3GHDtzTk0NT4jYvqcaY+DU/4TK5WU2Kb7KjHBRYjLwHBxU4A33d69Qo72Z5q9gX5FzUZDwfmiMgZKP+06DsTLBNA3Yq0v+hHgq4oSy9eX+O0w3iAHJTD3y9uuzdWtGSKJBIM/Hb872+hjqkNj0UShh04mofU8wt12ieIRNj1KAqt9HDghWMGIbMZ6QFJJ3ofG8buMSQfJJtIAodVniOhDYzt5tkbiV0oKo9TkJ5mnR5s4l+tXbf07vf/Qzlk67tLy0zLbod5Q/xUSW7xCzhrG9d5PH0yYlRgUrJdw5OHqWn7cKaSSkIeqWN1JijWGNJRA8MMNY5LJQvZg9EoS1LWi/SuMsN0JBsMxdnGZCkhLiAh+MlcXTLBwLLq8glNBguGhHcVOCmNSccCqxY8RZtmwiEaSIZsWpCQOLUAyE4Y6ZKSCeQswBMQvGFHjcXONhzNzLEq7wzBKPDaA0nh2ib5aueVnXHg3HLTEvbYlVImcS3bxspiWqdhMKQ0Nsw+kTLzFtFUTAIJ8HpsM4btPdzfcEdKV0lUhoMhfmnIaSpNgBxqMJho4RUZLue7VaY02sw4KmRItg6gLOKrNPmKEVFkIBPLd2brj5x+m6zGIMRy118LhaNK3WPVQLVHJFeU0SGg76U5M6SIp6n2e6n9xbWigL8RTzNVYnz/OGFFmSW47BWOzskCr09NlviDQbDPfk8wFLzGK+LOo/kHd4IaJ8KGBWvXmH3rv0OrX7e6KBiBoKlxWrqbuNW/z5LYnU6/H4m9t36dqd39J7l39KH914S1R2uDJLC0VlBqLiI15iLKhzb9gSBgPXnESAUuC0mIM38kFSwYjaTwyChgLptrx4RtyXmmilJiFiHTpMzM3WlmezKrEh0AgxEogfscS32AVXWR5NhTW01aVzEjQFd63cH4yEsTY7m6z23vZU5mz8cYoXJMxganwYjrl/BW7+YCRw9XZ4bBu8X8MZ9EHka1umSejYiKoLq6KSI59jHGgQHYYH8LfZvk+tzk5qxvkgK9ahVCoJaJvNXccPxvXU2ddouXqGmUIiLlNhqmxKNfbu0NXb7wgjC8iZrGBLOX4+M4UoUAGkQVKqGcHM0tyJksT8wOMBrU7zkkjoEvE66t0IUnMdGh+AyFYbsSYmWO272aH8dk7s90ElEI762WHfRcKt3IBB8OTZS/s4lTOGzK4zZDVySDRAJ+PYlmk4eUCMK2bZmYEXfGQ5lf1ehyrFVXH/IAIzcDkUKnFCKkQVOnfyi8z5n+WDMdaAmQSJXEUJdkoslZq1hThs0b3td+nWrUvMBOrU67WZifXUq8D3wCR44zc/oAo/6/7OLQHfoALDdlegPxaVcmnpmITumsQwFL7V2aJ6664D9nxsxNxmMWVLoPM3oM3jixPNvveZBO5d5MOnAWEaPq6o90j6qLNk3qvfdaq/s6v5+cViUfrMEuI0TB2HK3B28urSWZbO65IrIBmfEpqu+Re79Ztirli/PrOHjYx1xmGAmr5cPUGm0VvhFzCuHq+7RGK6GIRxCrw60yPUOY4FdM5N0Ey1epwWSsvMfBNhFuoG1FiWnfotWX+jM1s3W3vMHYxhPM5AT3xeLq/Q6fUXJLN0PLD1QgxNj3abN3gdN0TjCQPtE4yuxBp2KGPLkuF0RzWWQoK1CtC6YtFAE2dyYUEWa2sS44BYGtlz0rwRmLTQHEbxIGW60zTgH1oz67LgQqUPf94Pun+WGWca4HQfESZcKC3o4WPO3u915bBDkhpy3O93xVtQKpXTG0EUfbb7w8CiC5lzLlTk2kKxJH0o/4jlsOOaIt/vpwUb0o17cR8lqpJh3asLK8xt150bM+eITnMF1O4vissRkXtgK8K9R3B1Zja7aBysDjbq8Ca0HDdnjSIqyDigQbQ7Dfr1hR/LfAEKxS6yU00GJSoERtWqqzynIo366k6TQCe+BtGCQ1a9K9WKEH6z2ZRnlMsLKbG3220JN6/VamRSAWvQarVdTQndJBzaSqXimGuO16QnINni0pJIJJhZldIxifwkl66tBBhrXgebAdVqVcYMdRa5LTL+fF6eh5wWfG9oOO5ttVq0unyGGS6bb8O8amqJhgwPY9a6WOJDAGJcWNNutysHDiqzxIrwumPdEDiGg6zElksFCA4zgo8QtFblPkSjCIrU5rnj8ELaQrPBOukhNhOIZGxLzHDyUUXmnAvtUCZiurRZ6rZ7de1nQc1C3Isxavi+lg0AjSHZCmPG4T17+gU1KeBtEqnPe5AbsZmCsPqP+NB2+DCXHGPV6MZiqSZjSNyhciglWXYsrg3F1Z2jMs+z02nLWMrlMu/bGUl7l7TzxJLBAgn5bnbua3yMY9RguLjHDiz2LNu3IGUKWBtohaYd4VrQGb7DXhkzwL2ITAbtidkdanY1ri3xuV9YyNYfn2PtUuaA/xv0u2KL4fAPQ42q6/GBhq2O1GZI5N6o7bj7SBgIGAHMiR4vQi7SjL4u/406DPi8323LoJFcAyKF21HDs/siYUvlquREdNpNuQY2Hb7DgcsXinRs7Qk+kOtELmEq80houjZ+1AYtpTa24oxBKlngKholLdre3aBOv5FOGocezxBth8dVLLoFRj4eL9aQF3Mw6KauJdjSFZbYydhScjUlWM2KOm3v3KVWsyWbqnknQ968sSw2NgqEM3Lrh43CBiwuLjFDyjMRDTXbNQFIVpGD1+l0RApFUZYp2e/1JYMREYnCXGjspDMO6FgO8dbuXfEK1GpVWXMQABiDEQgIDMSBzzGHWm1R1Gr44AOXpqz2tzJFMN7dxk1hoOgD/WJMeD7G12jsycEplYq0tnJaQpyFgacSRD0p2/UrbPY1JRN2wExuaWlZ1sTAQjBUEDmIHX/j8yVmiEWW1iuo4REtMOM3ITSWKFWEibcgdZlmkD/TbDRkD229G/xvzB0xKD1eO4wR/263e3R2/YushT0hmlIefUoo85AZ/Q7dvHuRmdkuraysCkPBHlYrS8z8llw+i+gKqlkAHFWng6wPGMpgOJS9UvOF942Ze7l4jDWPFdKgsLyaRrw23cEea6m3tL7GULUpSYxjGtrd3U33H2uDz8AQQAvYRzVhhvKDww16wvxQGAkMcWdnJ812xrriN9YE34FRgM5Mewc94HPQr5VZEOZg6mvOUzEk6KO4IIfGUPn0YI2tiIpm/RjiTQ5UEtR4NEr7kiQqiJ6RU2vj7H5Jb05tppSihBmsLT8h4cLIaYnlpLvnwdYLR9JvEigTQBGPIHEMQjB0ze5DBN2I2rTXusMb35JgHRuDqGNRXgEzZhZd1izg4sxLSHBZGZXqx5Iws1BaUVAsDF31Hk3X3mtsigZlGoJxfGyeSYAstDwRDULGMOXV0FwBks1WBqM4ATZY1cOAlpdOiNYzGoxdEI5mKw6Y8Wzv3uADC+1sKe3fJI2VeDNTD+OynBhELSIr0bIPNcBLFokJHVmbd2UtMhWUUhMDcxQtjO9Zrp1UND5OHJQYSzYsAqjubn3A69/gsZUkXV4qULkAMtPOVA33qjbx32CEiCoESDqQwCcEvOk69gdtZiT3SLNWSQ6AAoPkDp/NXb0JOGh41joLnRef+g4V4KUY510IvdLEDptlG1sfKVZAgfQDZgnTFusvXqIkK7MrJjjOQxyn0RWpJk0uu5SF2LGV81Ibg8bAKiKJjARDQJGXnfodEbiJ00KGTNf5UZ6Z04rQAGjKzAnMUc/UKDU7VSNIXHCeJi3i++Xl5VTDwP3QQM3UGEuGaj7tI07PpB+fEajmoK4YSr+A+i8qZKclACF53xlYbTwhvS+2zY1FlTdXVKgRRO5iD39Q/WwClySnymNBV2pnxDMxFlYRSohvKIWcmBHwoUcSECSbmq05eb6kLUdaag6ECfdeu7MrgCQkQ07AyCxNO2VHrvSccfskBYSUsFaWT7PkWHHpwkr6aACt6s0NUas1JVjTyG0T6/W6SDI1oyawVzL12F9bwxfMHIF0juPESeqKYA5avxK2vDInoOXtTpPNii2Rkn3+weH3nUbi9nNSGoQIgrN9X1taodrCmjAGccQgrTsfitrbbdSp02uRxR2kNECm2oIZsnlQqEnuRC5XlLgASRuHucSXNtrbtLt3yz23QxazIbEKuSgjiSRbBwtxrrCdXq2s6IELNIIReSFJGPO4GrS9d1uwk6XasvTf4PEqk8hsa5/hjPnv1eUnJYkOqdlCX8iQlGzVmJlbkYqs/SDmAW7ZYkGT/46xoFpdPKd1K5KAzNWI2AehO2+x9fCN0uAyeNuWF9f1WWAsifM+kcbH7NW3xDVra4F+oTnK/Jl2oCVYEiO0Kts31fxqImwykylJ78c9uLdSqabmSq83zoBub10OapHZTwEZCmoBKDkxD0KPu+shohSLMErHgyBB4Gobiw2dT/EFqcvQVYkqCJ6BkqGr25SQQ8cdUMPXLZQX6Tjb1/p5IklDcBki5bg/uE9XPvo5S6N3+d9aXEWiJ6OCSntIl6igWgwTOdTZa7c0uq+0UGPTciCbFrnrJQOQDyHGa8VmRkOrDqXRfTiUcNUNRomTDCoVEBXZYOZQWgCR5Xn+bCa0u+lBR2q6mhQjp1VlmoLWIJhkDlDpVNsIRQ3GBqNKFu6rlJapWj6hUYIUpoxLiKxfZ9t1S0AuPA9MRTNtjbGoBjjg+ZbZHLQIUTBbgGVLyyc0VXo8VDA31NiEVnuLVd9mSswGfkGFxiEE8UGTxF6hjJwW3NH6DtDecrxO/dF9NiuuCzEvLtbSOaqKnK2Jmu4WBKR0sFg9zuNdlYxgycpFwRY2IaICpGSLTd1dpzrHKSCI+adRrESp+QJ1u1Zdppef/xar/6sSCZuHWSBmQpGQeHXy+Av0x9/997SxeUUwDCuYs1Q5RaeOv0qa9OVKAgCUFG1WonPkRGAchlPI4eP/rS6eoZXFJwXIjl2JQqSEJyzYAKZGea2kZngLNJxKpSwH3KcLMIIqH3QIBMzTGAjWDc8sFguyL+gL14Jx6/2xaKCGZVkpBfQpKfNemw7Ci+QgOJURrkgQFH7DJpcKT/1eCsKI79t5DKxQiqg56MO8GHGcgpo47EgdVsAkJ32ZiEAVJkNbYTfa4gCYXGV7cLF23D1LS8oBPwAzuLv1Nv3lG/+J1b9LoiXgQAMbiVyAikThOR0vl9PiMTLWhMR0ALgIxgScxRD8PnzReQ1ugvQdj7LQYwQIVcvLIlmB4oMJJdSVRUd9g/u7t9KSdpCMUlFLgndKoknYJuIHm2dzxnPsb2Mm+n0i1bVAzFg7jAl9nF1/jg8LQskjAQEDF/chdQqGDdrZ06ItYN/2TDT8nQGSXeokGeoNDeLsek20osTVZAzFTdjjo83XMvNrNXfJgorUTtW5CE4gZicY17qYJonLptQqXXxtAMB3g02TTWakCkDi2RiTlBykDHGHBATBqhcsUlyG5wsvSiJgZN5JEmTQ9iQ9vtXelnux7gDWYK/jPgOk8TfmLp/3OoLZrK8+K1JcgrOgWciQcShY22NG8eSpr9MTJ79BCK1HKTfMZTSMnUCEVjxWsyJRWoeGSg7jsudJBaixHurVpfPCHFBWTzxMEmk5EDByD0Vw6vcnvCnQbBVMVmxC6JG/BzMFU7B5Yf1Ey3drqmCkFvlRzErNBozBPoO5hM9MczTzxDQJ0J9vjkZD537EhwMvTgEHJmXpxhwGfY8hZMzB7hUG4YJiBuJ9yKSAcrCsf4uJsH61+k8khT9WETYN29nZUqlayIf89sZF2tq7KkSCAyQIcZRLtRu/ijHuG4+ydFplXNm8/Ig2jDfxxqsHD/77RZY4J8THrRF2TirwQQJxIrag10VlK54DXF+hou5Wisz3SUsFLNc3Ns3/3ho8FP4GGVNZqp2Q/AKdW86VyiOJR2h3dlhj2eMfm5tpYaGMxQ6iIdVaXEftz4XSItvDZYnA1OzC0EWkMqPk6zpsWppr2ggynWOnLWsmBXkqyxKEpJGMLrx5jDoXG8y8uqm6a3NWYWM0pOMcGyYk9DMSb1W1vELjoXpyNBI2kaI2W8yU6/UdjSngvnB4ptfb5q4AckhnT77MZsVTlHpE4thhEUMZL+YcWLBYkhcmhapbmi6vFbYFIwPeI6XoNN/GrbYcTpujVDSLc8wYzvD6KuCdc6HmMCNGzCB2du5KBSgLDDNzCtoiQFTrRwsgYS7tifXD4R4Oh/vmjf0Fzdj9KowGKc3ZZ8OpM2z0aS3ykzz8tGvLvMvMEnfwXaCJqYD+vUbM+m///v39T/QFNdZFzYHw1lbOCoCj5c2iFD0H8Fhvbcpvs8UBfBnAKN1Numr3Hb7JeWVqvR8MZq7EmJ+DEG4cTBAIvCPgQbGgygFz/jsS/mqS2OafgX808fnE+h6Q4m73mWdIAcC8RDCitoEkewWREAZCvaGmIkipN1TEeTp0F833jyuxmf+eTa18jcm6KElMiA41UkfpM6y91RewXAc0K6GOg4UCMU+eeUXMLolkFaYKjGNEnUGd7ty/lAKa9moB/8U3vuakEkz/jchIrLswQtjkeU26k2pQwZC26jeYSfRSF+jE3D0wTOYZoJDNstSFWGCTIohd+HuitRkQKyKeLdaYgiROGVwomIV6GLo9CFE2RYqBCJw0VifwzwJNzHFhYYlp+RxJRq0lsgkeBtRUAWGpXObOoGlooctLsX008yE7U1mcgk9n0xGwD/psOpZpmiYj/zT5X2gq6lSQzgQxTxL29PWz7p84DK6kmH7uEloSDTmGtMCBiEeBvrPClXyDt6HRvKdFMQBOJbYx7kD5zwv84T5gXuRvgjFLHQ/s3ooAdqFsshywnEb+tTubEv2Hy7XGQ+g9Z/+bn/z5HwQG+RFvtnGoVoQIRqn6bIi3gLcDSeHeZikqJcagKbmEKF/7yIKp5AEuH0JtZyG4RAN9yGFOsPEB+i1WT0sAUqe/m8ajpOsT6Fo+de7L9Oz5rxNwJvV4qIbHVil19u7T7buXZG1ygQU3TQbmTK+JaZmlYk2jCqHRiMdBq5cDkB6wOYd8BDzHUrX9gB8bZxpcx79R6PbJ01/lCxc0iCzUKEeYUPkiSS3HwaguuRVa4JYZYwBgGfE0ZS11iGoBo7Go+4L2e/tktKwRrQ5/QLJe7bTG4ASUejlgNnYHI9EaLAuF0v0m92OvB5hNGw+iM58BHPTZg2gyMjvxoPYAQPOB1x96/9R3ouayGo8kFZQ8V7vOqWiw35t9ara3+Luh1lVMxlNRYFkNpiTlPTNCEA8dV/bOi4g39fjKk1KdaTgYC/YUhFY5CirzbWEOgRrqqe2WEswjtoxBKZFB9QeRQWsQV2PiMiORODZssU2/4SqHozr3/izMCQkR0ARBy/4nSUacsXppUHnr9PEX6ZXn/xG9+fb/klwDq9AkgGmhRk8/8Qf07a/9W1qtPc3rEYk7WUl1JPjQzXt/S9t7t1JmZZJp9tqotDYTo1pepZXlM5QkliOiYdMRS/p6p85m2+7k3Z5anX2mP/mwRF94+ttUq5wV5gqoKQ40vgTMFWbqhQ//gu7vvi9aqUS6BopzhEGJzqy/Rl984Y+luLAUeREelxOtzRLCsIShA9mhPQGZAHODcBGqcuZI6Go/wGwq5FdE8IxGXZpVj0Rfr6CHWjWPKbV4ar4P+vxhafJz8CJdjyhY7YJdvVw7RYmLzRe3lMt2GsddldTpff4hnGQFj3o0femD8nTHV59yQThWlESL0Q5ZwiCuH1oMCqlmlZHoMbQsgQfuN6inUvQmyKeJZQlp5ekuMwcAhzp2TSU35drHXvS3js/GCkYwlMKsY/XXyzsvIiFgBJdFhXX62mv/miqVVbpx523qomYF37fMjOrM+iv04jPfpmPLz/FhK7Hyr+ujBX3HkrNy8fJPxeyyHA6irF7DdBMqSDIChguzUj4uWo0WFlbwDyHNyJhsuuIo/n75c82Yq74vAmXwUTI/Geedq3MkLkwApm++9Wf0xjt/JuXapqUG6PL46q8lVf75J/6Ivy9qTUl5LorvTCYbJrb+TLtSe6O8IniBhVyP2CzKBYl89/XXvscM9mWJ29HYioRcwKu8qEe9IbGAl3DH//p3/0dC/C1ewQTio1P74e0zZg4WdKXcFvNcXjxFS4tnlCjcQRhL0MxAtIZe37lFkyw/3/p6fE0lNmILVpbPid87RmnyRHMq8FwE9QCMzO4I0lF8vK0SZT+T5qSh5OXiUjZXmKy8HmE0ot36ddprbkxJ5clRTGsygWdz1dlM6/S2+Bkl3gNXYxJAHQ70uEBri8/RN798hr76yvcEgwHJIBKyAPwjydMIKd4IKxYcA90ik3OP3n7vh3Tl+psOpPSyDQ9aHRs2qakDTUkjLkOX9p1oGXh+Tqu9w2M2F+tB+27es4TOnHiR1teeE88DCs5KqgChfiMiQK/SxWt/zUKnwcwjmpDf1k+vv0V9/pGCumM3HlP75ZpMopuFAexs/dhzbB4tibYXujAAq+QeMk2tr71IJ/kaFNcRHMK9XwTaiWJqsdb+DLq027xCH1z5rTAHX0tKHifZT7XHxhxm2TMPcXdq7yLgBAlX5FyHaiupbxjJO5CSCj5+MhxT1V9d9EWW1kvVU7yhcJOqzxscHaQqwVWtTaea++XHPu6YMr+//iuQdF9ErBLp8wO8fk+YA9LFb0h2YmbS7C/w4tuq9jt2752ATx9awUvPHpPQ30K0mmInAozBdUpFqrAKHMhrMXOSJi/5HdAw8JwokQI5o7jNDKRBFy7/iF5/6/vU7u0emR58fAil6taWYc4tyEERdT2xN3aNpUTgYNCZmPM0kzAtKZ8v0TNPfk3Ud42DsaLCQ6kavbX3ITWkaji8IMM0CC5IR6MtKmipwhgVvFHYVxgCgExXOp+SdBK4H5Gna2ySSq6KFHjRqEst6KL1LwoR8mBchKgLsJJ3kCRO+KEnhAHAGzeOqO8qw9tafZKMQeb8uDqa9lYcrWVGAO7L54pS5hxBKQJuuXBfkXxMfMgfQNisEYXYso9RY/ClLvj88ZXzzKjWxP7UkFin87EE2a3fEQk2Df4dpDb7zzhsjZJUI8K1GqyEjMdCviAl15HfAQmqEZJt2mHmgHT1YIKpTHloJvZGU5BjF6mIjMt33v8xnTv9KlVLJ5lBtAWACySnRaP2QvdSXyumAheeMAVgLyhZD18/H5z+8B69f/Wv6Se/+C9SMPXh9idjXogtWVs+LYV+NAwnJyI3TBCf0pNCvFbM12Y7xRpSjfPYyklmDq9J0pxE28rFcEEO5V2hKH/X6zcVoJxgNGZC6h4UJA4mQWQQfzOQ2BmEQRNl1bLdDitexQwOqdppqQFvfyxU2jQFoTdROTSpLxM46Av4Wk4yhTud3QlT6vFqy/vbvrdsT6PIB3H+DFHXxbRAjmmXiblbZoEp/nOEKAolWl5e1zdsSYZd7MChhAmPufzuTSVesc/GE1QxC+iahdj6h3PW9VIGDbQoqu1JddGNk1S1BSA2GHfp9r2LIhnNBLG+cuH+VFm//4MAOYkf8Cot2TUgTCTEScwGkDS8gYt06vXOfbqzeUlDlcNg5jN0Tlkac2r3B1lI9MXLPxHT5Ztf/TdsRrygIcHoJ1Y2KaVckdGMZ4Tq0kY6t0RB5tFvX14W85sL/5t+++4P2cy5R49KuLoOeUH6Vb0ei76kcTAIoKrTva3LZEV15B7vWRJvkCSpmQoms7QIUNBeeDQS7CJIxsJYb9x9T9yjwUxvisvwdQdegpekiI/m9+BnyHQ5HHXdOCab5o4EMo8gChz2EOh7MVImTcokkoyYzYRSt3Afbw6lzftXJAr206wzGaVLGmRSzbdRD5JyBoogU8+ir/CDv/37EY6MBJ1mM8uKnJaeqaeBueRe6yrtNN6lUv6k2PogVCRQbWxfoI377wuj0Hsn7a1ZcQPTjMqPIZg1N60urdwdBNbs3KVG+zqrfy0Bs2J5I3KbNnYu0OUbP8s2kDIGiDDVvmR1DvbNc5av2Rqi3xBWjPgF/ODfiPzD4Wi277HkuM4HGIEyRSFmlKK/de+3cihTcDsIJtZeqyYX0uw8jElDuSeZE1408/O3/yfd3rxIX3zhj+iZc9+klcWnBJTMBSVecmZI6AP1MfAuDBwS1lo6/R05qHgP5qWrr9PNuxc0UOhjNi2CskGt7i0CiQLsRL8xmwHXNl5nWvhANmlmfcwpyAXBTXjDVRiwCYiX9CRsFsW8P8MtuvjRX0mKdlodLMVtMu0B3Y+lPucmdVkzwguHRqy9IfsVKfJb9Q/o/s51G3k6DH2j91Xaa18R5pBnhqfMQcFkXKmRrpn2oHNX5jSGdkb6BrRRZ4+ub7wlZfaitMr2p2BWmKpp/n8j8lnBE9bw3WiUFQ+xz6wPtOlML7/NekmORHENu/T6r35AFz98XfzrkbxRWzBe6nR32D6+7K73kVpt/kt17LdpM1mAjWaxgYHZG8UnxzV2Y9HxfHDtDRrGDcJLuLApAI46naZwcGgxyOlYqGiuAvr01fdZLs3poiPGsCwfH2NCWLIWDSHdF57rhfd/Shv3rtNCEWneC+49mCNmojfYvNmY0Bb8OYMpgOEg3NZqRVhK9L494f6u3voNa0QX6MTaDyWRCgE8K7Wzkh1rtviYtaZ2b4ufe1swIABkME2sctIsJf9hGsbdG3To9bf+O717+acuEEsPNKT0XuOu1Ic4qE1jK9dvvUs//L//UbMinZkD5ooXEaG8X3/QIfN8HQRud7sN+tmv/ge9d/kNyrPAgrnS6u6KF6Hb36PN7RsTz0QDLf/sN/+NfnfpL5yJGKpn0kU7iCBytUjNOIpxQWxVtG0+MZs/LWbCV7UGRBLvEzqfVIugAVhUF+ZlacIWh20hsxM3OS3BJ0S9Ljv0Fgc+S/3BdxbXbe/EtFTlwQgS8aKr6aeZmIErD4bvtTbE5BuGrOoPxoPfGk8+ShNL9A3i4zQv3uLRLXzU5qBjDuVefNdiGw+va280mhK4guIYljCk7wAtpKmvVrTEzAP8G3/7z8BnxgRMgos5JeutbzG3RCHfE4PEqtubf+v2I5s7ni/2sBs3CozgGRZdiTk3XJ0DfIYaCTbvaU3LMJzhaMB2+Hvyg75Rck9ANFfgRt6uFY/S7FYQrLhXvaCjj9sQ3HTj9rt0g97d/2VArvDr4c0OKsDLRuvNmddkzPvwg4b5XuPx4GdWmy1AY7q7eUV+HkcLpwTNp9EiywIzlVMz20qSB4G/LVHGNAoQLw4dCEyZRC49HMhC3NvbFelsRKgqrT7MpLdVr7FkEnkzcqIpqkjIKrqEHhA2PkNfSH+2ghT43NdsNHV15PqNXdGPavrWb9xj5o6NY3pDMSdJDnMFWpAbgb6QvYkfJFHht0bk7ccO/P6MQeG3VfKxSkoYJ55lyTNGoFl2ol9cltycK3JtwWXvtdotKdQiL/lhVVULr9Rl3ZCdp1l4VVlf00qMWRujmGVSWaq6Ze7hElFrx5M2Pf6LnNtPK3qNZwKhH6dZ0dasJe6/5KGkppqKwdTYHr4vqxXhd2G/fEk/eU/Om8OU/8N/7PSyJfv/edAzPskmb9mGNAIhYaEWFxdlIAaegJD96jBG8CBuiVzMqYvG8tixICBok1ggWJOitlCa8qtlzEG0+LelGUvGGF+Gt05DYknlKMqntpgfLqqp4qrBQF3WAx6mYxi4zE9LY0bf+Btjt0NjzZiHhCsXVJIj+0/nNRQCw/wkmCdQoA7rgn4t6836s/VBf6Zl2TxN28JYrfCp/cZ1thZGtGpq6FqOhQHnU80CDBPjQ2EQXeuCe343zaDUNdZybJj/wYfBgbQ0CR5PH/r0QHkM/6A8kY/T/OK17kkzx/PgZi8i2n8aH0YSZ+PZ3w7q5yAQ/lHap601oEW+NDVOp0BWXj43puE3vxCoL8EzQtFF8YuF+jaZpWfjoJo0NWmrCUGUqtu4XYCbKTzB+rWqNgsLZWE4lllmNr8yg55LVNLxaDTaJChoGtEkFqHzMdsw5zLkDKex65QhZaCStclgFTuohbToqR+4ZOvn32M/WhdyPwCHAh9KgHpdp9OVOaDEGeZh2gm0HmiCxoSmMZ/J5gHSyaQnIJ2X1HygdA0/CfvXzNx9o3uEZ81S+w+a28OPx3U2857HZAo85FgfV4uSZPKgqctsnEpSy3YzArdDa4TmI+Mm2bWQSOgIs0DTi2eptFD35cWl7rnoV9OJNVik2x26549T8G4W/mF4B8YM5mAVl61YpjEDA0w1PXicHhT8xqECI8S8YJtrS5yNzdcm+tIU/2D5VYANE/FbGnDkrrPcesN5ptd1+qBZNR/TjEpSZi2f3qseES0ma1oU5g8NATUFrdCM5e8bsz4KwR6OH2QvYPnk2iym82gHbbZK/rB9HcQED+/n8ZgDn77WgBaBTszetcq9sOFBaOpTHae58mggPhxqmB9o2Su8ghR5xyGAjW2ptL4Xw641jMDsbrXLy/JsPBdmjUlxmC6Qknqo9ktnTUPW78wMgoQ2dRtjwBysXh7scS2q0XWHV4FD3IsDpcVWslx31Si0Hyl33h9o6q3TgqC2Y2yWL++NTsZk705YkirSI5HkeLYPrPqagjEgw3as6pICuVk8iWlCAEpRB0JSqBdK+lq3EHn9OgfDZKwe4dGk72dDkJPtcY3hs+zn87COj9YiEK0h4KAZEBFsWSMiH1W3Q63l16PUPNBCLllhDStfjuv9UtfW7JCaBpH120qfa8CZqeBanswvzqrNbHbrp+Jci2AGGKMdYDtwsw9I4lXKGadjxjXATqwPreGXuAi2rHqTPds0LvsOB7bfp3QdVCvC+sQTwCA+84u/WGFQXZdhqpVZpR4rK2a4ApgsGGu93kirfPf72RramD4JbGDe/u62SE2BLDDGCDarHrSfoPBvEPM0DuCr3ObWm1afzZUIaWvE7ccHGFPx+waRG5PKPldmphhCPpXsGINda+aKf58/t+lYC5vTfnwk03am77O52ucTb6uaipQ0hjgLxJu+1u/TH6+WkUtS4NWv0mSa23SMxUHjnrd5O6yl1aenmxHvYRGS+91hwcTf0/n7/qHTF7bsjyL0Q4hn9WVNA0tUKoLZQFVHs8q79szDIienP58GUO23L+FnrYff3/RaTv/7sHWdXj//udY/zDhjqlYb0iIyZ81j1hjmbd6O0g5MvHqQ+nk44n3wNRZNiDYLRT6o38Oe55su0wjxrHkcNLeDnmHXH3Tfw6jqj3KteUcsis+0CZ8h+Gt5lL2Zt3l7UHvkrMyjEN9B18zSDh50z2HPm67h+Kjt832gZgOxvrfD/27e5u3jts+k2MvjlmyTQTu/Pwfj93Xe8/bptM+EOTxuQv59PRjBnCHM2yfYPgc1JOdt3ubt89jmzGHe5m3eZrY5c5i3eZu3mW3OHOZt3uZtZpszh3mbt3mb2ebMYd7mbd5mtjlzmLd5m7eZbc4c5m3e5m1mmzOHeZu3eZvZ5sxh3uZt3ma2aB6BO2/zNm+z2gGaQ/B3Nm4/S3/WoqHz9mjtsyiVPm+fbvv/6TlRAFeaKjsAAAAASUVORK5CYII=');
INSERT INTO LeagueSettings VALUES(5,1764253513,1764350769,912554677,1535109519,'ThemeSetups','String','{"Setups":[{"Setup":{"UsedThemes":[{"ThemeId":"F1TotalDiv1","Version":"1.0","UserProperties":{"Properties":{}},"IsActive":true},{"ThemeId":"F1TotalDiv2","Version":"1.0","UserProperties":{"Properties":{}},"IsActive":false},{"ThemeId":"F1TotalDiv3","Version":"1.0","UserProperties":{"Properties":{}},"IsActive":false}],"LayoutMappings":[]},"LeagueCategoryId":1},{"Setup":{"Name":"Div 1","UsedThemes":[{"ThemeId":"F1TotalDiv1","Version":"1.0","UserProperties":{"Properties":{}},"IsActive":true}],"LayoutMappings":[]}},{"Setup":{"Name":"Div 2","UsedThemes":[{"ThemeId":"F1TotalDiv2","Version":"1.0","UserProperties":{"Properties":{}},"IsActive":true}],"LayoutMappings":[]},"LeagueCategoryId":2},{"Setup":{"Name":"Div 3","UsedThemes":[{"ThemeId":"F1TotalDiv3","Version":"1.0","UserProperties":{"Properties":{"g1":"Custom Colour","g2":false,"g3":"Custom Avatars","var1":"Winner"}},"LocalizationId":"en-GB","IsActive":true}],"LayoutMappings":[]},"LeagueCategoryId":3}],"ActiveSetupName":"Div 3"}');
INSERT INTO LeagueSettings VALUES(6,1764258812,1764267448,912554677,912554677,'IsOverwriteDriverRaceNumberFromSessionData','Boolean','False');
INSERT INTO LeagueSettings VALUES(7,1764258812,1764267448,912554677,912554677,'IsLineupsRenderReserves','Boolean','False');
INSERT INTO LeagueSettings VALUES(8,1764258813,1764267448,912554677,912554677,'RenderOutputQuality','Int32','85');
INSERT INTO LeagueSettings VALUES(9,1764258813,1764267448,912554677,912554677,'RenderPenaltiesSummaryMaxDrivers','Int32','30');
CREATE TABLE IF NOT EXISTS "Nationalities" (
    "Id" INTEGER NOT NULL CONSTRAINT "PK_Nationalities" PRIMARY KEY AUTOINCREMENT,
    "Name" TEXT NOT NULL,
    "Code" TEXT NULL,
    "CreatedAt" INTEGER NOT NULL,
    "UpdatedAt" INTEGER NOT NULL,
    "UserCreated" INTEGER NOT NULL,
    "UserUpdated" INTEGER NOT NULL
, "ColorString" TEXT NULL, "SecondaryColorString" TEXT NULL, "TertiaryColorString" TEXT NULL);
INSERT INTO Nationalities VALUES(1,'Afghanistan','AFG',1764005352,0,1535109519,0,NULL,NULL,NULL);
INSERT INTO Nationalities VALUES(2,'Aland Islands','ALA',1764005352,0,1535109519,0,NULL,NULL,NULL);
INSERT INTO Nationalities VALUES(3,'Albania','ALB',1764005352,0,1535109519,0,NULL,NULL,NULL);
INSERT INTO Nationalities VALUES(4,'Algeria','ALG',1764005352,0,1535109519,0,NULL,NULL,NULL);
INSERT INTO Nationalities VALUES(5,'American Samoa','ASA',1764005352,0,1535109519,0,NULL,NULL,NULL);
INSERT INTO Nationalities VALUES(6,'Andorra','AND',1764005352,0,1535109519,0,NULL,NULL,NULL);
INSERT INTO Nationalities VALUES(7,'Angola','ANG',1764005352,0,1535109519,0,NULL,NULL,NULL);
INSERT INTO Nationalities VALUES(8,'Anguilla','AIA',1764005352,0,1535109519,0,NULL,NULL,NULL);
INSERT INTO Nationalities VALUES(9,'Antigua And Barbuda','ATG',1764005352,0,1535109519,0,NULL,NULL,NULL);
INSERT INTO Nationalities VALUES(10,'Argentina','ARG',1764005352,0,1535109519,0,NULL,NULL,NULL);
INSERT INTO Nationalities VALUES(11,'Armenia','ARM',1764005352,0,1535109519,0,NULL,NULL,NULL);
INSERT INTO Nationalities VALUES(12,'Aruba','ARU',1764005352,0,1535109519,0,NULL,NULL,NULL);
INSERT INTO Nationalities VALUES(13,'Australia','AUS',1764005352,0,1535109519,0,NULL,NULL,NULL);
INSERT INTO Nationalities VALUES(14,'Austria','AUT',1764005352,0,1535109519,0,NULL,NULL,NULL);
INSERT INTO Nationalities VALUES(15,'Azerbaijan','AZE',1764005352,0,1535109519,0,NULL,NULL,NULL);
INSERT INTO Nationalities VALUES(16,'Azores Islands','AZO',1764005352,0,1535109519,0,NULL,NULL,NULL);
INSERT INTO Nationalities VALUES(17,'Bahamas','BAH',1764005352,0,1535109519,0,NULL,NULL,NULL);
INSERT INTO Nationalities VALUES(18,'Bahrain','BHR',1764005352,0,1535109519,0,NULL,NULL,NULL);
INSERT INTO Nationalities VALUES(19,'Balearic Islands','BAL',1764005352,0,1535109519,0,NULL,NULL,NULL);
INSERT INTO Nationalities VALUES(20,'Bangladesh','BAN',1764005352,0,1535109519,0,NULL,NULL,NULL);
INSERT INTO Nationalities VALUES(21,'Barbados','BRB',1764005352,0,1535109519,0,NULL,NULL,NULL);
INSERT INTO Nationalities VALUES(22,'Basque Country','BAS',1764005352,0,1535109519,0,NULL,NULL,NULL);
INSERT INTO Nationalities VALUES(23,'Belarus','BLR',1764005352,0,1535109519,0,NULL,NULL,NULL);
INSERT INTO Nationalities VALUES(24,'Belgium','BEL',1764005352,0,1535109519,0,NULL,NULL,NULL);
INSERT INTO Nationalities VALUES(25,'Belize','BLZ',1764005352,0,1535109519,0,NULL,NULL,NULL);
INSERT INTO Nationalities VALUES(26,'Benin','BEN',1764005352,0,1535109519,0,NULL,NULL,NULL);
INSERT INTO Nationalities VALUES(27,'Bermuda','BER',1764005352,0,1535109519,0,NULL,NULL,NULL);
INSERT INTO Nationalities VALUES(28,'Bhutan','BHU',1764005352,0,1535109519,0,NULL,NULL,NULL);
INSERT INTO Nationalities VALUES(29,'Bolivia','BOL',1764005352,0,1535109519,0,NULL,NULL,NULL);
INSERT INTO Nationalities VALUES(30,'Bonaire','BES',1764005352,0,1535109519,0,NULL,NULL,NULL);
INSERT INTO Nationalities VALUES(31,'Bosnia And Herzegovina','BIH',1764005352,0,1535109519,0,NULL,NULL,NULL);
INSERT INTO Nationalities VALUES(32,'Botswana','BOT',1764005352,0,1535109519,0,NULL,NULL,NULL);
INSERT INTO Nationalities VALUES(33,'Brazil','BRA',1764005352,0,1535109519,0,NULL,NULL,NULL);
INSERT INTO Nationalities VALUES(34,'British Indian Ocean Territory','IOT',1764005352,0,1535109519,0,NULL,NULL,NULL);
INSERT INTO Nationalities VALUES(35,'Brunei','BRU',1764005352,0,1535109519,0,NULL,NULL,NULL);
INSERT INTO Nationalities VALUES(36,'Bulgaria','BUL',1764005352,0,1535109519,0,NULL,NULL,NULL);
INSERT INTO Nationalities VALUES(37,'Burkina Faso','BFA',1764005352,0,1535109519,0,NULL,NULL,NULL);
INSERT INTO Nationalities VALUES(38,'Burundi','BDI',1764005352,0,1535109519,0,NULL,NULL,NULL);
INSERT INTO Nationalities VALUES(39,'Cambodia','CAM',1764005352,0,1535109519,0,NULL,NULL,NULL);
INSERT INTO Nationalities VALUES(40,'Cameroon','CMR',1764005352,0,1535109519,0,NULL,NULL,NULL);
INSERT INTO Nationalities VALUES(41,'Canada','CAN',1764005352,0,1535109519,0,NULL,NULL,NULL);
INSERT INTO Nationalities VALUES(42,'Cape Verde','CPV',1764005352,0,1535109519,0,NULL,NULL,NULL);
INSERT INTO Nationalities VALUES(43,'Cayman Islands','CAY',1764005352,0,1535109519,0,NULL,NULL,NULL);
INSERT INTO Nationalities VALUES(44,'Central African Republic','CTA',1764005352,0,1535109519,0,NULL,NULL,NULL);
INSERT INTO Nationalities VALUES(45,'Chad','CHA',1764005352,0,1535109519,0,NULL,NULL,NULL);
INSERT INTO Nationalities VALUES(46,'Chile','CHI',1764005352,0,1535109519,0,NULL,NULL,NULL);
INSERT INTO Nationalities VALUES(47,'China','CHN',1764005352,0,1535109519,0,NULL,NULL,NULL);
INSERT INTO Nationalities VALUES(48,'Christmas Island','CXR',1764005352,0,1535109519,0,NULL,NULL,NULL);
INSERT INTO Nationalities VALUES(49,'Cocos Island','CCK',1764005352,0,1535109519,0,NULL,NULL,NULL);
INSERT INTO Nationalities VALUES(50,'Colombia','COL',1764005352,0,1535109519,0,NULL,NULL,NULL);
INSERT INTO Nationalities VALUES(51,'Comoros','COM',1764005352,0,1535109519,0,NULL,NULL,NULL);
INSERT INTO Nationalities VALUES(52,'Cook Islands','COK',1764005352,0,1535109519,0,NULL,NULL,NULL);
INSERT INTO Nationalities VALUES(53,'Costa Rica','CRC',1764005352,0,1535109519,0,NULL,NULL,NULL);
INSERT INTO Nationalities VALUES(54,'Croatia','CRO',1764005352,0,1535109519,0,NULL,NULL,NULL);
INSERT INTO Nationalities VALUES(55,'Cuba','CUB',1764005352,0,1535109519,0,NULL,NULL,NULL);
INSERT INTO Nationalities VALUES(56,'Curacao','CUW',1764005352,0,1535109519,0,NULL,NULL,NULL);
INSERT INTO Nationalities VALUES(57,'Cyprus','CYP',1764005352,0,1535109519,0,NULL,NULL,NULL);
INSERT INTO Nationalities VALUES(58,'Czech Republic','CZE',1764005352,0,1535109519,0,NULL,NULL,NULL);
INSERT INTO Nationalities VALUES(59,'Democratic Republic Of Congo','COG',1764005352,0,1535109519,0,NULL,NULL,NULL);
INSERT INTO Nationalities VALUES(60,'Denmark','DEN',1764005352,0,1535109519,0,NULL,NULL,NULL);
INSERT INTO Nationalities VALUES(61,'Djibouti','DJI',1764005352,0,1535109519,0,NULL,NULL,NULL);
INSERT INTO Nationalities VALUES(62,'Dominica','DMA',1764005352,0,1535109519,0,NULL,NULL,NULL);
INSERT INTO Nationalities VALUES(63,'Dominican Republic','DOM',1764005352,0,1535109519,0,NULL,NULL,NULL);
INSERT INTO Nationalities VALUES(64,'East Timor','TLS',1764005352,0,1535109519,0,NULL,NULL,NULL);
INSERT INTO Nationalities VALUES(65,'Ecuador','ECU',1764005352,0,1535109519,0,NULL,NULL,NULL);
INSERT INTO Nationalities VALUES(66,'Egypt','EGY',1764005352,0,1535109519,0,NULL,NULL,NULL);
INSERT INTO Nationalities VALUES(67,'England','ENG',1764005352,0,1535109519,0,NULL,NULL,NULL);
INSERT INTO Nationalities VALUES(68,'Equatorial Guinea','EQG',1764005352,0,1535109519,0,NULL,NULL,NULL);
INSERT INTO Nationalities VALUES(69,'Eritrea','ERI',1764005352,0,1535109519,0,NULL,NULL,NULL);
INSERT INTO Nationalities VALUES(70,'Estonia','EST',1764005352,0,1535109519,0,NULL,NULL,NULL);
INSERT INTO Nationalities VALUES(71,'Ethiopia','ETH',1764005352,0,1535109519,0,NULL,NULL,NULL);
INSERT INTO Nationalities VALUES(72,'European Union','EUR',1764005352,0,1535109519,0,NULL,NULL,NULL);
INSERT INTO Nationalities VALUES(73,'Falkland Islands','FLK',1764005352,0,1535109519,0,NULL,NULL,NULL);
INSERT INTO Nationalities VALUES(74,'Faroe Islands','FRO',1764005352,0,1535109519,0,NULL,NULL,NULL);
INSERT INTO Nationalities VALUES(75,'Fiji','FIJ',1764005352,0,1535109519,0,NULL,NULL,NULL);
INSERT INTO Nationalities VALUES(76,'Finland','FIN',1764005352,0,1535109519,0,NULL,NULL,NULL);
INSERT INTO Nationalities VALUES(77,'France','FRA',1764005352,0,1535109519,0,NULL,NULL,NULL);
INSERT INTO Nationalities VALUES(78,'French Polynesia','PYF',1764005352,0,1535109519,0,NULL,NULL,NULL);
INSERT INTO Nationalities VALUES(79,'Gabon','GAB',1764005352,0,1535109519,0,NULL,NULL,NULL);
INSERT INTO Nationalities VALUES(80,'Galapagos Islands','GLI',1764005352,0,1535109519,0,NULL,NULL,NULL);
INSERT INTO Nationalities VALUES(81,'Gambia','GAM',1764005352,0,1535109519,0,NULL,NULL,NULL);
INSERT INTO Nationalities VALUES(82,'Georgia','GEO',1764005352,0,1535109519,0,NULL,NULL,NULL);
INSERT INTO Nationalities VALUES(83,'Germany','GER',1764005352,0,1535109519,0,NULL,NULL,NULL);
INSERT INTO Nationalities VALUES(84,'Ghana','GHA',1764005352,0,1535109519,0,NULL,NULL,NULL);
INSERT INTO Nationalities VALUES(85,'Gibraltar','GIB',1764005352,0,1535109519,0,NULL,NULL,NULL);
INSERT INTO Nationalities VALUES(86,'Greece','GRE',1764005352,0,1535109519,0,NULL,NULL,NULL);
INSERT INTO Nationalities VALUES(87,'Greenland','GRL',1764005352,0,1535109519,0,NULL,NULL,NULL);
INSERT INTO Nationalities VALUES(88,'Grenada','GRN',1764005352,0,1535109519,0,NULL,NULL,NULL);
INSERT INTO Nationalities VALUES(89,'Guam','GUM',1764005352,0,1535109519,0,NULL,NULL,NULL);
INSERT INTO Nationalities VALUES(90,'Guatemala','GUA',1764005352,0,1535109519,0,NULL,NULL,NULL);
INSERT INTO Nationalities VALUES(91,'Guyana','GUY',1764005352,0,1535109519,0,NULL,NULL,NULL);
INSERT INTO Nationalities VALUES(92,'Guernsey','GGY',1764005352,0,1535109519,0,NULL,NULL,NULL);
INSERT INTO Nationalities VALUES(93,'Guinea','GUI',1764005352,0,1535109519,0,NULL,NULL,NULL);
INSERT INTO Nationalities VALUES(94,'Guinea Bissau','GNB',1764005352,0,1535109519,0,NULL,NULL,NULL);
INSERT INTO Nationalities VALUES(95,'Haiti','HAI',1764005352,0,1535109519,0,NULL,NULL,NULL);
INSERT INTO Nationalities VALUES(96,'Hawaii','HAW',1764005352,0,1535109519,0,NULL,NULL,NULL);
INSERT INTO Nationalities VALUES(97,'Honduras','HON',1764005352,0,1535109519,0,NULL,NULL,NULL);
INSERT INTO Nationalities VALUES(98,'Hong Kong','HKG',1764005352,0,1535109519,0,NULL,NULL,NULL);
INSERT INTO Nationalities VALUES(99,'Hungary','HUN',1764005352,0,1535109519,0,NULL,NULL,NULL);
INSERT INTO Nationalities VALUES(100,'Iceland','ISL',1764005352,0,1535109519,0,NULL,NULL,NULL);
INSERT INTO Nationalities VALUES(101,'India','IND',1764005352,0,1535109519,0,NULL,NULL,NULL);
INSERT INTO Nationalities VALUES(102,'Indonesia','IDN',1764005352,0,1535109519,0,NULL,NULL,NULL);
INSERT INTO Nationalities VALUES(103,'Iran','IRN',1764005352,0,1535109519,0,NULL,NULL,NULL);
INSERT INTO Nationalities VALUES(104,'Iraq','IRQ',1764005352,0,1535109519,0,NULL,NULL,NULL);
INSERT INTO Nationalities VALUES(105,'Ireland','IRL',1764005352,0,1535109519,0,NULL,NULL,NULL);
INSERT INTO Nationalities VALUES(106,'Isle Of Man','IMN',1764005352,0,1535109519,0,NULL,NULL,NULL);
INSERT INTO Nationalities VALUES(107,'Israel','ISR',1764005352,0,1535109519,0,NULL,NULL,NULL);
INSERT INTO Nationalities VALUES(108,'Italy','ITA',1764005352,0,1535109519,0,NULL,NULL,NULL);
INSERT INTO Nationalities VALUES(109,'Ivory Coast','CIV',1764005352,0,1535109519,0,NULL,NULL,NULL);
INSERT INTO Nationalities VALUES(110,'Jamaica','JAM',1764005352,0,1535109519,0,NULL,NULL,NULL);
INSERT INTO Nationalities VALUES(111,'Japan','JPN',1764005352,0,1535109519,0,NULL,NULL,NULL);
INSERT INTO Nationalities VALUES(112,'Jersey','JEY',1764005352,0,1535109519,0,NULL,NULL,NULL);
INSERT INTO Nationalities VALUES(113,'Jordan','JOR',1764005352,0,1535109519,0,NULL,NULL,NULL);
INSERT INTO Nationalities VALUES(114,'Kazakhstan','KAZ',1764005352,0,1535109519,0,NULL,NULL,NULL);
INSERT INTO Nationalities VALUES(115,'Kenya','KEN',1764005352,0,1535109519,0,NULL,NULL,NULL);
INSERT INTO Nationalities VALUES(116,'Kiribati','KIR',1764005352,0,1535109519,0,NULL,NULL,NULL);
INSERT INTO Nationalities VALUES(117,'Kosovo','KVX',1764005352,0,1535109519,0,NULL,NULL,NULL);
INSERT INTO Nationalities VALUES(118,'Kuwait','KUW',1764005352,0,1535109519,0,NULL,NULL,NULL);
INSERT INTO Nationalities VALUES(119,'Kyrgyzstan','KGZ',1764005352,0,1535109519,0,NULL,NULL,NULL);
INSERT INTO Nationalities VALUES(120,'Laos','LAO',1764005352,0,1535109519,0,NULL,NULL,NULL);
INSERT INTO Nationalities VALUES(121,'Latvia','LVA',1764005352,0,1535109519,0,NULL,NULL,NULL);
INSERT INTO Nationalities VALUES(122,'Lebanon','LBN',1764005352,0,1535109519,0,NULL,NULL,NULL);
INSERT INTO Nationalities VALUES(123,'Lesotho','LES',1764005352,0,1535109519,0,NULL,NULL,NULL);
INSERT INTO Nationalities VALUES(124,'Liberia','LBR',1764005352,0,1535109519,0,NULL,NULL,NULL);
INSERT INTO Nationalities VALUES(125,'Libya','LBY',1764005352,0,1535109519,0,NULL,NULL,NULL);
INSERT INTO Nationalities VALUES(126,'Liechtenstein','LIE',1764005352,0,1535109519,0,NULL,NULL,NULL);
INSERT INTO Nationalities VALUES(127,'Lithuania','LTU',1764005352,0,1535109519,0,NULL,NULL,NULL);
INSERT INTO Nationalities VALUES(128,'Luxembourg','LUX',1764005352,0,1535109519,0,NULL,NULL,NULL);
INSERT INTO Nationalities VALUES(129,'Macao','MAC',1764005352,0,1535109519,0,NULL,NULL,NULL);
INSERT INTO Nationalities VALUES(130,'Madagascar','MAD',1764005352,0,1535109519,0,NULL,NULL,NULL);
INSERT INTO Nationalities VALUES(131,'Madeira','MDR',1764005352,0,1535109519,0,NULL,NULL,NULL);
INSERT INTO Nationalities VALUES(132,'Malawi','MWI',1764005352,0,1535109519,0,NULL,NULL,NULL);
INSERT INTO Nationalities VALUES(133,'Malaysia','MAS',1764005352,0,1535109519,0,NULL,NULL,NULL);
INSERT INTO Nationalities VALUES(134,'Maldives','MDV',1764005352,0,1535109519,0,NULL,NULL,NULL);
INSERT INTO Nationalities VALUES(135,'Mali','MLI',1764005352,0,1535109519,0,NULL,NULL,NULL);
INSERT INTO Nationalities VALUES(136,'Malta','MLT',1764005352,0,1535109519,0,NULL,NULL,NULL);
INSERT INTO Nationalities VALUES(137,'Marshall Island','MHL',1764005352,0,1535109519,0,NULL,NULL,NULL);
INSERT INTO Nationalities VALUES(138,'Martinique','MTQ',1764005352,0,1535109519,0,NULL,NULL,NULL);
INSERT INTO Nationalities VALUES(139,'Mauritania','MTN',1764005352,0,1535109519,0,NULL,NULL,NULL);
INSERT INTO Nationalities VALUES(140,'Mauritius','MRI',1764005352,0,1535109519,0,NULL,NULL,NULL);
INSERT INTO Nationalities VALUES(141,'Melilla','MEL',1764005352,0,1535109519,0,NULL,NULL,NULL);
INSERT INTO Nationalities VALUES(142,'Mexico','MEX',1764005352,0,1535109519,0,NULL,NULL,NULL);
INSERT INTO Nationalities VALUES(143,'Micronesia','FSM',1764005352,0,1535109519,0,NULL,NULL,NULL);
INSERT INTO Nationalities VALUES(144,'Moldova','MDA',1764005352,0,1535109519,0,NULL,NULL,NULL);
INSERT INTO Nationalities VALUES(145,'Monaco','MON',1764005352,0,1535109519,0,NULL,NULL,NULL);
INSERT INTO Nationalities VALUES(146,'Mongolia','MNG',1764005352,0,1535109519,0,NULL,NULL,NULL);
INSERT INTO Nationalities VALUES(147,'Montenegro','MNE',1764005352,0,1535109519,0,NULL,NULL,NULL);
INSERT INTO Nationalities VALUES(148,'Montserrat','MSR',1764005352,0,1535109519,0,NULL,NULL,NULL);
INSERT INTO Nationalities VALUES(149,'Morocco','MAR',1764005352,0,1535109519,0,NULL,NULL,NULL);
INSERT INTO Nationalities VALUES(150,'Mozambique','MOZ',1764005352,0,1535109519,0,NULL,NULL,NULL);
INSERT INTO Nationalities VALUES(151,'Myanmar','MYA',1764005352,0,1535109519,0,NULL,NULL,NULL);
INSERT INTO Nationalities VALUES(152,'Namibia','NAM',1764005352,0,1535109519,0,NULL,NULL,NULL);
INSERT INTO Nationalities VALUES(153,'Nauru','NRU',1764005352,0,1535109519,0,NULL,NULL,NULL);
INSERT INTO Nationalities VALUES(154,'Nepal','NEP',1764005352,0,1535109519,0,NULL,NULL,NULL);
INSERT INTO Nationalities VALUES(155,'Netherlands','NED',1764005352,0,1535109519,0,NULL,NULL,NULL);
INSERT INTO Nationalities VALUES(156,'New Zealand','NZL',1764005352,0,1535109519,0,NULL,NULL,NULL);
INSERT INTO Nationalities VALUES(157,'Nicaragua','NCA',1764005352,0,1535109519,0,NULL,NULL,NULL);
INSERT INTO Nationalities VALUES(158,'Niger','NIG',1764005352,0,1535109519,0,NULL,NULL,NULL);
INSERT INTO Nationalities VALUES(159,'Nigeria','NGA',1764005352,0,1535109519,0,NULL,NULL,NULL);
INSERT INTO Nationalities VALUES(160,'Niue','NIU',1764005352,0,1535109519,0,NULL,NULL,NULL);
INSERT INTO Nationalities VALUES(161,'Norfolk Island','NFK',1764005352,0,1535109519,0,NULL,NULL,NULL);
INSERT INTO Nationalities VALUES(162,'North Korea','PRK',1764005352,0,1535109519,0,NULL,NULL,NULL);
INSERT INTO Nationalities VALUES(163,'Northern Marianas Islands','MNR',1764005352,0,1535109519,0,NULL,NULL,NULL);
INSERT INTO Nationalities VALUES(164,'Norway','NOR',1764005352,0,1535109519,0,NULL,NULL,NULL);
INSERT INTO Nationalities VALUES(165,'Northern Ireland','NIR',1764005352,0,1535109519,0,NULL,NULL,NULL);
INSERT INTO Nationalities VALUES(166,'Oman','OMA',1764005352,0,1535109519,0,NULL,NULL,NULL);
INSERT INTO Nationalities VALUES(167,'Ossetia','OSS',1764005352,0,1535109519,0,NULL,NULL,NULL);
INSERT INTO Nationalities VALUES(168,'Pakistan','PAK',1764005352,0,1535109519,0,NULL,NULL,NULL);
INSERT INTO Nationalities VALUES(169,'Palau','PLW',1764005352,0,1535109519,0,NULL,NULL,NULL);
INSERT INTO Nationalities VALUES(170,'Palestine','PLE',1764005352,0,1535109519,0,NULL,NULL,NULL);
INSERT INTO Nationalities VALUES(171,'Panama','PAN',1764005352,0,1535109519,0,NULL,NULL,NULL);
INSERT INTO Nationalities VALUES(172,'Papua New Guinea','PNG',1764005352,0,1535109519,0,NULL,NULL,NULL);
INSERT INTO Nationalities VALUES(173,'Paraguay','PAR',1764005352,0,1535109519,0,NULL,NULL,NULL);
INSERT INTO Nationalities VALUES(174,'Peru','PER',1764005352,0,1535109519,0,NULL,NULL,NULL);
INSERT INTO Nationalities VALUES(175,'Philippines','PHL',1764005352,0,1535109519,0,NULL,NULL,NULL);
INSERT INTO Nationalities VALUES(176,'Pitcairn Islands','PCN',1764005352,0,1535109519,0,NULL,NULL,NULL);
INSERT INTO Nationalities VALUES(177,'Poland','POL',1764005352,0,1535109519,0,NULL,NULL,NULL);
INSERT INTO Nationalities VALUES(178,'Portugal','POR',1764005352,0,1535109519,0,NULL,NULL,NULL);
INSERT INTO Nationalities VALUES(179,'Puerto Rico','PUR',1764005352,0,1535109519,0,NULL,NULL,NULL);
INSERT INTO Nationalities VALUES(180,'Qatar','QAT',1764005352,0,1535109519,0,NULL,NULL,NULL);
INSERT INTO Nationalities VALUES(181,'Republic Of Macedonia','MKD',1764005352,0,1535109519,0,NULL,NULL,NULL);
INSERT INTO Nationalities VALUES(182,'Romania','ROU',1764005352,0,1535109519,0,NULL,NULL,NULL);
INSERT INTO Nationalities VALUES(183,'Russia','RUS',1764005352,0,1535109519,0,NULL,NULL,NULL);
INSERT INTO Nationalities VALUES(184,'Rwanda','RWA',1764005352,0,1535109519,0,NULL,NULL,NULL);
INSERT INTO Nationalities VALUES(185,'Salvador','SLV',1764005352,0,1535109519,0,NULL,NULL,NULL);
INSERT INTO Nationalities VALUES(186,'Samoa','SAM',1764005352,0,1535109519,0,NULL,NULL,NULL);
INSERT INTO Nationalities VALUES(187,'San Marino','SMR',1764005352,0,1535109519,0,NULL,NULL,NULL);
INSERT INTO Nationalities VALUES(188,'Sao Tome And Principe','STP',1764005352,0,1535109519,0,NULL,NULL,NULL);
INSERT INTO Nationalities VALUES(189,'Saudi Arabia','KSA',1764005352,0,1535109519,0,NULL,NULL,NULL);
INSERT INTO Nationalities VALUES(190,'Scotland','SCO',1764005352,0,1535109519,0,NULL,NULL,NULL);
INSERT INTO Nationalities VALUES(191,'Senegal','SEN',1764005352,0,1535109519,0,NULL,NULL,NULL);
INSERT INTO Nationalities VALUES(192,'Serbia','SRB',1764005352,0,1535109519,0,NULL,NULL,NULL);
INSERT INTO Nationalities VALUES(193,'Seychelles','SEY',1764005352,0,1535109519,0,NULL,NULL,NULL);
INSERT INTO Nationalities VALUES(194,'Sierra Leone','SLE',1764005352,0,1535109519,0,NULL,NULL,NULL);
INSERT INTO Nationalities VALUES(195,'Singapore','SIN',1764005352,0,1535109519,0,NULL,NULL,NULL);
INSERT INTO Nationalities VALUES(196,'Sint Maarten','SXM',1764005352,0,1535109519,0,NULL,NULL,NULL);
INSERT INTO Nationalities VALUES(197,'Slovakia','SVK',1764005352,0,1535109519,0,NULL,NULL,NULL);
INSERT INTO Nationalities VALUES(198,'Slovenia','SVN',1764005352,0,1535109519,0,NULL,NULL,NULL);
INSERT INTO Nationalities VALUES(199,'Solomon Islands','SOL',1764005352,0,1535109519,0,NULL,NULL,NULL);
INSERT INTO Nationalities VALUES(200,'Somalia','SOM',1764005352,0,1535109519,0,NULL,NULL,NULL);
INSERT INTO Nationalities VALUES(201,'South Africa','RSA',1764005352,0,1535109519,0,NULL,NULL,NULL);
INSERT INTO Nationalities VALUES(202,'South Korea','KOR',1764005352,0,1535109519,0,NULL,NULL,NULL);
INSERT INTO Nationalities VALUES(203,'South Sudan','SSD',1764005352,0,1535109519,0,NULL,NULL,NULL);
INSERT INTO Nationalities VALUES(204,'Spain','ESP',1764005352,0,1535109519,0,NULL,NULL,NULL);
INSERT INTO Nationalities VALUES(205,'Sri Lanka','SRI',1764005352,0,1535109519,0,NULL,NULL,NULL);
INSERT INTO Nationalities VALUES(206,'St Vincent And The Grenadines','VAG',1764005352,0,1535109519,0,NULL,NULL,NULL);
INSERT INTO Nationalities VALUES(207,'Sudan','SDN',1764005352,0,1535109519,0,NULL,NULL,NULL);
INSERT INTO Nationalities VALUES(208,'Suriname','SUR',1764005352,0,1535109519,0,NULL,NULL,NULL);
INSERT INTO Nationalities VALUES(209,'Sweden','SWE',1764005352,0,1535109519,0,NULL,NULL,NULL);
INSERT INTO Nationalities VALUES(210,'Switzerland','SUI',1764005352,0,1535109519,0,NULL,NULL,NULL);
INSERT INTO Nationalities VALUES(211,'Syria','SYR',1764005352,0,1535109519,0,NULL,NULL,NULL);
INSERT INTO Nationalities VALUES(212,'Taiwan','TWN',1764005352,0,1535109519,0,NULL,NULL,NULL);
INSERT INTO Nationalities VALUES(213,'Tajikistan','TJK',1764005352,0,1535109519,0,NULL,NULL,NULL);
INSERT INTO Nationalities VALUES(214,'Tanzania','TAN',1764005352,0,1535109519,0,NULL,NULL,NULL);
INSERT INTO Nationalities VALUES(215,'Thailand','THA',1764005352,0,1535109519,0,NULL,NULL,NULL);
INSERT INTO Nationalities VALUES(216,'Tibet','TIB',1764005352,0,1535109519,0,NULL,NULL,NULL);
INSERT INTO Nationalities VALUES(217,'Togo','TOG',1764005352,0,1535109519,0,NULL,NULL,NULL);
INSERT INTO Nationalities VALUES(218,'Tokelau','TKL',1764005352,0,1535109519,0,NULL,NULL,NULL);
INSERT INTO Nationalities VALUES(219,'Tonga','TGA',1764005352,0,1535109519,0,NULL,NULL,NULL);
INSERT INTO Nationalities VALUES(220,'Trinidad And Tobago','TRI',1764005352,0,1535109519,0,NULL,NULL,NULL);
INSERT INTO Nationalities VALUES(221,'Tunisia','TUN',1764005352,0,1535109519,0,NULL,NULL,NULL);
INSERT INTO Nationalities VALUES(222,'Turkey','TUR',1764005352,0,1535109519,0,NULL,NULL,NULL);
INSERT INTO Nationalities VALUES(223,'Turkmenistan','TKM',1764005352,0,1535109519,0,NULL,NULL,NULL);
INSERT INTO Nationalities VALUES(224,'Turks And Caicos','TCA',1764005352,0,1535109519,0,NULL,NULL,NULL);
INSERT INTO Nationalities VALUES(225,'Uganda','UGA',1764005352,0,1535109519,0,NULL,NULL,NULL);
INSERT INTO Nationalities VALUES(226,'Ukraine','UKR',1764005352,0,1535109519,0,NULL,NULL,NULL);
INSERT INTO Nationalities VALUES(227,'United Arab Emirates','UAE',1764005352,0,1535109519,0,NULL,NULL,NULL);
INSERT INTO Nationalities VALUES(228,'United Kingdom','GBR',1764005352,1764198945,1535109519,912554677,NULL,NULL,NULL);
INSERT INTO Nationalities VALUES(229,'United Nations','UNI',1764005352,0,1535109519,0,NULL,NULL,NULL);
INSERT INTO Nationalities VALUES(230,'United States Of America','USA',1764005352,0,1535109519,0,NULL,NULL,NULL);
INSERT INTO Nationalities VALUES(231,'Uruguay','URU',1764005352,0,1535109519,0,NULL,NULL,NULL);
INSERT INTO Nationalities VALUES(232,'Uzbekistan','UZB',1764005352,0,1535109519,0,NULL,NULL,NULL);
INSERT INTO Nationalities VALUES(233,'Vanuatu','VAN',1764005352,0,1535109519,0,NULL,NULL,NULL);
INSERT INTO Nationalities VALUES(234,'Vatican City','VAT',1764005352,0,1535109519,0,NULL,NULL,NULL);
INSERT INTO Nationalities VALUES(235,'Venezuela','VEN',1764005352,0,1535109519,0,NULL,NULL,NULL);
INSERT INTO Nationalities VALUES(236,'Vietnam','VIE',1764005352,0,1535109519,0,NULL,NULL,NULL);
INSERT INTO Nationalities VALUES(237,'Virgin Islands','VIR',1764005352,0,1535109519,0,NULL,NULL,NULL);
INSERT INTO Nationalities VALUES(238,'Wales','WAL',1764005352,0,1535109519,0,NULL,NULL,NULL);
INSERT INTO Nationalities VALUES(239,'Yemen','YEM',1764005352,0,1535109519,0,NULL,NULL,NULL);
INSERT INTO Nationalities VALUES(240,'Zambia','ZAM',1764005352,0,1535109519,0,NULL,NULL,NULL);
INSERT INTO Nationalities VALUES(241,'Zimbabwe','ZIM',1764005352,0,1535109519,0,NULL,NULL,NULL);
INSERT INTO Nationalities VALUES(242,'Great Britain','GBR',1764005352,0,1535109519,0,NULL,NULL,NULL);
CREATE TABLE IF NOT EXISTS "Users" (
    "Id" INTEGER NOT NULL CONSTRAINT "PK_Users" PRIMARY KEY AUTOINCREMENT,
    "Name" TEXT NULL,
    "Guid" TEXT NULL,
    "Password" TEXT NULL,
    "UserRole" INTEGER NOT NULL,
    "CreatedAt" INTEGER NOT NULL,
    "UpdatedAt" INTEGER NOT NULL,
    "UserCreated" INTEGER NOT NULL,
    "UserUpdated" INTEGER NOT NULL
);
CREATE TABLE IF NOT EXISTS "PointActions" (
    "Id" INTEGER NOT NULL CONSTRAINT "PK_PointActions" PRIMARY KEY AUTOINCREMENT,
    "ActionType" INTEGER NOT NULL,
    "DriverPointsRaw" INTEGER NOT NULL,
    "TeamPointsRaw" INTEGER NOT NULL,
    "ChampionshipId" INTEGER NULL,
    "SessionType" INTEGER NOT NULL,
    "SessionPosition" INTEGER NULL,
    "RaceType" INTEGER NULL,
    "QualificationType" INTEGER NULL,
    "CreatedAt" INTEGER NOT NULL,
    "UpdatedAt" INTEGER NOT NULL,
    "UserCreated" INTEGER NOT NULL,
    "UserUpdated" INTEGER NOT NULL, "ClassUniqueName" TEXT NULL,
    CONSTRAINT "FK_PointActions_Championships_ChampionshipId" FOREIGN KEY ("ChampionshipId") REFERENCES "Championships" ("Id") ON DELETE RESTRICT
);
INSERT INTO PointActions VALUES(1,0,250,250,NULL,0,NULL,NULL,NULL,1764005352,0,1535109519,0,NULL);
INSERT INTO PointActions VALUES(2,1,180,180,NULL,0,NULL,NULL,NULL,1764005352,0,1535109519,0,NULL);
INSERT INTO PointActions VALUES(3,2,150,150,NULL,0,NULL,NULL,NULL,1764005352,0,1535109519,0,NULL);
INSERT INTO PointActions VALUES(4,3,120,120,NULL,0,NULL,NULL,NULL,1764005352,0,1535109519,0,NULL);
INSERT INTO PointActions VALUES(5,4,100,100,NULL,0,NULL,NULL,NULL,1764005352,0,1535109519,0,NULL);
INSERT INTO PointActions VALUES(6,5,80,80,NULL,0,NULL,NULL,NULL,1764005352,0,1535109519,0,NULL);
INSERT INTO PointActions VALUES(7,6,60,60,NULL,0,NULL,NULL,NULL,1764005352,0,1535109519,0,NULL);
INSERT INTO PointActions VALUES(8,7,40,40,NULL,0,NULL,NULL,NULL,1764005352,0,1535109519,0,NULL);
INSERT INTO PointActions VALUES(9,8,20,20,NULL,0,NULL,NULL,NULL,1764005352,0,1535109519,0,NULL);
INSERT INTO PointActions VALUES(10,9,10,10,NULL,0,NULL,NULL,NULL,1764005352,0,1535109519,0,NULL);
INSERT INTO PointActions VALUES(11,30,10,10,1,0,NULL,1,NULL,1764092956,0,1535109519,0,NULL);
CREATE TABLE IF NOT EXISTS "Tracks" (
    "Id" INTEGER NOT NULL CONSTRAINT "PK_Tracks" PRIMARY KEY AUTOINCREMENT,
    "UniqueName" TEXT NOT NULL,
    "CircuitName" TEXT NULL,
    "CircuitFullName" TEXT NULL,
    "LocationName" TEXT NULL,
    "Years" TEXT NULL,
    "TrackLayout" INTEGER NOT NULL,
    "TrackType" INTEGER NOT NULL,
    "NationId" INTEGER NOT NULL,
    "Length" INTEGER NOT NULL,
    "NumberTurns" INTEGER NOT NULL,
    "RaceLapRecordTimeInt" INTEGER NOT NULL,
    "RaceLapRecordDriverName" TEXT NULL,
    "RaceLapRecordYear" INTEGER NOT NULL,
    "CreatedAt" INTEGER NOT NULL,
    "UpdatedAt" INTEGER NOT NULL,
    "UserCreated" INTEGER NOT NULL,
    "UserUpdated" INTEGER NOT NULL, "AliasesRaw" TEXT NULL, "CircuitOrigin" TEXT NULL,
    CONSTRAINT "FK_Tracks_Nationalities_NationId" FOREIGN KEY ("NationId") REFERENCES "Nationalities" ("Id") ON DELETE RESTRICT
);
INSERT INTO Tracks VALUES(1,'sakhir.2005','Bahrain','Bahrain International Circuit','Sakhir','2005',0,0,18,5412,15,91447,'P. De La Rosa',2005,1764005353,0,1535109519,0,NULL,'Bahrain');
INSERT INTO Tracks VALUES(2,'jeddah.2021','Jeddah','Jeddah Corniche Circuit','Jeddah','2021',0,1,189,6174,27,90734,'L. Hamilton',2021,1764005353,0,1535109519,0,NULL,'Jeddah');
INSERT INTO Tracks VALUES(3,'albert.park.2021','Melbourne','Albert Park Circuit','Melbourne','2021',0,1,13,5280,14,79813,'C. Leclerc',2024,1764005353,0,1535109519,0,NULL,'Melbourne');
INSERT INTO Tracks VALUES(4,'suzuka.2003','Suzuka','Suzuka International Racing Course','Suzuka','2003',0,0,111,5807,18,90983,'L. Hamilton',2019,1764005353,0,1535109519,0,NULL,'Suzuka');
INSERT INTO Tracks VALUES(5,'shanghai.2004','Shanghai','Shanghai International Circuit','Shanghai','2004',0,0,47,5451,16,92238,'M. Schumacher',2004,1764005353,0,1535109519,0,NULL,'Shanghai');
INSERT INTO Tracks VALUES(6,'miami.2022','Miami','Miami International Autodrome','Miami Gardens','2022',0,1,230,5412,19,89708,'M. Verstappen',2023,1764005353,0,1535109519,0,NULL,'Miami');
INSERT INTO Tracks VALUES(7,'imola.2008','Imola','Autodromo Internazionale Enzo e Dino Ferrari','Imola','2008',0,0,108,4909,19,75484,'L. Hamilton',2020,1764005353,0,1535109519,0,NULL,'Imola');
INSERT INTO Tracks VALUES(8,'monaco.2015','Monaco','Circuit de Monaco','Monaco','2015',0,1,145,3337,19,72909,'L. Hamilton',2021,1764005353,0,1535109519,0,NULL,'Monaco');
INSERT INTO Tracks VALUES(9,'montreal.2002','Montreal','Circuit Gilles Villeneuve','Montreal','2002',0,0,41,4361,14,73078,'V. Bottas',2019,1764005353,0,1535109519,0,NULL,'Montreal');
INSERT INTO Tracks VALUES(10,'barcelona.2021','Barcelona','Circuit de Barcelona-Catalunya','Montmel','2021',0,0,204,4657,14,76330,'M. Verstappen',2023,1764005353,0,1535109519,0,NULL,'Barcelona');
INSERT INTO Tracks VALUES(11,'spielberg.2016','Spielberg','Red Bull Ring','Spielberg','2016',0,0,14,4318,10,65619,'C. Sainz',2020,1764005353,0,1535109519,0,NULL,'Speilberg');
INSERT INTO Tracks VALUES(12,'silverstone.2011','Silverstone','Silverstone Circuit','Silverstone','2011',0,0,228,5891,18,87097,'M. Verstappen',2020,1764005353,0,1535109519,0,NULL,'Silverstone');
INSERT INTO Tracks VALUES(13,'hungaroring.2003','Hungaroring','Hungaroring','Mogyord','2003',0,0,99,4381,14,76627,'L. Hamilton',2020,1764005353,0,1535109519,0,NULL,'Hungaroring');
INSERT INTO Tracks VALUES(14,'spa.2007','Spa-Francorchamps','Circuit de Spa-Francorchamps','Stavelot','2007',0,0,24,7004,20,106286,'V. Bottas',2018,1764005353,0,1535109519,0,'Spa','Spa-Francorchamps');
INSERT INTO Tracks VALUES(15,'zandvoort.2020','Zandvoort','Circuit Zandvoort','Zandvoort','2020',0,0,155,4259,14,71097,'L. Hamilton',2021,1764005353,0,1535109519,0,NULL,'Zandvoort');
INSERT INTO Tracks VALUES(16,'monza.2000','Monza','Autodromo Nazionale di Monza','Monza','2000',0,0,108,5793,11,81046,'R. Barrichello',2004,1764005353,0,1535109519,0,NULL,'Monza');
INSERT INTO Tracks VALUES(17,'baku.2016','Baku','Baku City Circuit','Baku','2016',0,1,15,6003,20,103009,'C. Leclerc',2019,1764005353,0,1535109519,0,NULL,'Baku');
INSERT INTO Tracks VALUES(18,'singapore.2023','Singapore','Marina Bay Street Circuit','Downtown Core','2023',0,1,195,4940,19,95867,'L. Hamilton',2023,1764005353,0,1535109519,0,NULL,'Singapore');
INSERT INTO Tracks VALUES(19,'austin.2012','Austin','Circuit of the Americas','Austin','2012',0,0,230,5513,20,96169,'C. Leclerc',2019,1764005353,0,1535109519,0,'COTA, Texas','COTA');
INSERT INTO Tracks VALUES(20,'mexico.2015','Mexico','Autdromo Hermanos Rodrguez','Mexico City','2015',0,0,142,4304,17,77774,'V. Bottas',2021,1764005353,0,1535109519,0,NULL,'Mexico');
INSERT INTO Tracks VALUES(21,'interlagos.2000','Interlagos','Autdromo Jos Carlos Pace','So Paulo','2000',0,0,33,4309,15,70540,'V. Bottas',2018,1764005353,0,1535109519,0,NULL,'Interlagos');
INSERT INTO Tracks VALUES(22,'las.vegas.2023','Las Vegas','Las Vegas Strip Circuit','Las Vegas','2023',0,1,230,6120,17,95490,'O. Piastri',2023,1764005353,0,1535109519,0,NULL,'Las Vegas');
INSERT INTO Tracks VALUES(23,'losail.2023','Losail','Losail International Circuit','Lusail','2023',0,0,180,5419,16,84319,'M. Verstappen',2023,1764005353,0,1535109519,0,NULL,'Losail');
INSERT INTO Tracks VALUES(24,'yasmarina.2021','Yas Marina','Yas Marina Circuit','Yas Island','2021',0,0,227,5281,16,86103,'M. Verstappen',2021,1764005353,0,1535109519,0,NULL,'Yas Marina');
INSERT INTO Tracks VALUES(25,'paulricard.2005','Paul Ricard','Circuit Paul Ricard','Le Castellet','2005',0,0,77,5842,15,92740,'S. Vettel',2019,1764005353,0,1535109519,0,NULL,'Paul Ricard');
INSERT INTO Tracks VALUES(26,'algarve.2008','Portimo','Autdromo Internacional do Algarve','Portimo','2008',0,0,178,4653,15,78750,'L. Hamilton',2020,1764005353,0,1535109519,0,'Portimao','Portimo');
INSERT INTO Tracks VALUES(27,'silverstone.short.2010','Silverstone Short','Silverstone Circuit','Silverstone','2010',5,0,228,2979,10,0,NULL,0,1764005353,0,1535109519,0,NULL,'Silverstone');
INSERT INTO Tracks VALUES(28,'austin.short.2012','Austin Short','Circuit of the Americas','Austin','2012',4,0,230,3792,19,93284,'J. O''Connell',2013,1764005353,0,1535109519,0,NULL,'COTA');
INSERT INTO Tracks VALUES(29,'sakhir.short.2020','Bahrain Short','Bahrain International Circuit','Sakhir','2020',2,0,18,3543,11,55404,'G. Russell',2020,1764005353,0,1535109519,0,NULL,'Bahrain');
INSERT INTO Tracks VALUES(30,'suzuka.short.2003','Suzuka Short','Suzuka International Racing Course','Suzuka','2003',2,0,111,2243,7,53885,'A. Menu',2012,1764005353,0,1535109519,0,NULL,'Suzuka');
INSERT INTO Tracks VALUES(31,'silverstone.reverse.2011','Silverstone Reverse','Silverstone Circuit Reverse','Silverstone','2020',0,0,228,5891,18,0,'',0,1764005353,0,1535109519,0,NULL,'Silverstone');
INSERT INTO Tracks VALUES(32,'zandvoort.reverse.2020','Zandvoort Reverse','Circuit Zandvoort Reverse','Zandvoort','2020',0,0,155,4259,14,0,'',0,1764005353,0,1535109519,0,NULL,'Zandvoort');
INSERT INTO Tracks VALUES(33,'spielberg.reverse.2016','Spielberg Reverse','Red Bull Ring Reverse','Spielberg','2016',0,0,14,4318,10,0,'',0,1764005353,0,1535109519,0,NULL,'Spielberg');
CREATE TABLE IF NOT EXISTS "Vendors" (
    "Id" INTEGER NOT NULL CONSTRAINT "PK_Vendors" PRIMARY KEY AUTOINCREMENT,
    "UniqueName" TEXT NULL,
    "Name" TEXT NULL,
    "NationId" INTEGER NOT NULL,
    "CreatedAt" INTEGER NOT NULL,
    "UpdatedAt" INTEGER NOT NULL,
    "UserCreated" INTEGER NOT NULL,
    "UserUpdated" INTEGER NOT NULL,
    CONSTRAINT "FK_Vendors_Nationalities_NationId" FOREIGN KEY ("NationId") REFERENCES "Nationalities" ("Id") ON DELETE RESTRICT
);
INSERT INTO Vendors VALUES(1,'alpine','Alpine',77,1764005353,0,1535109519,0);
INSERT INTO Vendors VALUES(2,'aston.martin','Aston Martin',228,1764005353,0,1535109519,0);
INSERT INTO Vendors VALUES(3,'ferrari','Ferrari',108,1764005353,0,1535109519,0);
INSERT INTO Vendors VALUES(4,'mclaren','McLaren',228,1764005353,0,1535109519,0);
INSERT INTO Vendors VALUES(5,'mercedes','Mercedes-Benz',83,1764005353,0,1535109519,0);
CREATE TABLE IF NOT EXISTS "SessionResults" (
    "Id" INTEGER NOT NULL CONSTRAINT "PK_SessionResults" PRIMARY KEY AUTOINCREMENT,
    "EventId" INTEGER NULL,
    "TrackId" INTEGER NULL,
    "SessionType" INTEGER NOT NULL,
    "RaceType" INTEGER NOT NULL,
    "QualType" INTEGER NOT NULL,
    "SessionPosition" INTEGER NOT NULL,
    "Date" TEXT NOT NULL,
    "SessionStatus" INTEGER NOT NULL,
    "SavedCompletedStatus" INTEGER NOT NULL,
    "IsSkip" INTEGER NOT NULL,
    "FastestLapDriverId" INTEGER NULL,
    "FastestLapDriverName" TEXT NULL,
    "FastestLapTimeInt" INTEGER NOT NULL,
    "FastestLapNumLap" INTEGER NOT NULL,
    "FastestLapValidFlags" INTEGER NOT NULL,
    "DriverDayDriverId" INTEGER NULL,
    "DriverDayDriverName" TEXT NULL,
    "BestMomentDriverId" INTEGER NULL,
    "BestMomentDriverName" TEXT NULL,
    "LiveId" INTEGER NOT NULL,
    "LiveStartDate" TEXT NOT NULL,
    "LiveEndDate" TEXT NOT NULL,
    "IsLiveSource" INTEGER NOT NULL,
    "IsLiveData" INTEGER NOT NULL,
    "LiveUserName" TEXT NULL,
    "MovedTargetSessionId" INTEGER NULL,
    "IsSingleplayerMode" INTEGER NOT NULL,
    "ChampionshipType" INTEGER NOT NULL,
    "GameType" INTEGER NOT NULL,
    "WeatherType" INTEGER NOT NULL,
    "AirTemperature" INTEGER NOT NULL,
    "TrackTemperature" INTEGER NOT NULL,
    "TotalLaps" INTEGER NOT NULL,
    "SessionDuration" TEXT NOT NULL,
    "SessionDetailsRaw" BLOB NULL,
    "QualificationType" INTEGER NOT NULL,
    "CreatedAt" INTEGER NOT NULL,
    "UpdatedAt" INTEGER NOT NULL,
    "UserCreated" INTEGER NOT NULL,
    "UserUpdated" INTEGER NOT NULL, "IsLiveFullRecord" INTEGER NOT NULL DEFAULT 0, "LiveRecordPercent" INTEGER NOT NULL DEFAULT 0, "SessionCaptionUser" TEXT NULL, "TrackNameOrigin" TEXT NULL,
    CONSTRAINT "FK_SessionResults_Drivers_BestMomentDriverId" FOREIGN KEY ("BestMomentDriverId") REFERENCES "Drivers" ("Id") ON DELETE RESTRICT,
    CONSTRAINT "FK_SessionResults_Drivers_DriverDayDriverId" FOREIGN KEY ("DriverDayDriverId") REFERENCES "Drivers" ("Id") ON DELETE RESTRICT,
    CONSTRAINT "FK_SessionResults_Drivers_FastestLapDriverId" FOREIGN KEY ("FastestLapDriverId") REFERENCES "Drivers" ("Id") ON DELETE RESTRICT
);
INSERT INTO SessionResults VALUES(1,1,NULL,1,0,0,0,'0001-01-01 00:00:00',0,1,0,NULL,'',0,0,0,NULL,'',NULL,'',0,'0001-01-01 00:00:00','0001-01-01 00:00:00',0,0,'',NULL,0,0,0,0,0,0,0,'00:00:00',NULL,0,0,1764072804,0,1535109519,0,0,NULL,NULL);
INSERT INTO SessionResults VALUES(2,1,NULL,0,1,0,1,'0001-01-01 00:00:00',0,1,0,18,'LankyBrown5515',88518,0,0,9,'p1Xx',NULL,'',0,'0001-01-01 00:00:00','0001-01-01 00:00:00',0,0,'',NULL,0,0,0,0,0,0,0,'00:00:00',NULL,0,1764006511,1764093034,1535109519,1535109519,0,0,NULL,NULL);
INSERT INTO SessionResults VALUES(3,2,NULL,1,0,0,0,'0001-01-01 00:00:00',0,0,0,NULL,'',0,0,0,NULL,'',NULL,'',0,'0001-01-01 00:00:00','0001-01-01 00:00:00',0,0,'',NULL,0,0,0,0,0,0,0,'00:00:00',NULL,0,1764090361,0,1535109519,0,0,0,NULL,NULL);
INSERT INTO SessionResults VALUES(5,3,NULL,1,0,0,0,'0001-01-01 00:00:00',0,1,0,NULL,'',0,0,0,NULL,'',NULL,'',0,'0001-01-01 00:00:00','0001-01-01 00:00:00',0,0,'',NULL,0,0,0,0,0,0,0,'00:00:00',NULL,0,0,1764091978,0,1535109519,0,0,NULL,NULL);
INSERT INTO SessionResults VALUES(6,3,NULL,0,1,0,1,'0001-01-01 00:00:00',0,1,0,14,'maxi0903',93464,0,0,12,'DcViiral',NULL,'',0,'0001-01-01 00:00:00','0001-01-01 00:00:00',0,0,'',NULL,0,0,0,0,0,0,0,'00:00:00',NULL,0,0,1764092712,0,1535109519,0,0,NULL,NULL);
INSERT INTO SessionResults VALUES(7,2,NULL,0,0,0,1,'0001-01-01 00:00:00',0,1,0,13,'JillsValentine',90040,0,0,8,'owise11',NULL,'',0,'0001-01-01 00:00:00','0001-01-01 00:00:00',0,0,'',NULL,0,0,0,0,0,0,0,'00:00:00',NULL,0,1764094595,1764111609,1535109519,1535109519,0,0,NULL,NULL);
INSERT INTO SessionResults VALUES(8,4,NULL,1,0,0,0,'0001-01-01 00:00:00',0,1,0,NULL,'',0,0,0,NULL,'',NULL,'',0,'0001-01-01 00:00:00','2025-11-25 19:52:33',0,1,'CUCCO_7',NULL,0,0,0,2,22,32,0,'00:18:00',X'0108001000',0,0,1764111290,0,1535109519,1,100,NULL,NULL);
INSERT INTO SessionResults VALUES(9,4,NULL,0,1,0,1,'0001-01-01 00:00:00',0,1,0,12,'DcViiral',66161,26,0,NULL,'',NULL,'',0,'0001-01-01 00:00:00','2025-11-25 20:40:45',0,1,'CUCCO_7',NULL,0,0,0,1,21,30,36,'02:00:00',X'0108001001',0,0,1764104581,0,1535109519,1,62,NULL,NULL);
INSERT INTO SessionResults VALUES(10,NULL,11,1,0,0,0,'0001-01-01 00:00:00',0,0,0,NULL,'',0,0,0,NULL,'',NULL,'',0,'0001-01-01 00:00:00','2025-11-25 19:52:33',1,1,'CUCCO_7',8,0,0,0,2,22,32,2,'00:18:00',X'0108001000',0,1764100353,1764100353,1535109519,1535109519,1,100,NULL,NULL);
INSERT INTO SessionResults VALUES(11,NULL,11,0,0,0,0,'0001-01-01 00:00:00',0,0,0,12,'DcViiral',66161,26,0,NULL,'',NULL,'',0,'0001-01-01 00:00:00','2025-11-25 20:40:45',1,1,'CUCCO_7',9,0,0,0,1,21,30,36,'02:00:00',X'0108001001',0,1764103245,1764103245,1535109519,1535109519,1,62,NULL,NULL);
INSERT INTO SessionResults VALUES(12,5,NULL,1,0,0,0,'0001-01-01 00:00:00',0,1,0,NULL,'',0,0,0,NULL,'',NULL,'',0,'0001-01-01 00:00:00','0001-01-01 00:00:00',0,0,'',NULL,0,0,0,0,0,0,0,'00:00:00',NULL,0,0,1764111836,0,1535109519,0,0,NULL,NULL);
INSERT INTO SessionResults VALUES(14,5,NULL,0,0,0,1,'0001-01-01 00:00:00',0,1,0,28,'edwinlfc',94102,0,0,12,'DcViiral',NULL,'',0,'0001-01-01 00:00:00','0001-01-01 00:00:00',0,0,'',NULL,0,0,0,0,0,0,0,'00:00:00',NULL,0,1764112026,1764112113,1535109519,1535109519,0,0,NULL,NULL);
INSERT INTO SessionResults VALUES(15,6,NULL,1,0,0,0,'0001-01-01 00:00:00',0,1,0,NULL,'',0,0,0,NULL,'',NULL,'',0,'0001-01-01 00:00:00','2025-11-26 19:57:36',0,1,'CUCCO_7',NULL,0,0,0,5,21,24,0,'00:18:00',X'0108001000',0,1764184714,1764193182,1535109519,1535109519,1,100,NULL,NULL);
INSERT INTO SessionResults VALUES(16,6,NULL,0,1,0,1,'0001-01-01 00:00:00',0,1,0,21,'akosin',65715,23,0,1,'BSGabry_',NULL,'',0,'0001-01-01 00:00:00','2025-11-26 20:55:03',0,1,'CUCCO_7',NULL,0,0,0,0,22,32,36,'02:00:00',X'0108001000',0,1764184714,1764196718,1535109519,1535109519,1,62,NULL,NULL);
INSERT INTO SessionResults VALUES(17,NULL,11,1,0,0,0,'0001-01-01 00:00:00',0,0,0,NULL,'',0,0,0,NULL,'',NULL,'',0,'0001-01-01 00:00:00','2025-11-26 19:57:36',1,1,'CUCCO_7',15,0,0,0,5,21,24,6,'00:18:00',X'0108001000',0,1764187056,1764187111,1535109519,1535109519,1,100,NULL,NULL);
INSERT INTO SessionResults VALUES(18,NULL,11,0,0,0,0,'0001-01-01 00:00:00',0,0,0,NULL,'',66296,0,0,NULL,'',NULL,'',0,'0001-01-01 00:00:00','2025-11-26 20:55:03',1,1,'CUCCO_7',16,0,0,0,0,22,32,36,'02:00:00',X'0108001000',0,1764190503,1764190503,1535109519,1535109519,1,62,NULL,NULL);
INSERT INTO SessionResults VALUES(19,7,NULL,1,0,0,0,'0001-01-01 00:00:00',0,0,0,NULL,'',0,0,0,NULL,'',NULL,'',0,'0001-01-01 00:00:00','0001-01-01 00:00:00',0,0,'',NULL,0,0,0,0,0,0,0,'00:00:00',NULL,0,1764350276,0,1535109519,0,0,0,NULL,NULL);
INSERT INTO SessionResults VALUES(20,7,NULL,0,1,0,1,'0001-01-01 00:00:00',0,1,0,NULL,'',0,0,0,NULL,'',NULL,'',0,'0001-01-01 00:00:00','0001-01-01 00:00:00',0,0,'',NULL,0,0,0,0,0,0,0,'00:00:00',NULL,0,0,1764350313,0,1535109519,0,0,NULL,NULL);
CREATE TABLE IF NOT EXISTS "Events" (
    "Id" INTEGER NOT NULL CONSTRAINT "PK_Events" PRIMARY KEY AUTOINCREMENT,
    "Name" TEXT NULL,
    "FullName" TEXT NULL,
    "ShortName" TEXT NULL,
    "TrackId" INTEGER NOT NULL,
    "Date" TEXT NOT NULL,
    "CompletedStatus" INTEGER NOT NULL,
    "EventStatus" INTEGER NOT NULL,
    "SeasonId" INTEGER NOT NULL,
    "Description" TEXT NULL,
    "CreatedAt" INTEGER NOT NULL,
    "UpdatedAt" INTEGER NOT NULL,
    "UserCreated" INTEGER NOT NULL,
    "UserUpdated" INTEGER NOT NULL, "ColorRaw" INTEGER NOT NULL DEFAULT 0, "SecondaryColorRaw" INTEGER NOT NULL DEFAULT 0,
    CONSTRAINT "FK_Events_Tracks_TrackId" FOREIGN KEY ("TrackId") REFERENCES "Tracks" ("Id") ON DELETE RESTRICT
);
INSERT INTO Events VALUES(1,NULL,NULL,NULL,12,'2025-11-12 19:30:00',0,0,1,NULL,1764006510,1764091163,1535109519,1535109519,116688383,-515829761);
INSERT INTO Events VALUES(2,NULL,NULL,NULL,12,'2025-11-11 19:30:00',0,0,2,NULL,1764090361,1764111470,1535109519,1535109519,-1424693761,844028927);
INSERT INTO Events VALUES(3,NULL,NULL,NULL,22,'2025-11-19 19:30:00',0,0,1,NULL,1764091577,0,1535109519,0,-228476417,1763749375);
INSERT INTO Events VALUES(4,NULL,NULL,NULL,11,'2025-11-25 19:30:00',0,0,2,NULL,1764098510,1764194431,1535109519,1535109519,-237018113,-1618936577);
INSERT INTO Events VALUES(5,NULL,NULL,NULL,22,'2025-11-18 19:30:00',0,0,2,NULL,1764111645,0,1535109519,0,182597631,-1410988545);
INSERT INTO Events VALUES(6,NULL,NULL,NULL,11,'2025-11-26 19:30:00',0,0,1,NULL,1764184713,0,1535109519,0,653679871,205900543);
INSERT INTO Events VALUES(7,NULL,NULL,NULL,28,'2025-12-02 19:30:00',0,0,2,NULL,1764350276,1764350278,1535109519,1535109519,2075944703,282331647);
CREATE TABLE IF NOT EXISTS "Cars" (
    "Id" INTEGER NOT NULL CONSTRAINT "PK_Cars" PRIMARY KEY AUTOINCREMENT,
    "UniqueName" TEXT NULL,
    "Name" TEXT NULL,
    "CarClassId" INTEGER NOT NULL,
    "VendorId" INTEGER NULL,
    "Year" INTEGER NOT NULL,
    "Power" INTEGER NOT NULL,
    "CreatedAt" INTEGER NOT NULL,
    "UpdatedAt" INTEGER NOT NULL,
    "UserCreated" INTEGER NOT NULL,
    "UserUpdated" INTEGER NOT NULL, "AliasesRaw" TEXT NULL, "ColorString" TEXT NULL, "SecondaryColorString" TEXT NULL, "TertiaryColorString" TEXT NULL,
    CONSTRAINT "FK_Cars_CarClasses_CarClassId" FOREIGN KEY ("CarClassId") REFERENCES "CarClasses" ("Id") ON DELETE RESTRICT,
    CONSTRAINT "FK_Cars_Vendors_VendorId" FOREIGN KEY ("VendorId") REFERENCES "Vendors" ("Id") ON DELETE RESTRICT
);
INSERT INTO Cars VALUES(1,'sauber.c45','Sauber C45',1,NULL,2025,1000,1764005353,0,1535109519,0,NULL,NULL,NULL,NULL);
INSERT INTO Cars VALUES(2,'vcarb.02','VCARB 02',1,NULL,2025,1000,1764005353,0,1535109519,0,NULL,NULL,NULL,NULL);
INSERT INTO Cars VALUES(3,'alpine.a525','Alpine A525',1,1,2025,1000,1764005353,0,1535109519,0,NULL,NULL,NULL,NULL);
INSERT INTO Cars VALUES(4,'aston.martin.amr25','Aston Martin AMR25',1,2,2025,1000,1764005353,0,1535109519,0,NULL,NULL,NULL,NULL);
INSERT INTO Cars VALUES(5,'ferrari.sf25','Ferrari SF-25',1,3,2025,1000,1764005353,0,1535109519,0,NULL,NULL,NULL,NULL);
INSERT INTO Cars VALUES(6,'haas.vf25','Haas VF-25',1,NULL,2025,1000,1764005353,0,1535109519,0,NULL,NULL,NULL,NULL);
INSERT INTO Cars VALUES(7,'mclaren.mcl39','McLaren MCL39',1,4,2025,1000,1764005353,0,1535109519,0,NULL,NULL,NULL,NULL);
INSERT INTO Cars VALUES(8,'mercedes.f1w16','Mercedes-AMG F1 W16',1,5,2025,1000,1764005353,0,1535109519,0,NULL,NULL,NULL,NULL);
INSERT INTO Cars VALUES(9,'redbull.rb21','Red Bull RB21',1,NULL,2025,1000,1764005353,0,1535109519,0,NULL,NULL,NULL,NULL);
INSERT INTO Cars VALUES(10,'williams.fw47','Williams FW47',1,NULL,2025,1000,1764005353,0,1535109519,0,NULL,NULL,NULL,NULL);
CREATE TABLE IF NOT EXISTS "Teams" (
    "Id" INTEGER NOT NULL CONSTRAINT "PK_Teams" PRIMARY KEY AUTOINCREMENT,
    "Name" TEXT NOT NULL,
    "FullName" TEXT NULL,
    "UniqueName" TEXT NULL,
    "Abbreviation" TEXT NULL,
    "CarId" INTEGER NULL,
    "NationId" INTEGER NULL,
    "Position" INTEGER NULL,
    "ColorRaw" INTEGER NOT NULL,
    "Badge" TEXT NULL,
    "Prestige" INTEGER NOT NULL,
    "Year" INTEGER NOT NULL,
    "Seats" INTEGER NOT NULL,
    "PrevTeamId" INTEGER NULL,
    "CreatedAt" INTEGER NOT NULL,
    "UpdatedAt" INTEGER NOT NULL,
    "UserCreated" INTEGER NOT NULL,
    "UserUpdated" INTEGER NOT NULL, "SecondaryColorRaw" INTEGER NOT NULL DEFAULT -1, "AliasesRaw" TEXT NULL, "ColorString" TEXT NULL, "SecondaryColorString" TEXT NULL, "TertiaryColorString" TEXT NULL,
    CONSTRAINT "FK_Teams_Cars_CarId" FOREIGN KEY ("CarId") REFERENCES "Cars" ("Id") ON DELETE RESTRICT,
    CONSTRAINT "FK_Teams_Nationalities_NationId" FOREIGN KEY ("NationId") REFERENCES "Nationalities" ("Id") ON DELETE RESTRICT,
    CONSTRAINT "FK_Teams_Teams_PrevTeamId" FOREIGN KEY ("PrevTeamId") REFERENCES "Teams" ("Id") ON DELETE RESTRICT
);
INSERT INTO Teams VALUES(1,'Sauber','Stake F1 Team Kick Sauber','sauber.2025','SAU',1,210,10,0,NULL,20,2025,0,NULL,1764005353,0,1535109519,0,0,NULL,'#FF52E252','#FF333333',NULL);
INSERT INTO Teams VALUES(2,'Racing Bulls','Visa Cash App RB F1 Team','racing.bulls.2025','VRB',2,108,8,0,NULL,20,2025,0,NULL,1764005353,0,1535109519,0,0,NULL,'#FF6692FF','#FFFFFFFF',NULL);
INSERT INTO Teams VALUES(3,'Alpine','BWT Alpine F1 Team','alpine.2025','ALP',3,77,6,0,NULL,50,2025,0,NULL,1764005353,0,1535109519,0,0,NULL,'#FF0093CC','#FFFF87BC',NULL);
INSERT INTO Teams VALUES(4,'Aston Martin','Aston Martin Aramco F1 Team','aston.martin.2025','AMR',4,228,5,0,NULL,50,2025,0,NULL,1764005353,0,1535109519,0,0,NULL,'#FF229971','#FFCCF738',NULL);
INSERT INTO Teams VALUES(5,'Ferrari','Scuderia Ferrari','ferrari.2025','FER',5,108,2,0,NULL,100,2025,0,NULL,1764005353,0,1535109519,0,0,NULL,'#FFE80020','#FFFFF200',NULL);
INSERT INTO Teams VALUES(6,'Haas','MoneyGram Haas F1 Team','haas.2025','HAS',6,230,7,0,NULL,10,2025,0,NULL,1764005353,0,1535109519,0,0,NULL,'#FFB6BABD','#FF333333',NULL);
INSERT INTO Teams VALUES(7,'McLaren','McLaren Formula 1 Team','mclaren.2025','MCL',7,228,1,0,NULL,80,2025,0,NULL,1764005353,0,1535109519,0,0,NULL,'#FFFF8000','#FF333333',NULL);
INSERT INTO Teams VALUES(8,'Mercedes','Mercedes-AMG Petronas F1 Team','mercedes.2025','MER',8,83,4,0,NULL,90,2025,0,NULL,1764005353,0,1535109519,0,0,NULL,'#FF27F4D2','#FFA3A3A3',NULL);
INSERT INTO Teams VALUES(9,'Red Bull','Oracle Red Bull Racing','red.bull.2025','RB',9,14,3,0,NULL,80,2025,0,NULL,1764005353,0,1535109519,0,0,NULL,'#FF3671C6','#FFE00008',NULL);
INSERT INTO Teams VALUES(10,'Williams','Williams Racing','williams.2025','WIL',10,228,9,0,NULL,60,2025,0,NULL,1764005353,0,1535109519,0,0,NULL,'#FF64C4FF','#FF0D66D9',NULL);
CREATE TABLE IF NOT EXISTS "DriverSessions" (
    "Id" INTEGER NOT NULL CONSTRAINT "PK_DriverSessions" PRIMARY KEY AUTOINCREMENT,
    "SessionResultId" INTEGER NOT NULL,
    "Position" INTEGER NOT NULL,
    "ClassificationPosition" INTEGER NOT NULL,
    "DriverId" INTEGER NULL,
    "DriverName" TEXT NULL,
    "TeamId" INTEGER NULL,
    "CarId" INTEGER NULL,
    "TeamName" TEXT NULL,
    "SeatType" INTEGER NOT NULL,
    "Status" INTEGER NOT NULL,
    "TimeInt" INTEGER NOT NULL,
    "GapInt" INTEGER NOT NULL,
    "StintsRaw" TEXT NULL,
    "FastestLapTimeInt" INTEGER NOT NULL,
    "FastestLapTyres" INTEGER NULL,
    "FastestLapNumLap" INTEGER NOT NULL,
    "FastestLapValidFlags" INTEGER NOT NULL,
    "PenaltySecsIngame" INTEGER NOT NULL,
    "PenaltyPosIngame" INTEGER NOT NULL,
    "PenaltySecsStewards" INTEGER NOT NULL,
    "PenaltyPosStewards" INTEGER NOT NULL,
    "PenaltyPoints" INTEGER NOT NULL,
    "DriverPointsRaw" INTEGER NOT NULL,
    "TeamPointsRaw" INTEGER NOT NULL,
    "IsLiveSource" INTEGER NOT NULL,
    "RaceNumber" INTEGER NOT NULL,
    "NationalityIngameId" INTEGER NOT NULL,
    "DriverNameIngame" TEXT NULL,
    "LapsCount" INTEGER NOT NULL,
    "GridPosition" INTEGER NOT NULL,
    "PitsCount" INTEGER NOT NULL,
    "DriverSessionsDetailsRaw" BLOB NULL,
    "CreatedAt" INTEGER NOT NULL,
    "UpdatedAt" INTEGER NOT NULL,
    "UserCreated" INTEGER NOT NULL,
    "UserUpdated" INTEGER NOT NULL, "LiveId" INTEGER NULL, "WeakReferencesRaw" BLOB NULL, "PenaltyItemsRaw" BLOB NULL,
    CONSTRAINT "FK_DriverSessions_Cars_CarId" FOREIGN KEY ("CarId") REFERENCES "Cars" ("Id") ON DELETE RESTRICT,
    CONSTRAINT "FK_DriverSessions_Drivers_DriverId" FOREIGN KEY ("DriverId") REFERENCES "Drivers" ("Id") ON DELETE RESTRICT,
    CONSTRAINT "FK_DriverSessions_Teams_TeamId" FOREIGN KEY ("TeamId") REFERENCES "Teams" ("Id") ON DELETE RESTRICT
);
INSERT INTO DriverSessions VALUES(1,1,1,0,1,'BSGabry_',6,NULL,'Haas',0,0,0,0,NULL,85834,NULL,0,0,0,0,0,0,0,0,0,0,0,0,NULL,0,0,0,NULL,1764007103,1764007131,1535109519,1535109519,NULL,NULL,NULL);
INSERT INTO DriverSessions VALUES(2,1,2,0,2,'CUCCO_7',5,NULL,'Ferrari',0,0,0,0,NULL,85847,NULL,0,0,0,0,0,0,0,0,0,0,0,0,NULL,0,0,0,NULL,1764007137,1764007148,1535109519,1535109519,NULL,NULL,NULL);
INSERT INTO DriverSessions VALUES(3,1,3,0,3,'seanmul10',5,NULL,'Ferrari',0,0,0,0,NULL,85970,NULL,0,0,0,0,0,0,0,0,0,0,0,0,NULL,0,0,0,NULL,1764007155,1764018008,1535109519,1535109519,NULL,NULL,NULL);
INSERT INTO DriverSessions VALUES(4,1,4,0,4,'the_real_Sulli',2,NULL,'Racing Bulls',2,0,0,0,NULL,86062,NULL,0,0,0,0,0,0,0,0,0,0,0,0,NULL,0,0,0,NULL,1764007163,1764018016,1535109519,1535109519,NULL,NULL,NULL);
INSERT INTO DriverSessions VALUES(5,1,5,0,6,'jaym246',4,NULL,'Aston Martin',0,0,0,0,NULL,86157,NULL,0,0,0,0,0,0,0,0,0,0,0,0,NULL,0,0,0,NULL,1764007173,1764018021,1535109519,1535109519,NULL,NULL,NULL);
INSERT INTO DriverSessions VALUES(6,1,6,0,5,'Pub_Dogg',8,NULL,'Mercedes',0,0,0,0,NULL,86191,NULL,0,0,0,0,0,0,0,0,0,0,0,0,NULL,0,0,0,NULL,1764007178,1764018022,1535109519,1535109519,NULL,NULL,NULL);
INSERT INTO DriverSessions VALUES(7,1,7,0,8,'owise11',10,NULL,'Williams',0,0,0,0,NULL,86390,NULL,0,0,0,0,0,0,0,0,0,0,0,0,NULL,0,0,0,NULL,1764007181,1764018026,1535109519,1535109519,NULL,NULL,NULL);
INSERT INTO DriverSessions VALUES(8,1,8,0,7,'Dimitris Stavroulis',4,NULL,'Aston Martin',2,0,0,0,NULL,86437,NULL,0,0,0,0,0,0,0,0,0,0,0,0,NULL,0,0,0,NULL,1764007184,1764018031,1535109519,1535109519,NULL,NULL,NULL);
INSERT INTO DriverSessions VALUES(9,1,9,0,9,'p1Xx',2,NULL,'Racing Bulls',0,0,0,0,NULL,86580,NULL,0,0,0,0,0,0,0,0,0,0,0,0,NULL,0,0,0,NULL,1764007187,1764018034,1535109519,1535109519,NULL,NULL,NULL);
INSERT INTO DriverSessions VALUES(10,1,10,0,11,'ElPochoGR',9,NULL,'Red Bull',0,0,0,0,NULL,86640,NULL,0,0,0,0,0,0,0,0,0,0,0,0,NULL,0,0,0,NULL,1764007190,1764018037,1535109519,1535109519,NULL,NULL,NULL);
INSERT INTO DriverSessions VALUES(11,1,11,0,10,'AlexG_IV2',3,NULL,'Alpine',2,0,0,0,NULL,86840,NULL,0,0,0,0,0,0,0,0,0,0,0,0,NULL,0,0,0,NULL,1764007194,1764018044,1535109519,1535109519,NULL,NULL,NULL);
INSERT INTO DriverSessions VALUES(12,1,12,0,12,'DcViiral',7,NULL,'McLaren',0,0,0,0,NULL,86941,NULL,0,0,0,0,0,0,0,0,0,0,0,0,NULL,0,0,0,NULL,1764007198,1764018047,1535109519,1535109519,NULL,NULL,NULL);
INSERT INTO DriverSessions VALUES(13,1,13,0,15,'Scoloin',9,NULL,'Red Bull',0,0,0,0,NULL,86957,NULL,0,0,0,0,0,0,0,0,0,0,0,0,NULL,0,0,0,NULL,1764007202,1764018051,1535109519,1535109519,NULL,NULL,NULL);
INSERT INTO DriverSessions VALUES(14,1,14,14,13,'JillsValentine',1,NULL,'Sauber',2,0,0,0,NULL,87010,NULL,0,0,0,0,0,0,0,0,0,0,0,0,NULL,0,0,0,NULL,1764007206,1764018191,1535109519,1535109519,NULL,NULL,NULL);
INSERT INTO DriverSessions VALUES(15,1,15,0,16,'ossidrei93',1,NULL,'Sauber',0,0,0,0,NULL,87049,NULL,0,0,0,0,0,0,0,0,0,0,0,0,NULL,0,0,0,NULL,1764007213,1764018067,1535109519,1535109519,NULL,NULL,NULL);
INSERT INTO DriverSessions VALUES(16,1,16,0,14,'maxi0903',7,NULL,'McLaren',0,0,0,0,NULL,87114,NULL,0,0,0,0,0,0,0,0,0,0,0,0,NULL,0,0,0,NULL,1764007224,1764018070,1535109519,1535109519,NULL,NULL,NULL);
INSERT INTO DriverSessions VALUES(17,1,17,0,17,'BazokaJo',8,NULL,'Mercedes',0,0,0,0,NULL,87359,NULL,0,0,0,0,0,0,0,0,0,0,0,0,NULL,0,0,0,NULL,1764007226,1764018072,1535109519,1535109519,NULL,NULL,NULL);
INSERT INTO DriverSessions VALUES(18,1,18,0,18,'LankyBrown5515',6,NULL,'Haas',0,0,0,0,NULL,87371,NULL,0,0,0,0,0,0,0,0,0,0,0,0,NULL,0,0,0,NULL,1764007230,1764018075,1535109519,1535109519,NULL,NULL,NULL);
INSERT INTO DriverSessions VALUES(19,1,19,0,19,'ActionRik',10,NULL,'Williams',0,0,0,0,NULL,88897,NULL,0,0,0,0,0,0,0,0,0,0,0,0,NULL,0,0,0,NULL,1764007273,1764018079,1535109519,1535109519,NULL,NULL,NULL);
INSERT INTO DriverSessions VALUES(20,2,1,1,1,'BSGabry_',6,NULL,'Haas',0,0,2389435,0,NULL,0,NULL,0,0,0,0,0,0,0,0,0,0,0,0,NULL,0,0,0,NULL,1764072602,1764091217,1535109519,1535109519,NULL,NULL,NULL);
INSERT INTO DriverSessions VALUES(21,2,2,2,3,'seanmul10',5,NULL,'Ferrari',0,0,2395500,0,NULL,0,NULL,0,0,0,0,0,0,0,0,0,0,0,0,NULL,0,0,0,NULL,1764072673,1764091223,1535109519,1535109519,NULL,NULL,NULL);
INSERT INTO DriverSessions VALUES(22,2,3,3,7,'Dimitris Stavroulis',4,NULL,'Aston Martin',2,0,2396196,0,NULL,0,NULL,0,0,0,0,0,0,0,0,0,0,0,0,NULL,0,0,0,NULL,1764072675,1764091231,1535109519,1535109519,NULL,NULL,NULL);
INSERT INTO DriverSessions VALUES(23,2,4,4,4,'the_real_Sulli',2,NULL,'Racing Bulls',2,0,2398534,0,NULL,0,NULL,0,0,0,0,0,0,0,0,0,0,0,0,NULL,0,0,0,NULL,1764072678,1764091237,1535109519,1535109519,NULL,NULL,NULL);
INSERT INTO DriverSessions VALUES(24,2,5,5,2,'CUCCO_7',5,NULL,'Ferrari',0,0,2399005,0,NULL,0,NULL,0,0,0,0,0,0,0,0,0,0,0,0,NULL,0,0,0,NULL,1764072680,1764091241,1535109519,1535109519,NULL,NULL,NULL);
INSERT INTO DriverSessions VALUES(25,2,6,6,9,'p1Xx',2,NULL,'Racing Bulls',0,0,2405118,0,NULL,0,NULL,0,0,0,0,0,0,0,0,0,0,0,0,NULL,0,0,0,NULL,1764072683,1764091247,1535109519,1535109519,NULL,NULL,NULL);
INSERT INTO DriverSessions VALUES(26,2,7,7,8,'owise11',10,NULL,'Williams',0,0,2416263,0,NULL,0,NULL,0,0,0,0,0,0,0,0,0,0,0,0,NULL,0,0,0,NULL,1764072686,1764091259,1535109519,1535109519,NULL,NULL,NULL);
INSERT INTO DriverSessions VALUES(27,2,8,8,17,'BazokaJo',8,NULL,'Mercedes',0,0,2418741,0,NULL,0,NULL,0,0,0,0,0,0,0,0,0,0,0,0,NULL,0,0,0,NULL,1764072689,1764091265,1535109519,1535109519,NULL,NULL,NULL);
INSERT INTO DriverSessions VALUES(28,2,9,9,16,'ossidrei93',1,NULL,'Sauber',0,0,2419624,0,NULL,0,NULL,0,0,0,0,0,0,0,0,0,0,0,0,NULL,0,0,0,NULL,1764072693,1764091270,1535109519,1535109519,NULL,NULL,NULL);
INSERT INTO DriverSessions VALUES(29,2,10,10,6,'jaym246',4,NULL,'Aston Martin',0,0,2424113,0,NULL,0,NULL,0,0,0,0,0,0,0,0,0,0,0,0,NULL,0,0,0,NULL,1764072697,1764091275,1535109519,1535109519,NULL,NULL,NULL);
INSERT INTO DriverSessions VALUES(30,2,11,11,13,'JillsValentine',1,NULL,'Sauber',2,0,2435197,0,NULL,0,NULL,0,0,0,0,0,0,0,0,0,0,0,0,NULL,0,0,0,NULL,1764072700,1764091279,1535109519,1535109519,NULL,NULL,NULL);
INSERT INTO DriverSessions VALUES(31,2,12,12,14,'maxi0903',7,NULL,'McLaren',0,0,2436113,0,NULL,0,NULL,0,0,0,0,0,0,0,0,0,0,0,0,NULL,0,0,0,NULL,1764072703,1764091287,1535109519,1535109519,NULL,NULL,NULL);
INSERT INTO DriverSessions VALUES(32,2,13,13,10,'AlexG_IV2',3,NULL,'Alpine',2,0,2451019,0,NULL,0,NULL,0,0,0,0,0,0,0,0,0,0,0,0,NULL,0,0,0,NULL,1764072706,1764091293,1535109519,1535109519,NULL,NULL,NULL);
INSERT INTO DriverSessions VALUES(33,2,14,14,12,'DcViiral',7,NULL,'McLaren',0,0,2456811,0,NULL,0,NULL,0,0,0,0,0,0,0,0,0,0,0,0,NULL,0,0,0,NULL,1764072709,1764091304,1535109519,1535109519,NULL,NULL,NULL);
INSERT INTO DriverSessions VALUES(34,2,15,15,19,'ActionRik',10,NULL,'Williams',0,0,2467390,0,NULL,0,NULL,0,0,0,0,0,0,0,0,0,0,0,0,NULL,0,0,0,NULL,1764072733,1764091342,1535109519,1535109519,NULL,NULL,NULL);
INSERT INTO DriverSessions VALUES(35,2,16,16,18,'LankyBrown5515',6,NULL,'Haas',0,0,2498660,0,NULL,0,NULL,0,0,0,0,0,0,0,0,0,0,0,0,NULL,0,0,0,NULL,1764072737,1764091356,1535109519,1535109519,NULL,NULL,NULL);
INSERT INTO DriverSessions VALUES(36,2,17,0,15,'Scoloin',9,NULL,'Red Bull',0,2,0,0,NULL,0,NULL,0,0,0,0,0,0,0,0,0,0,0,0,NULL,0,0,0,NULL,1764072742,1764072766,1535109519,1535109519,NULL,NULL,NULL);
INSERT INTO DriverSessions VALUES(37,2,18,0,5,'Pub_Dogg',8,NULL,'Mercedes',0,2,0,0,NULL,0,NULL,0,0,0,0,0,0,0,0,0,0,0,0,NULL,0,0,0,NULL,1764072743,1764072767,1535109519,1535109519,NULL,NULL,NULL);
INSERT INTO DriverSessions VALUES(38,2,19,0,11,'ElPochoGR',9,NULL,'Red Bull',0,2,0,0,NULL,0,NULL,0,0,0,0,0,0,0,0,0,0,0,0,NULL,0,0,0,NULL,1764072748,1764072769,1535109519,1535109519,NULL,NULL,NULL);
INSERT INTO DriverSessions VALUES(39,6,1,1,5,'Pub_Dogg',8,NULL,'Mercedes',0,0,2523956,0,NULL,0,NULL,0,0,0,0,5,0,0,0,0,0,0,0,NULL,0,0,0,NULL,1764091723,1764092434,1535109519,1535109519,NULL,NULL,NULL);
INSERT INTO DriverSessions VALUES(40,6,2,0,12,'DcViiral',7,NULL,'McLaren',0,0,2524825,0,NULL,0,NULL,0,0,0,0,0,0,0,0,0,0,0,0,NULL,0,0,0,NULL,1764091783,1764092268,1535109519,1535109519,NULL,NULL,NULL);
INSERT INTO DriverSessions VALUES(41,6,3,3,27,'PhantomFox456',1,NULL,'Sauber',0,0,2526255,0,NULL,0,NULL,0,0,0,0,3,0,0,0,0,0,0,0,NULL,0,0,0,NULL,1764091785,1764092437,1535109519,1535109519,NULL,NULL,NULL);
INSERT INTO DriverSessions VALUES(42,6,4,0,17,'BazokaJo',8,NULL,'Mercedes',0,0,2526496,0,NULL,0,NULL,0,0,0,0,0,0,0,0,0,0,0,0,NULL,0,0,0,NULL,1764091787,1764092273,1535109519,1535109519,NULL,NULL,NULL);
INSERT INTO DriverSessions VALUES(43,6,5,0,31,'Borbodinio',4,NULL,'Aston Martin',0,0,2528580,0,NULL,0,NULL,0,0,0,0,0,0,0,0,0,0,0,0,NULL,0,0,0,NULL,1764091790,1764092277,1535109519,1535109519,NULL,NULL,NULL);
INSERT INTO DriverSessions VALUES(44,6,6,0,6,'jaym246',4,NULL,'Aston Martin',0,0,2528651,0,NULL,0,NULL,0,0,0,0,0,0,0,0,0,0,0,0,NULL,0,0,0,NULL,1764091792,1764092283,1535109519,1535109519,NULL,NULL,NULL);
INSERT INTO DriverSessions VALUES(45,6,7,0,1,'BSGabry_',6,NULL,'Haas',0,0,2528812,0,NULL,0,NULL,0,0,0,0,0,0,0,0,0,0,0,0,NULL,0,0,0,NULL,1764091795,1764092286,1535109519,1535109519,NULL,NULL,NULL);
INSERT INTO DriverSessions VALUES(46,6,8,0,29,'Flavours',3,NULL,'Alpine',0,0,2529584,0,NULL,0,NULL,0,0,0,0,0,0,0,0,0,0,0,0,NULL,0,0,0,NULL,1764091808,1764092290,1535109519,1535109519,NULL,NULL,NULL);
INSERT INTO DriverSessions VALUES(47,6,9,9,2,'CUCCO_7',5,NULL,'Ferrari',0,0,2536096,0,NULL,0,NULL,0,0,0,0,5,0,0,0,0,0,0,0,NULL,0,0,0,NULL,1764091814,1764092441,1535109519,1535109519,NULL,NULL,NULL);
INSERT INTO DriverSessions VALUES(48,6,10,0,13,'JillsValentine',1,NULL,'Sauber',2,0,2537221,0,NULL,0,NULL,0,0,0,0,0,0,0,0,0,0,0,0,NULL,0,0,0,NULL,1764091817,1764092297,1535109519,1535109519,NULL,NULL,NULL);
INSERT INTO DriverSessions VALUES(49,6,11,0,8,'owise11',10,NULL,'Williams',0,0,2537367,0,NULL,0,NULL,0,0,0,0,0,0,0,0,0,0,0,0,NULL,0,0,0,NULL,1764091824,1764092301,1535109519,1535109519,NULL,NULL,NULL);
INSERT INTO DriverSessions VALUES(50,6,12,12,28,'edwinlfc',3,NULL,'Alpine',0,0,2529818,0,NULL,0,NULL,0,0,0,0,0,0,0,0,0,0,0,0,NULL,0,0,0,NULL,1764091828,1764092507,1535109519,1535109519,NULL,NULL,NULL);
INSERT INTO DriverSessions VALUES(51,6,13,0,3,'seanmul10',5,NULL,'Ferrari',0,0,2552205,0,NULL,0,NULL,0,0,0,0,0,0,0,0,0,0,0,0,NULL,0,0,0,NULL,1764091831,1764092308,1535109519,1535109519,NULL,NULL,NULL);
INSERT INTO DriverSessions VALUES(52,6,14,0,9,'p1Xx',2,NULL,'Racing Bulls',0,0,2560985,0,NULL,0,NULL,0,0,0,0,0,0,0,0,0,0,0,0,NULL,0,0,0,NULL,1764091835,1764092311,1535109519,1535109519,NULL,NULL,NULL);
INSERT INTO DriverSessions VALUES(53,6,15,15,14,'maxi0903',7,NULL,'McLaren',0,0,2607051,0,NULL,93464,0,0,0,0,0,0,0,0,0,0,0,0,0,NULL,0,0,0,NULL,1764091842,1764092706,1535109519,1535109519,NULL,NULL,NULL);
INSERT INTO DriverSessions VALUES(54,6,16,-1,10,'AlexG_IV2',9,NULL,'Red Bull',2,2,0,0,NULL,0,NULL,0,0,0,0,10,0,0,0,0,0,0,0,NULL,0,0,0,NULL,1764091845,1764092477,1535109519,1535109519,NULL,NULL,NULL);
INSERT INTO DriverSessions VALUES(55,6,17,0,19,'ActionRik',10,NULL,'Williams',0,2,0,0,NULL,0,NULL,0,0,0,0,0,0,0,0,0,0,0,0,NULL,0,0,0,NULL,1764091855,1764092227,1535109519,1535109519,NULL,NULL,NULL);
INSERT INTO DriverSessions VALUES(56,6,18,0,20,'Mihai',2,NULL,'Racing Bulls',0,2,0,0,NULL,0,NULL,0,0,0,0,0,0,0,0,0,0,0,0,NULL,0,0,0,NULL,1764091858,1764092229,1535109519,1535109519,NULL,NULL,NULL);
INSERT INTO DriverSessions VALUES(57,6,19,0,18,'LankyBrown5515',6,NULL,'Haas',0,2,0,0,NULL,0,NULL,0,0,0,0,0,0,0,0,0,0,0,0,NULL,0,0,0,NULL,1764091861,1764092235,1535109519,1535109519,NULL,NULL,NULL);
INSERT INTO DriverSessions VALUES(58,5,1,0,2,'CUCCO_7',5,NULL,'Ferrari',0,0,0,0,NULL,90542,NULL,0,0,0,0,0,0,0,0,0,0,0,0,NULL,0,0,0,NULL,1764091890,1764091909,1535109519,1535109519,NULL,NULL,NULL);
INSERT INTO DriverSessions VALUES(59,5,2,0,31,'Borbodinio',4,NULL,'Aston Martin',0,0,0,0,NULL,90785,NULL,0,0,0,0,0,0,0,0,0,0,0,0,NULL,0,0,0,NULL,1764091890,1764091915,1535109519,1535109519,NULL,NULL,NULL);
INSERT INTO DriverSessions VALUES(60,5,3,0,1,'BSGabry_',6,NULL,'Haas',0,0,0,0,NULL,90966,NULL,0,0,0,0,0,0,0,0,0,0,0,0,NULL,0,0,0,NULL,1764091890,1764091919,1535109519,1535109519,NULL,NULL,NULL);
INSERT INTO DriverSessions VALUES(61,5,4,0,28,'edwinlfc',3,NULL,'Alpine',0,0,0,0,NULL,91083,NULL,0,0,0,0,0,0,0,0,0,0,0,0,NULL,0,0,0,NULL,1764091890,1764091921,1535109519,1535109519,NULL,NULL,NULL);
INSERT INTO DriverSessions VALUES(62,5,5,0,29,'Flavours',3,NULL,'Alpine',0,0,0,0,NULL,91162,NULL,0,0,0,0,0,0,0,0,0,0,0,0,NULL,0,0,0,NULL,1764091890,1764091923,1535109519,1535109519,NULL,NULL,NULL);
INSERT INTO DriverSessions VALUES(63,5,6,0,6,'jaym246',4,NULL,'Aston Martin',0,0,0,0,NULL,91227,NULL,0,0,0,0,0,0,0,0,0,0,0,0,NULL,0,0,0,NULL,1764091890,1764091925,1535109519,1535109519,NULL,NULL,NULL);
INSERT INTO DriverSessions VALUES(64,5,7,0,12,'DcViiral',7,NULL,'McLaren',0,0,0,0,NULL,91278,NULL,0,0,0,0,0,0,0,0,0,0,0,0,NULL,0,0,0,NULL,1764091890,1764091928,1535109519,1535109519,NULL,NULL,NULL);
INSERT INTO DriverSessions VALUES(65,5,8,0,3,'seanmul10',5,NULL,'Ferrari',0,0,0,0,NULL,91362,NULL,0,0,0,0,0,0,0,0,0,0,0,0,NULL,0,0,0,NULL,1764091890,1764091931,1535109519,1535109519,NULL,NULL,NULL);
INSERT INTO DriverSessions VALUES(66,5,9,0,8,'owise11',10,NULL,'Williams',0,0,0,0,NULL,91414,NULL,0,0,0,0,0,0,0,0,0,0,0,0,NULL,0,0,0,NULL,1764091890,1764091935,1535109519,1535109519,NULL,NULL,NULL);
INSERT INTO DriverSessions VALUES(67,5,10,0,13,'JillsValentine',1,NULL,'Sauber',2,0,0,0,NULL,91497,NULL,0,0,0,0,0,0,0,0,0,0,0,0,NULL,0,0,0,NULL,1764091890,1764091939,1535109519,1535109519,NULL,NULL,NULL);
INSERT INTO DriverSessions VALUES(68,5,11,0,20,'Mihai',2,NULL,'Racing Bulls',0,0,0,0,NULL,91570,NULL,0,0,0,0,0,0,0,0,0,0,0,0,NULL,0,0,0,NULL,1764091890,1764091942,1535109519,1535109519,NULL,NULL,NULL);
INSERT INTO DriverSessions VALUES(69,5,12,0,5,'Pub_Dogg',8,NULL,'Mercedes',0,0,0,0,NULL,91572,NULL,0,0,0,0,0,0,0,0,0,0,0,0,NULL,0,0,0,NULL,1764091890,1764091945,1535109519,1535109519,NULL,NULL,NULL);
INSERT INTO DriverSessions VALUES(70,5,13,0,9,'p1Xx',2,NULL,'Racing Bulls',0,0,0,0,NULL,91576,NULL,0,0,0,0,0,0,0,0,0,0,0,0,NULL,0,0,0,NULL,1764091890,1764091948,1535109519,1535109519,NULL,NULL,NULL);
INSERT INTO DriverSessions VALUES(71,5,14,0,14,'maxi0903',7,NULL,'McLaren',0,0,0,0,NULL,91908,NULL,0,0,0,0,0,0,0,0,0,0,0,0,NULL,0,0,0,NULL,1764091890,1764091951,1535109519,1535109519,NULL,NULL,NULL);
INSERT INTO DriverSessions VALUES(72,5,15,0,17,'BazokaJo',8,NULL,'Mercedes',0,0,0,0,NULL,92145,NULL,0,0,0,0,0,0,0,0,0,0,0,0,NULL,0,0,0,NULL,1764091890,1764091964,1535109519,1535109519,NULL,NULL,NULL);
INSERT INTO DriverSessions VALUES(73,5,16,0,10,'AlexG_IV2',9,NULL,'Red Bull',2,0,0,0,NULL,92249,NULL,0,0,0,0,0,0,0,0,0,0,0,0,NULL,0,0,0,NULL,1764091890,1764091967,1535109519,1535109519,NULL,NULL,NULL);
INSERT INTO DriverSessions VALUES(74,5,17,0,18,'LankyBrown5515',6,NULL,'Haas',0,0,0,0,NULL,92317,NULL,0,0,0,0,0,0,0,0,0,0,0,0,NULL,0,0,0,NULL,1764091890,1764091969,1535109519,1535109519,NULL,NULL,NULL);
INSERT INTO DriverSessions VALUES(75,5,18,0,19,'ActionRik',10,NULL,'Williams',0,0,0,0,NULL,93534,NULL,0,0,0,0,0,0,0,0,0,0,0,0,NULL,0,0,0,NULL,1764091890,1764091973,1535109519,1535109519,NULL,NULL,NULL);
INSERT INTO DriverSessions VALUES(76,5,19,0,27,'PhantomFox456',1,NULL,'Sauber',0,0,0,0,NULL,0,NULL,0,0,0,0,0,0,0,0,0,0,0,0,NULL,0,0,0,NULL,1764091890,0,1535109519,0,NULL,NULL,NULL);
INSERT INTO DriverSessions VALUES(95,3,1,0,8,'owise11',8,NULL,'Mercedes',0,0,0,0,NULL,0,NULL,0,0,0,0,0,0,0,0,0,0,0,0,NULL,0,0,0,NULL,1764094005,0,1535109519,0,NULL,NULL,NULL);
INSERT INTO DriverSessions VALUES(96,3,2,0,20,'Mihai',10,NULL,'Williams',0,0,0,0,NULL,0,NULL,0,0,0,0,0,0,0,0,0,0,0,0,NULL,0,0,0,NULL,1764094005,0,1535109519,0,NULL,NULL,NULL);
INSERT INTO DriverSessions VALUES(97,3,3,0,29,'Flavours',6,NULL,'Haas',0,0,0,0,NULL,0,NULL,0,0,0,0,0,0,0,0,0,0,0,0,NULL,0,0,0,NULL,1764094005,0,1535109519,0,NULL,NULL,NULL);
INSERT INTO DriverSessions VALUES(98,3,4,0,26,'NemesisVR69',7,NULL,'McLaren',2,0,0,0,NULL,0,NULL,0,0,0,0,0,0,0,0,0,0,0,0,NULL,0,0,0,NULL,1764094005,0,1535109519,0,NULL,NULL,NULL);
INSERT INTO DriverSessions VALUES(99,3,5,0,16,'ossidrei93',1,NULL,'Sauber',0,0,0,0,NULL,0,NULL,0,0,0,0,0,0,0,0,0,0,0,0,NULL,0,0,0,NULL,1764094005,0,1535109519,0,NULL,NULL,NULL);
INSERT INTO DriverSessions VALUES(100,3,6,0,12,'DcViiral',9,NULL,'Red Bull',0,0,0,0,NULL,0,NULL,0,0,0,0,0,0,0,0,0,0,0,0,NULL,0,0,0,NULL,1764094005,0,1535109519,0,NULL,NULL,NULL);
INSERT INTO DriverSessions VALUES(101,3,7,0,10,'AlexG_IV2',3,NULL,'Alpine',0,0,0,0,NULL,0,NULL,0,0,0,0,0,0,0,0,0,0,0,0,NULL,0,0,0,NULL,1764094005,0,1535109519,0,NULL,NULL,NULL);
INSERT INTO DriverSessions VALUES(102,3,8,0,13,'JillsValentine',9,NULL,'Red Bull',0,0,0,0,NULL,0,NULL,0,0,0,0,0,0,0,0,0,0,0,0,NULL,0,0,0,NULL,1764094005,0,1535109519,0,NULL,NULL,NULL);
INSERT INTO DriverSessions VALUES(103,3,9,0,18,'LankyBrown5515',10,NULL,'Williams',0,0,0,0,NULL,0,NULL,0,0,0,0,0,0,0,0,0,0,0,0,NULL,0,0,0,NULL,1764094005,0,1535109519,0,NULL,NULL,NULL);
INSERT INTO DriverSessions VALUES(104,3,10,0,14,'maxi0903',1,NULL,'Sauber',0,0,0,0,NULL,0,NULL,0,0,0,0,0,0,0,0,0,0,0,0,NULL,0,0,0,NULL,1764094005,0,1535109519,0,NULL,NULL,NULL);
INSERT INTO DriverSessions VALUES(105,3,11,0,22,'Marcellio',5,NULL,'Ferrari',0,0,0,0,NULL,0,NULL,0,0,0,0,0,0,0,0,0,0,0,0,NULL,0,0,0,NULL,1764094005,0,1535109519,0,NULL,NULL,NULL);
INSERT INTO DriverSessions VALUES(106,3,12,0,17,'BazokaJo',6,NULL,'Haas',0,0,0,0,NULL,0,NULL,0,0,0,0,0,0,0,0,0,0,0,0,NULL,0,0,0,NULL,1764094005,0,1535109519,0,NULL,NULL,NULL);
INSERT INTO DriverSessions VALUES(107,3,13,0,19,'ActionRik',8,NULL,'Mercedes',0,0,0,0,NULL,0,NULL,0,0,0,0,0,0,0,0,0,0,0,0,NULL,0,0,0,NULL,1764094005,0,1535109519,0,NULL,NULL,NULL);
INSERT INTO DriverSessions VALUES(108,3,14,0,21,'akosin',3,NULL,'Alpine',2,0,0,0,NULL,0,NULL,0,0,0,0,0,0,0,0,0,0,0,0,NULL,0,0,0,NULL,1764094005,0,1535109519,0,NULL,NULL,NULL);
INSERT INTO DriverSessions VALUES(109,3,15,0,23,'HarleyJL18',7,NULL,'McLaren',0,0,0,0,NULL,0,NULL,0,0,0,0,0,0,0,0,0,0,0,0,NULL,0,0,0,NULL,1764094005,0,1535109519,0,NULL,NULL,NULL);
INSERT INTO DriverSessions VALUES(110,3,16,0,25,'XtraDavido',2,NULL,'Racing Bulls',0,0,0,0,NULL,0,NULL,0,0,0,0,0,0,0,0,0,0,0,0,NULL,0,0,0,NULL,1764094005,0,1535109519,0,NULL,NULL,NULL);
INSERT INTO DriverSessions VALUES(111,3,17,0,24,'OllieBowers',5,NULL,'Ferrari',2,0,0,0,NULL,0,NULL,0,0,0,0,0,0,0,0,0,0,0,0,NULL,0,0,0,NULL,1764094005,0,1535109519,0,NULL,NULL,NULL);
INSERT INTO DriverSessions VALUES(112,3,18,0,9,'p1Xx',2,NULL,'Racing Bulls',0,0,0,0,NULL,0,NULL,0,0,0,0,0,0,0,0,0,0,0,0,NULL,0,0,0,NULL,1764094005,0,1535109519,0,NULL,NULL,NULL);
INSERT INTO DriverSessions VALUES(113,7,1,0,29,'Flavours',6,NULL,'Haas',0,0,0,0,NULL,0,NULL,0,0,0,0,0,0,0,0,0,0,0,0,NULL,0,0,0,NULL,1764094600,0,1535109519,0,NULL,NULL,NULL);
INSERT INTO DriverSessions VALUES(114,7,2,0,8,'owise11',8,NULL,'Mercedes',0,0,0,0,NULL,0,NULL,0,0,0,0,0,0,0,0,0,0,0,0,NULL,0,0,0,NULL,1764094605,0,1535109519,0,NULL,NULL,NULL);
INSERT INTO DriverSessions VALUES(115,10,1,0,8,'owise11',8,NULL,'Mercedes',2,0,0,0,'0:2,0:1',63877,NULL,4,15,0,0,0,0,0,0,0,1,41,230,'owise11',2,0,0,X'010a1b08011a040892f903220308a97c2a0408d6e301320408939901380f0a1c08021a0408acab04220408808d012a04088a8002320408a29e01380f0a1b08031a0408c8f703220308877c2a040881e301320408bf9801380f0a1b08041a040885f303220308ee7b2a0408eddf01320408a99701380f0a1008051a00220408a390012a003200380f12001a0020c20228003000',1764100353,0,1535109519,0,7,NULL,NULL);
INSERT INTO DriverSessions VALUES(116,10,2,0,20,'Mihai',10,NULL,'Williams',2,0,0,0,'0:1,0:1',64391,0,2,15,0,0,0,0,0,0,0,1,29,182,'Mihai',2,0,0,X'010a1b08011a0408a4f803220308bc7c2a04088fe101320408d89a01380f0a1b08021a040887f703220308cc7b2a0408d9e101320408e19901380f0a1008031a00220408b2a8012a003200380f12001a0020c80228003000',1764100353,0,1535109519,0,4,NULL,NULL);
INSERT INTO DriverSessions VALUES(117,10,3,0,21,'akosin',1,NULL,'Sauber',2,0,0,0,'0:1,0:1,0:1',64433,0,3,15,0,0,0,0,0,0,0,1,77,14,'Utente',2,0,0,X'010a1b08011a0408dbfa03220308c47c2a0408f2e201320408a59b01380f0a1b08021a0408c8f903220308947d2a0408fde101320408b59a01380f0a1b08031a0408b1f703220308b97b2a0408ade101320408ca9a01380f0a1c08041a04088dc005220408bb90012a0408c7d6023204088ad901380f0a1008051a00220408a78b012a003200380f12001a0020c60228003000',1764100353,0,1535109519,0,6,NULL,NULL);
INSERT INTO DriverSessions VALUES(118,10,4,0,9,'p1Xx',2,NULL,'Racing Bulls',2,0,0,0,'0:1,0:1,0:1',64528,0,2,15,0,0,0,0,0,0,0,1,41,58,'p1Xx Retardmaxxing',2,0,0,X'010a1b08011a0408e5f903220308f37c2a04089be301320408d69901380f0a1b08021a040890f8032203089b7b2a04089fe301320408d59901380f12001a0020cb0228003000',1764100353,0,1535109519,0,11,NULL,NULL);
INSERT INTO DriverSessions VALUES(119,10,5,0,12,'DcViiral',9,NULL,'Red Bull',2,0,0,0,'0:1,0:1,0:1',64529,0,1,15,0,0,0,0,0,0,0,1,69,83,'DcViiral',2,0,0,X'010a1b08011a040891f803220308967c2a0408ade201320408ce9901380f0a1908021a0408b4f903220308fb7b2a0408fbe101320408bd9b010a1908031a0408cef403220308d37b2a0408b9e001320408c198010a1a08041a040886ab05220408fab5012a0408a7d002320408e4a4010a1908051a0408ebf803220308977c2a0408cbe101320408889b010a1008061a00220408bbc0012a003200380812001a0020c50228003000',1764100353,0,1535109519,0,12,NULL,NULL);
INSERT INTO DriverSessions VALUES(120,10,6,0,NULL,'',6,NULL,'Haas',2,0,0,0,'0:1,0:1,0:1',64550,NULL,5,15,0,0,0,0,0,0,0,1,77,127,'Utente',2,0,0,X'010a1a08011a0408d99d04220408a982012a0408c6f301320408eaa7010a1b08021a040886fa03220308b07c2a040899e401320408bb9901380f0a1b08031a0408eaf9032203088e7c2a0408aae201320408b29b01380f0a1b08041a0408adf004220308bc7c2a0408c1a702320408aecc01380f0a1b08051a0408a6f803220308ce7c2a0408a9e301320408ae9801380f12001a0020c90228003000',1764100353,0,1535109519,0,13,NULL,NULL);
INSERT INTO DriverSessions VALUES(121,10,7,0,NULL,'',7,NULL,'McLaren',2,0,0,0,'0:1,0:1,0:1',64561,0,2,15,0,0,0,0,0,0,0,1,2,0,'Utente',2,0,0,X'010a1b08011a0408b0fc03220308bb7d2a0408a0e401320408d49a01380f0a1b08021a0408b1f803220308c97d2a0408e2e101320408859901380f0a1908031a0408adf703220308a87c2a0408c4e301320408c0970112001a0020c60228003000',1764100353,0,1535109519,0,8,NULL,NULL);
INSERT INTO DriverSessions VALUES(122,10,8,0,16,'ossidrei93',1,NULL,'Sauber',2,0,0,0,'0:1,0:1,0:1',64586,0,2,15,0,0,0,0,0,0,0,1,32,14,'ossidrei93',2,0,0,X'010a1b08011a0408a2fa03220308887e2a0408fce1013204089d9a01380f0a1b08021a0408caf803220308d77c2a0408bce201320408b69901380f0a1908031a0408fbf603220308887c2a0408f9e101320408f998010a1a08041a040890ba04220408b2a1012a0408ebf701320408f2a00112001a0020c50228003000',1764100353,0,1535109519,0,10,NULL,NULL);
INSERT INTO DriverSessions VALUES(123,10,9,0,17,'BazokaJo',6,NULL,'Haas',2,0,0,0,'0:1,0:1',65028,0,2,15,0,0,0,0,0,0,0,1,86,83,'BazokaJo',2,0,0,X'010a1b08011a0408a5fd03220308c07e2a0408ece401320408f79901380f0a1b08021a040884fc03220308867d2a0408e1e4013204089c9a01380f12001a0020cd0228003000',1764100353,0,1535109519,0,1,NULL,NULL);
INSERT INTO DriverSessions VALUES(124,10,10,0,10,'AlexG_IV2',3,NULL,'Alpine',2,0,0,0,'0:1,0:1,0:1',65063,0,1,15,0,0,0,0,0,0,0,1,42,77,'AlexG_IV2',2,0,0,X'010a1b08011a0408a7fc03220308df7b2a0408e9e501320408de9a01380f0a1b08021a040896ad04220308d57b2a0408aae50132040895cc01380f0a1908031a0408ee8004220308e27b2a0408bde401320408cea0010a1908041a0408ac8204220308e67b2a040880e601320408c4a00112001a0020cd0228003000',1764100353,0,1535109519,0,2,NULL,NULL);
INSERT INTO DriverSessions VALUES(125,10,11,0,NULL,'',5,NULL,'Ferrari',2,0,0,0,'0:3,0:1,0:1',65206,0,5,15,0,0,0,0,0,0,0,1,25,83,'Marcellio',2,0,0,X'010a1908011a04089b8404220308c77f2a0408abe601320408a79e010a1c08021a0408c28304220408fc82012a0408bce601320408899a01380f0a1c08031a040892b404220408a783012a0408d7ee0132040893c201380f0a1908041a0408e38404220308b47f2a0408b5e701320408f99d010a1b08051a0408b6fd03220308b07d2a0408d9e401320408ac9b01380f12001a0020c90228003000',1764100353,0,1535109519,0,0,NULL,NULL);
INSERT INTO DriverSessions VALUES(126,10,12,0,NULL,'',4,NULL,'Aston Martin',2,0,0,0,'0:2,0:1',65378,NULL,4,15,0,0,0,0,0,0,0,1,2,0,'thomas_k04',2,0,0,X'010a1b08011a0408a28304220308b87d2a0408afe601320408ba9f01380f0a1c08021a0408a6aa0522040889b9012a0408fb9b02320408a2d501380f0a1c08031a0408c7b404220408c189012a0408bf8702320408c6a301380f0a1b08041a0408e2fe03220308df7c2a0408bfe501320408c39c01380f0a1a08051a04089b8904220408cd80012a04088de901320408c09f0112001a0020c90228003000',1764100353,0,1535109519,0,5,NULL,NULL);
INSERT INTO DriverSessions VALUES(127,10,13,0,NULL,'',9,NULL,'Red Bull',2,0,0,0,'0:2,0:1',0,NULL,0,0,0,0,0,0,0,0,0,1,79,178,'Utente',2,0,0,X'010a1a08011a0408fe8f042204089c80012a040890ee01320408d1a1010a1a08021a0408fca704220408ba8f012a0408aaf20132040896a60112001a0020c50228003000',1764100353,0,1535109519,0,15,NULL,NULL);
INSERT INTO DriverSessions VALUES(128,10,14,0,28,'edwinlfc',5,NULL,'Ferrari',2,0,0,0,'0:1',0,NULL,0,0,0,0,0,0,0,0,0,1,36,127,'Utente',0,0,0,X'0112001a00200028003000',1764100353,0,1535109519,0,9,NULL,NULL);
INSERT INTO DriverSessions VALUES(129,10,15,0,18,'LankyBrown5515',10,NULL,'Williams',2,0,0,0,'0:1,0:1',0,NULL,0,0,0,0,0,0,0,0,0,1,84,228,'Utente',0,0,0,X'010a1008011a00220408b7a1012a003200380812001a0020c10228003000',1764100353,0,1535109519,0,3,NULL,NULL);
INSERT INTO DriverSessions VALUES(130,10,16,0,NULL,'',7,NULL,'McLaren',2,2,0,0,'0:1',0,NULL,0,0,0,0,0,0,0,0,0,1,4,228,'NORRIS',0,0,0,X'0112001a00200028003000',1764100353,0,1535109519,0,14,NULL,NULL);
INSERT INTO DriverSessions VALUES(131,10,17,0,NULL,'',8,NULL,'Mercedes',2,2,0,0,'0:1',0,NULL,0,0,0,0,0,0,0,0,0,1,12,108,'ANTONELLI',0,0,0,X'0112001a00200028003000',1764100353,0,1535109519,0,16,NULL,NULL);
INSERT INTO DriverSessions VALUES(132,10,18,0,23,'HarleyJL18',4,NULL,'Aston Martin',2,2,0,0,'0:1',0,NULL,0,0,0,0,0,0,0,0,0,1,18,41,'STROLL',0,0,0,X'0112001a00200028003000',1764100353,0,1535109519,0,17,NULL,NULL);
INSERT INTO DriverSessions VALUES(133,10,19,0,NULL,'',2,NULL,'Racing Bulls',2,2,0,0,'0:1',0,NULL,0,0,0,0,0,0,0,0,0,1,30,156,'LAWSON',0,0,0,X'0112001a00200028003000',1764100353,0,1535109519,0,19,NULL,NULL);
INSERT INTO DriverSessions VALUES(134,10,20,0,NULL,'',3,NULL,'Alpine',2,2,0,0,'0:1',0,NULL,0,0,0,0,0,0,0,0,0,1,43,10,'COLAPINTO',0,0,0,X'0112001a00200028003000',1764100353,0,1535109519,0,18,NULL,NULL);
INSERT INTO DriverSessions VALUES(135,8,1,1,8,'owise11',8,NULL,'Mercedes',0,0,0,0,'0:2,0:1',63877,NULL,4,15,0,0,0,0,0,0,0,1,41,230,'owise11',2,0,0,X'010a1b08011a040892f903220308a97c2a0408d6e301320408939901380f0a1c08021a0408acab04220408808d012a04088a8002320408a29e01380f0a1b08031a0408c8f703220308877c2a040881e301320408bf9801380f0a1b08041a040885f303220308ee7b2a0408eddf01320408a99701380f0a1008051a00220408a390012a003200380f12001a0020c20228003000',1764100353,0,1535109519,0,7,X'01',NULL);
INSERT INTO DriverSessions VALUES(136,8,2,2,20,'Mihai',10,NULL,'Williams',0,0,0,0,'0:1,0:1',64391,0,2,15,0,0,0,0,0,0,0,1,29,182,'Mihai',2,0,0,X'010a1b08011a0408a4f803220308bc7c2a04088fe101320408d89a01380f0a1b08021a040887f703220308cc7b2a0408d9e101320408e19901380f0a1008031a00220408b2a8012a003200380f12001a0020c80228003000',1764100353,0,1535109519,0,4,X'01',NULL);
INSERT INTO DriverSessions VALUES(137,8,3,3,14,'maxi0903',1,NULL,'Sauber',0,0,0,0,'0:1,0:1,0:1',64433,0,3,15,0,0,0,0,0,0,0,1,77,14,'Utente',2,0,0,X'010a1b08011a0408dbfa03220308c47c2a0408f2e201320408a59b01380f0a1b08021a0408c8f903220308947d2a0408fde101320408b59a01380f0a1b08031a0408b1f703220308b97b2a0408ade101320408ca9a01380f0a1c08041a04088dc005220408bb90012a0408c7d6023204088ad901380f0a1008051a00220408a78b012a003200380f12001a0020c60228003000',1764098510,1764111138,1535109519,1535109519,6,X'01',NULL);
INSERT INTO DriverSessions VALUES(138,8,4,4,9,'p1Xx',2,NULL,'Racing Bulls',0,0,0,0,'0:1,0:1,0:1',64528,0,2,15,0,0,0,0,0,0,0,1,41,58,'p1Xx Retardmaxxing',2,0,0,X'010a1b08011a0408e5f903220308f37c2a04089be301320408d69901380f0a1b08021a040890f8032203089b7b2a04089fe301320408d59901380f12001a0020cb0228003000',1764100353,0,1535109519,0,11,X'01',NULL);
INSERT INTO DriverSessions VALUES(139,8,5,5,12,'DcViiral',9,NULL,'Red Bull',0,0,0,0,'0:1,0:1,0:1',64529,0,1,15,0,0,0,0,0,0,0,1,69,83,'DcViiral',2,0,0,X'010a1b08011a040891f803220308967c2a0408ade201320408ce9901380f0a1908021a0408b4f903220308fb7b2a0408fbe101320408bd9b010a1908031a0408cef403220308d37b2a0408b9e001320408c198010a1a08041a040886ab05220408fab5012a0408a7d002320408e4a4010a1908051a0408ebf803220308977c2a0408cbe101320408889b010a1008061a00220408bbc0012a003200380812001a0020c50228003000',1764100353,0,1535109519,0,12,X'01',NULL);
INSERT INTO DriverSessions VALUES(140,8,6,0,29,'Flavours',6,NULL,'Haas',0,0,0,0,'0:1,0:1,0:1',64550,NULL,5,15,0,0,0,0,0,0,0,1,77,127,'Utente',2,0,0,X'010a1a08011a0408d99d04220408a982012a0408c6f301320408eaa7010a1b08021a040886fa03220308b07c2a040899e401320408bb9901380f0a1b08031a0408eaf9032203088e7c2a0408aae201320408b29b01380f0a1b08041a0408adf004220308bc7c2a0408c1a702320408aecc01380f0a1b08051a0408a6f803220308ce7c2a0408a9e301320408ae9801380f12001a0020c90228003000',1764098510,1764111142,1535109519,1535109519,13,X'01',NULL);
INSERT INTO DriverSessions VALUES(141,8,7,0,23,'HarleyJL18',7,NULL,'McLaren',0,0,0,0,'0:1,0:1,0:1',64561,0,2,15,0,0,0,0,0,0,0,1,2,0,'Utente',2,0,0,X'010a1b08011a0408b0fc03220308bb7d2a0408a0e401320408d49a01380f0a1b08021a0408b1f803220308c97d2a0408e2e101320408859901380f0a1908031a0408adf703220308a87c2a0408c4e301320408c0970112001a0020c60228003000',1764098510,1764111214,1535109519,1535109519,8,X'01',NULL);
INSERT INTO DriverSessions VALUES(142,8,8,6,16,'ossidrei93',1,NULL,'Sauber',0,0,0,0,'0:1,0:1,0:1',64586,0,2,15,0,0,0,0,0,0,0,1,32,14,'ossidrei93',2,0,0,X'010a1b08011a0408a2fa03220308887e2a0408fce1013204089d9a01380f0a1b08021a0408caf803220308d77c2a0408bce201320408b69901380f0a1908031a0408fbf603220308887c2a0408f9e101320408f998010a1a08041a040890ba04220408b2a1012a0408ebf701320408f2a00112001a0020c50228003000',1764100353,0,1535109519,0,10,X'01',NULL);
INSERT INTO DriverSessions VALUES(143,8,9,7,17,'BazokaJo',6,NULL,'Haas',0,0,0,0,'0:1,0:1',65028,0,2,15,0,0,0,0,0,0,0,1,86,83,'BazokaJo',2,0,0,X'010a1b08011a0408a5fd03220308c07e2a0408ece401320408f79901380f0a1b08021a040884fc03220308867d2a0408e1e4013204089c9a01380f12001a0020cd0228003000',1764100353,0,1535109519,0,1,X'01',NULL);
INSERT INTO DriverSessions VALUES(144,8,10,8,10,'AlexG_IV2',3,NULL,'Alpine',0,0,0,0,'0:1,0:1,0:1',65063,0,1,15,0,0,0,0,0,0,0,1,42,77,'AlexG_IV2',2,0,0,X'010a1b08011a0408a7fc03220308df7b2a0408e9e501320408de9a01380f0a1b08021a040896ad04220308d57b2a0408aae50132040895cc01380f0a1908031a0408ee8004220308e27b2a0408bde401320408cea0010a1908041a0408ac8204220308e67b2a040880e601320408c4a00112001a0020cd0228003000',1764100353,0,1535109519,0,2,X'01',NULL);
INSERT INTO DriverSessions VALUES(145,8,11,0,22,'Marcellio',5,NULL,'Ferrari',0,0,0,0,'0:3,0:1,0:1',65206,0,5,15,0,0,0,0,0,0,0,1,25,83,'Marcellio',2,0,0,X'010a1908011a04089b8404220308c77f2a0408abe601320408a79e010a1c08021a0408c28304220408fc82012a0408bce601320408899a01380f0a1c08031a040892b404220408a783012a0408d7ee0132040893c201380f0a1908041a0408e38404220308b47f2a0408b5e701320408f99d010a1b08051a0408b6fd03220308b07d2a0408d9e401320408ac9b01380f12001a0020c90228003000',1764098510,1764111209,1535109519,1535109519,0,X'01',NULL);
INSERT INTO DriverSessions VALUES(146,8,12,0,30,'thomas_k04',4,NULL,'Aston Martin',0,0,0,0,'0:2,0:1',65378,NULL,4,15,0,0,0,0,0,0,0,1,2,0,'thomas_k04',2,0,0,X'010a1b08011a0408a28304220308b87d2a0408afe601320408ba9f01380f0a1c08021a0408a6aa0522040889b9012a0408fb9b02320408a2d501380f0a1c08031a0408c7b404220408c189012a0408bf8702320408c6a301380f0a1b08041a0408e2fe03220308df7c2a0408bfe501320408c39c01380f0a1a08051a04089b8904220408cd80012a04088de901320408c09f0112001a0020c90228003000',1764098510,1764111198,1535109519,1535109519,5,X'01',NULL);
INSERT INTO DriverSessions VALUES(147,8,13,0,32,'The Kaiser',9,NULL,'Red Bull',2,0,0,0,'0:2,0:1',0,NULL,0,0,0,0,0,0,0,0,0,1,79,178,'Utente',2,0,0,X'010a1a08011a0408fe8f042204089c80012a040890ee01320408d1a1010a1a08021a0408fca704220408ba8f012a0408aaf20132040896a60112001a0020c50228003000',1764098510,1764111223,1535109519,1535109519,15,X'01',NULL);
INSERT INTO DriverSessions VALUES(148,8,14,9,28,'edwinlfc',5,NULL,'Ferrari',0,0,0,0,'0:1',0,NULL,0,0,0,0,0,0,0,0,0,1,36,127,'Utente',0,0,0,X'0112001a00200028003000',1764100353,0,1535109519,0,9,X'01',NULL);
INSERT INTO DriverSessions VALUES(149,8,15,10,18,'LankyBrown5515',10,NULL,'Williams',0,0,0,0,'0:1,0:1',0,NULL,0,0,0,0,0,0,0,0,0,1,84,228,'Utente',0,0,0,X'010a1008011a00220408b7a1012a003200380812001a0020c10228003000',1764100353,0,1535109519,0,3,X'01',NULL);
INSERT INTO DriverSessions VALUES(150,8,16,0,NULL,'',NULL,NULL,'',2,0,0,0,'0:1',0,NULL,0,0,0,0,0,0,0,0,0,1,4,228,'NORRIS',0,0,0,X'0112001a00200028003000',1764098510,1764111185,1535109519,1535109519,14,X'01',NULL);
INSERT INTO DriverSessions VALUES(151,8,17,0,NULL,'',NULL,NULL,'',2,0,0,0,'0:1',0,NULL,0,0,0,0,0,0,0,0,0,1,12,108,'ANTONELLI',0,0,0,X'0112001a00200028003000',1764098510,1764111187,1535109519,1535109519,16,X'01',NULL);
INSERT INTO DriverSessions VALUES(152,8,18,-1,NULL,'',NULL,NULL,'',2,0,0,0,'0:1',0,NULL,0,0,0,0,0,0,0,0,0,1,18,41,'STROLL',0,0,0,X'0112001a00200028003000',1764098510,1764111187,1535109519,1535109519,17,X'01',NULL);
INSERT INTO DriverSessions VALUES(153,8,19,0,NULL,'',NULL,NULL,'',2,0,0,0,'0:1',0,NULL,0,0,0,0,0,0,0,0,0,1,30,156,'LAWSON',0,0,0,X'0112001a00200028003000',1764098510,1764111189,1535109519,1535109519,19,X'01',NULL);
INSERT INTO DriverSessions VALUES(154,8,20,0,NULL,'',NULL,NULL,'',2,0,0,0,'0:1',0,NULL,0,0,0,0,0,0,0,0,0,1,43,10,'COLAPINTO',0,0,0,X'0112001a00200028003000',1764098510,1764111190,1535109519,1535109519,18,X'01',NULL);
INSERT INTO DriverSessions VALUES(155,11,1,0,12,'DcViiral',9,NULL,'Red Bull',2,0,2587220,0,'3:9,2:13,2:14',66161,2,26,15,0,0,0,0,0,0,0,1,69,83,'DcViiral',36,5,2,X'010a1e080110031a040886eb04220408a3ab012a0408ce880232040894b701380f0a1e080210031a04089bc604220408fd89012a0408bc8602320408e2b501380f0a1e080310031a0408fbc804220408998c012a0408ad8702320408b4b501380f0a1e080410031a0408eac604220408e08b012a04088d8502320408fcb501380f0a1e080510031a0408d2c504220408bd8c012a0408ce8402320408c5b401380f0a1e080610031a0408fdc304220408fd8b012a0408968402320408e9b301380f0a1e080710031a0408f3c104220408f98a012a0408c88202320408b1b401380f0a1e080810031a0408b4c604220408848c012a0408db8602320408d4b301380f0a1e080910031a0408adca04220408b78c012a0408e786023204088eb701380f0a1e080a10021a0408fbdb04220408b28d012a0408a984023204089fca01380f0a1e080b10021a0408efab052204088884022a0408cffb0132040897ac01380f0a1e080c10021a0408ada7042204088688012a0408b5f901320408f1a501380f0a1e080d10021a0408b0a104220408f586012a0408a6f60132040894a401380f0a1e080e10021a0408c5a104220408dd84012a0408c4f701320408a3a501380f0a1c080f10021a0408b89b042204089e86012a040899f40132040881a1010a1c081010021a0408999504220408d385012a040883f001320408c19f010a1e081110021a04089a97042204089b84012a04089ef001320408e0a201380f0a1e081210021a0408d89704220408b783012a0408ecf001320408b5a301380f0a1e081310021a0408bd9904220408a484012a0408b1f101320408e7a301380f0a1e081410021a0408c69a04220408f483012a040881f101320408d0a501380f0a1e081510021a0408af9c04220408d183012a0408b6f601320408a7a201380f0a1e081610021a04088d9804220408b883012a0408e4f201320408f1a101380f0a1e081710021a0408c8b204220408dd82012a0408e7f20132040884bd01380f0a1e081810021a0408e5e305220408e7fd012a0408aa9602320408d3cf01380f0a1e081910021a0408a3a604220408cd9a012a04089bed01320408ba9e01380f0a1e081a10021a0408f184042204089b81012a040899e801320408bb9b01380f0a1e081b10021a0408b29404220408bc84012a0408e5ee0132040890a101380f0a1e081c10021a0408f89104220408d684012a0408dded01320408c49f01380f0a1e081d10021a0408d29304220408ce84012a040895ee01320408eea001380f0a1e081e10021a0408ce9204220408a584012a0408b2ed01320408f6a001380f0a1e081f10021a0408ea95042204088484012a040883f001320408e2a101380f0a1e082010021a04088c9704220408d985012a040895f1013204089da001380f0a1e082110021a0408979804220408e584012a0408aef10132040882a201380f0a1e082210021a0408a09304220408fe80012a0408b1ee01320408f0a301380f0a1e082310021a0408f29704220408f084012a0408a6f001320408dba201380f0a1e082410021a0408e29e042204088086012a0408fff301320408e2a401380f1261080115c5b6683f1d8feb903f20042a17080610011da1369142250dd36142280130023d1c74e8432a19080410011d78352d4325cdd00243280130033d75a99c43580c2a1d08071d28343b432555351f43281530173d6e008e4340024802501d581b1a7c0801157745e63f1dcc5e0a3f20022a17080610011de659044325b2c7b042280230043d28868e412a19080410011d70c7724225e6b4ae41280330043db042ae4158132a19080a10011d8ab9ef4325d0a9c343280130073d73b0a343581e2a1d08071d7cbfb343257cbfb343280f30153d80da7344400248025015581220be02281530c5c105',1764103245,0,1535109519,0,12,NULL,NULL);
INSERT INTO DriverSessions VALUES(156,11,2,0,16,'ossidrei93',1,NULL,'Sauber',2,0,2595314,0,'3:9,2:13,2:14',66888,2,26,15,3,0,0,0,0,0,0,1,32,14,'ossidrei93',36,8,2,X'010a1e080110031a0408afee0422040883af012a04088c89023204089fb601380f0a1e080210031a0408f2ca04220408ef89012a0408ae8902320408d4b701380f0a1e080310031a0408e8c404220408f88a012a0408dd850232040892b401380f0a1e080410031a0408d9c704220408f88a012a0408e48502320408fbb601380f0a1e080510031a0408b8c704220408ff8a012a0408888702320408b0b501380f0a1e080610031a0408d1c504220408f78b012a0408a58402320408b4b501380f0a1e080710031a0408c1c704220408d88a012a0408bb8502320408adb701380f0a1e080810031a0408c6cc04220408a68c012a0408e38502320408bcba01380f0a1e080910031a0408d9cb04220408b48c012a0408f08702320408b4b701380f0a1e080a10021a0408d9e204220408c98d012a0408d58702320408bbcd01380f0a1e080b10021a0408e0b005220408bf88022a040893fe013204088eaa01380f0a1e080c10021a0408dcaa04220408bd88012a0408dbf901320408c4a801380f0a1e080d10021a040898a704220408bc87012a04089ff701320408bca801380f0a1e080e10021a04089f9e04220408c686012a0408cff30132040889a401380f0a1e080f10021a0408f49b04220408b086012a0408acf30132040896a201380f0a1e081010021a0408b49604220408da85012a0408b5ef01320408a4a101380f0a1e081110021a0408bf9704220408d585012a0408d9f00132040890a101380f0a1e081210021a0408ef98042204088986012a0408eef001320408f7a101380f0a1e081310021a0408b29804220408a085012a0408fdf00132040894a201380f0a1e081410021a0408949904220408e985012a0408cdf001320408dda201380f0a1e081510021a0408a09b042204089e86012a0408b6f201320408caa201380f0a1e081610021a0408d09a042204088286012a04089df201320408b0a201380f0a1e081710021a0408f9b4042204088a86012a0408c0f201320408aebc01380f0a1e081810021a0408d8f305220408e4f8012a0408efa70232040884d301380f0a1e081910021a0408aa9f042204089a97012a0408e4e901320408ab9e01380f0a1e081a10021a0408c88a042204088c83012a0408b8e901320408839e01380f0a1e081b10021a0408eb8c04220408eb82012a0408bdeb01320408c29e01380f0a1e081c10021a0408c19004220408b584012a040883ed01320408889f01380f0a1e081d10021a0408c69004220408db84012a0408b1ed01320408b99e01380f0a1e081e10021a0408e09204220408ef84012a0408b9ed01320408b7a001380f0a1e081f10021a0408d89204220408d484012a040898ed01320408eba001380f0a1e082010021a0408e49504220408a385012a0408e8ef01320408d9a001380f0a1e082110021a0408e395042204089185012a040889f001320408c8a001380f0a1e082210021a0408d29704220408e686012a0408a7f001320408c4a001380f0a1e082310021a0408f098042204089785012a0408a0f101320408b8a201380f0a1e082410021a0408919a04220408ca85012a040899f201320408ada201380f125f080115f94e873f1dac14963f20022a19080610011da5a718432507690e43280130033dee69fa43500c2a1b080410011dc0fb3542252048d541280330033da0729743501558122a17080c1d3646ef4325f500c443280130073dc65d1844501e1a5c080115b72b3e3d2a1b080b10011dee4038432556260343280130033d6d178141500f580d2a19080610011d1ae3bb422563a12342280330043dcb76494150172a1b080410011dc4086a4225b680a941280330043d7dcabd405019581520ba0228003000',1764103245,0,1535109519,0,10,NULL,NULL);
INSERT INTO DriverSessions VALUES(157,11,3,0,20,'Mihai',10,NULL,'Williams',2,0,2604220,0,'3:9,2:14,1:13',67025,1,26,15,3,0,0,0,0,0,0,1,29,182,'Mihai',36,2,2,X'010a1e080110031a04089fe504220408fba5012a0408e68702320408bcb701380f0a1e080210031a0408aac9042204088c8b012a0408ca8502320408d4b801380f0a1e080310031a0408e0d504220408b38e012a0408b68802320408f5be01380f0a1e080410031a040892d204220408f18d012a0408a98a02320408f7b901380f0a1e080510031a0408e7d1042204089d8f012a0408be8a023204088bb801380f0a1e080610031a040887c604220408e28b012a04089a84023204088bb601380f0a1e080710031a040899cb04220408b78c012a04088f8702320408d2b701380f0a1e080810031a0408bbcb042204089a8c012a04088486023204089db901380f0a1e080910031a0408cfcf04220408938d012a04089a8802320408a1ba01380f0a1e080a10021a0408cff8042204089a8e012a0408f88a02320408bcdf01380f0a1e080b10021a0408e6ca05220408e19f022a0408fdff0132040888ab01380f0a1c080c10021a04089ca604220408b983012a04089bfa01320408c8a8010a1e080d10021a0408dfa2042204088d82012a0408abf801320408a6a801380f0a1e080e10021a0408e89d04220408c085012a0408a5f20132040883a601380f0a1e080f10021a0408829a04220408a786012a040896f001320408c4a301380f0a1e081010021a0408f99704220408b083012a0408dbf101320408eda201380f0a1e081110021a0408aa9904220408b284012a0408e6f10132040891a301380f0a1e081210021a0408fe9804220408d483012a0408a9f10132040881a401380f0a1e081310021a0408f99b04220408db84012a0408ccf201320408d1a401380f0a1e081410021a0408f79c042204088c86012a0408c1f101320408a9a501380f0a1e081510021a0408f69804220408ca83012a0408d5f001320408d6a401380f0a1e081610021a0408a49e04220408fd83012a0408b9f401320408eda501380f0a1e081710021a0408989e042204089e84012a0408f4f40132040885a501380f0a1e081810011a0408f4f2042204089786012a0408ea9902320408f2d201380f0a1e081910011a0408d48305220408fcf8012a040886eb01320408d19f01380f0a1e081a10011a0408d18b04220408a480012a0408a8eb0132040884a001380f0a1e081b10011a0408d39604220408e782012a0408d0f2013204089ba101380f0a1e081c10011a0408d78e04220408a182012a0408bdeb01320408f8a001380f0a1e081d10011a0408f08d04220408be80012a04089dec0132040894a101380f0a1d081e10011a0408c09004220308cc7e2a0408a9ef01320408cba201380f0a1e081f10011a0408c99404220408ce82012a0408f2ee0132040889a301380f0a1e082010011a0408cba304220408ab84012a0408c2fa01320408dda401380f0a1e082110011a04088b9c04220408e983012a0408c0f301320408e0a401380f0a1e082210011a0408ab9c042204089484012a0408c7f301320408d0a401380f0a1e082310011a04088e9d04220408e984012a0408d4f201320408d0a501380f0a1e082410011a0408fd9c04220408b483012a0408bdf3013204088ba601380f12d501080115576005401d77cd1940200e2a1708071d2e682b4325df8ec042280130033d78682d43500c2a19080a1d84d56842250e06a241280330043d7a2d3842501558192a19080610011d58ba3d422546e08541280530053d9ed49743501d2a1708031de05c644225232b2742280a300a3d4064c442503e2a1b080810011d50680a42258070aa41280b300b3de10df842400248022a1f080610011d94d0244325585ee642280b300d3d1a648c4340024802500458032a1f080710011d30bf5343252d9a4843281b301e3d9c0edc43400148025014580a1ad10308011541cb8d401d102ddb3f20072a17080c1d3acf2d4325ce272a43280130033d4a22aa42500c2a19080a1dc0fb354225f0cf1142280330033d52142b40501258152a1708061d746d8f4325dd2e4743280130053dde2c044350102a1b080b10011dda93f5422560f8cc42280330053d5d502341501858192a19080610011dc1f282432527271943280530093d6458824350292a1708031d4f06e84325668f96432804300a3db90b8e4350282a1f080810011d006d5e4225c603d141280b300c3d5afb8d4140024802500258022a1f080610011dd499cf4325cd3a1f43280f30163df0d71a4340024802502158142a1f080d10011d48c0cf4325004dc743280f30163d53d4a34440024801502158162a1f080b10011dd0b6b44225c08a8a41281630183d4dd4524240024802503358382a1d08071d402dd24225dad5a842281a301b3da315104340014802500858052a1f080310011d20b54d432518091743281b301e3d18f8be41400148025013580f2a1d08071dd0f7484325bdf74843281e30213de30fbe4340014802502458112a1f080710011da03c4a43255db34843282130243d971e444340014802503558192a1f080310011d18359c4325104f4f43282030243d42934a43400148025035581e20ca0228003000',1764103245,0,1535109519,0,4,NULL,NULL);
INSERT INTO DriverSessions VALUES(158,11,4,0,18,'LankyBrown5515',10,NULL,'Williams',2,0,2608418,0,'3:9,2:12,2:15',67234,2,27,15,6,0,0,0,0,0,0,1,84,228,'Utente',36,15,2,X'010a1e080110031a0408fb8605220408d3ba012a0408da9102320408ceba01380f0a1e080210031a040897c504220408c189012a0408a18602320408b4b501380f0a1e080310031a040880c604220408b58b012a0408d18402320408f9b501380f0a1e080410031a0408d3ca042204088d8a012a0408f78702320408cfb801380f0a1e080510031a040893d204220408d08e012a0408918a02320408b0b901380f0a1e080610031a040891ca04220408d18d012a0408ba870232040885b501380f0a1e080710031a0408e7c604220408878a012a04089e8602320408c1b601380f0a1e080810031a0408acca04220408b48c012a0408848702320408f3b601380f0a1e080910031a040880cd04220408c58d012a0408c78802320408f2b601380f0a1e080a10021a0408bde104220408c58b012a0408e0840232040897d101380f0a1e080b10021a0408ebaf05220408d881022a0408ec8002320408a7ad01380f0a1e080c10021a0408dfaa04220408fb87012a040888f901320408daa901380f0a1e080d10021a0408e8a6042204088a88012a0408d8f70132040886a701380f0a1e080e10021a0408a0a104220408dd85012a040897f601320408aba501380f0a1e080f10021a0408e89d04220408f985012a040881f301320408eda401380f0a1e081010021a0408a59804220408f784012a0408eaf001320408c3a201380f0a1e081110021a0408e59804220408f884012a04089ef001320408cea301380f0a1e081210021a04089f9b042204089585012a040884f20132040884a401380f0a1e081310021a04088b9c04220408da83012a0408c2f201320408eea501380f0a1e081410021a0408c09a04220408e384012a04088bf101320408d0a401380f0a1e081510021a0408dc9b04220408b784012a04088cf20132040898a501380f0a1e081610021a0408ebb404220408e584012a0408b0f301320408d6bc01380f0a1e081710021a0408e685052204089bf8012a0408ffeb01320408cba101380f0a1e081810021a0408898c052204088683012a0408abb802320408d7d001380f0a1e081910021a0408fd9404220408b18a012a040897eb01320408b49f01380f0a1e081a10021a0408b98e042204089483012a0408f1eb01320408b29f01380f0a1e081b10021a0408a28d04220408d081012a0408e9ed01320408e99d01380f0a1c081c10021a04088e8f04220408a080012a040897ef01320408d69f010a1c081d10021a0408d08f04220408a081012a0408eced01320408c2a0010a1e081e10021a0408c49604220408d281012a0408acf101320408c4a301380f0a1e081f10021a0408a59a042204089186012a0408dff001320408b4a301380f0a1e082010021a0408f998042204089983012a0408cff20132040890a301380f0a1e082110021a0408d39a04220408fd81012a0408ddf301320408f8a401380f0a1e082210021a0408d99904220408fd82012a0408c3f20132040898a401380f0a1e082310021a0408a29d04220408aa81012a0408a7f601320408d0a501380f0a1e082410021a0408ffa104220408e48a012a0408b0f201320408eba401380f12f2010801154b67f73f1da5d6c03f20042a17080810011dd8cda842258afb7642280130023db48488432a17080b1dad963c43258c32c742280230053d4119064458172a17080610011d64ae934325c8886743280330073d2cc4fe432a19080410011d4f06e84325d04195432804300a3d2bb9bd4358282a1d08071d402a484325007ad041281a301d3d0907554240024802500b58062a1d08041d701b4d4325d0d51543281b301e3d19514a4340024801500f58132a1f080710011dd02c1e43250005fd42282030223d8338df4340024802501b58162a1d08041d18359c4325a0141143282030243db3ae054440024801501e58351aae01080115e870dc3e1d328e4f3f20032a19080210011d729a874225315b5641280130023d0d19904058072a17080810011d3f67c9422510c99542280230033dd9f695422a17080810011df21f1d4325300b2f42280530073daafe8e412a17080610011deee75c43256f2910432807300a3d564e7d422a19080410011de05c644225a35e2842280a300a3d92ebcb42583e2a1d08071d209bed4225ba34ee42282230243d726e134240024802501f581a20c60228003000',1764103245,0,1535109519,0,3,NULL,NULL);
INSERT INTO DriverSessions VALUES(159,11,5,0,21,'akosin',1,NULL,'Sauber',2,0,2610141,0,'3:9,2:12,2:15',67492,2,26,15,0,0,0,0,0,0,0,1,77,14,'Utente',36,3,2,X'010a1e080110031a0408efe904220408b5a8012a0408ab8a023204088eb701380f0a1e080210031a04088fcd042204089f8b012a0408a58b02320408cab601380f0a1e080310031a0408f1cf04220408d88a012a04089f8d02320408fab701380f0a1e080410031a040892d104220408ba8a012a0408f18c02320408e6b901380f0a1e080510031a0408c1d304220408968d012a0408ae8c02320408fcb901380f0a1e080610031a04089ec704220408e789012a04089e880232040899b501380f0a1e080710031a04089dd2042204088a8c012a0408c98c02320408c9b901380f0a1e080810031a040898cd04220408868c012a0408f9850232040898bb01380f0a1e080910031a0408c1ce04220408b18b012a0408b38c02320408dbb601380f0a1e080a10021a0408a8f004220408ce8c012a0408f98a02320408e0d801380f0a1e080b10021a0408c4bf05220408be95022a0408fffd0132040886ac01380f0a1e080c10021a0408c5a804220408b086012a04088cfa0132040888a801380f0a1e080d10021a0408edac042204088d86012a040892fa01320408ceac01380f0a1e080e10021a04089a9c04220408ae83012a040886f301320408e5a501380f0a1e080f10021a0408c09c04220408e883012a0408b5f301320408a2a501380f0a1e081010021a0408859c042204088381012a0408e2f5013204089fa501380f0a1e081110021a0408bf98042204089f83012a0408c0f101320408e0a301380f0a1e081210021a0408ed98042204089681012a0408aaf101320408aba601380f0a1e081310021a0408a19e04220408c182012a0408f6f301320408eaa701380f0a1e081410021a0408909b042204088f81012a0408b6f301320408caa601380f0a1e081510021a0408cf9e04220408a781012a0408b8f301320408efa901380f0a1e081610021a04089cb804220408ed83012a0408faf501320408b5be01380f0a1e081710021a0408ee8805220408d4fb012a040897ed0132040881a001380f0a1e081810021a0408c49205220408a199012a0408d8a402320408cad401380f0a1e081910021a0408cc9504220408ea86012a04088cee01320408d4a001380f0a1e081a10021a0408a48f04220408db83012a0408f4eb01320408d49f01380f0a1e081b10021a0408ca9204220408da83012a0408f1ec01320408fea101380f0a1e081c10021a04088f95042204089084012a040892ee01320408eba201380f0a1e081d10021a0408d19604220408d384012a0408ecee0132040891a301380f0a1e081e10021a0408d99304220408c183012a040888ee0132040890a201380f0a1e081f10021a0408ef9604220408cf83012a0408fef001320408a1a201380f0a1e082010021a04089e99042204088685012a0408f4ee01320408a3a501380f0a1e082110021a0408c997042204088884012a0408cbf101320408f5a101380f0a1e082210021a0408d79904220408f884012a0408bef101320408a0a301380f0a1e082310021a0408c89a042204089585012a04088df301320408a5a201380f0a1e082410021a0408959d04220408ab87012a0408fbf201320408eda201380f1297010801150da48a3f1dbb954f3f20032a17080a1da6afba4225f7a02342280330043d99e1ab4258172a19080410011d02478f4325f2a7fd42280130053ddc7c1c4458102a1508031deee75c432537360f432807300a3d92cd8b432a1d08041d6873cf432505a11e43280f30153d85dc964240024802501458212a1d080b1d00f45b4225d3304042281630163d8689e94240024802501d58351aa0020801154cfc693f1dd6d11c40200a2a15080c1d5cd0914225f5699242280130023d11deb3412a17080a1d3f8e1943250cdb1943280130033dc6c8ef41580c2a19080b10011d50c8774325ae453c43280230053d4a2ba14158142a1708041d58ba3d4225d3b93d42280530053d089a8942581d2a1508031d64ae934325a0ac7043280330073d660116422a17080810011d60582e4325f08f21422808300a3d280418422a1f080810011df06f634225c6c6e441280b300b3db8ff624240024802500158012a1d08041d94d02443252074fc42280b300d3d09d38b4340024802500358042a1d080d1d606028422593932942280f30103d3169c54140024801500d580d2a1d080b1d604bc7422500c05a42281430163d1a034e4240024802501b582f20c60228003000',1764103245,0,1535109519,0,6,NULL,NULL);
INSERT INTO DriverSessions VALUES(160,11,6,0,NULL,'',6,NULL,'Haas',2,0,2612284,0,'3:10,1:10,2:16',67214,2,23,15,6,0,0,0,0,0,0,1,77,127,'Utente',36,6,2,X'010a1e080110031a0408f5b205220408ffae012a0408fbcb02320408fab701380f0a1e080210031a04088fc704220408838c012a0408d58502320408b6b501380f0a1e080310031a0408f2cb04220408ed8b012a0408918702320408f3b801380f0a1e080410031a0408f6cb04220408998c012a04089e8702320408beb801380f0a1e080510031a0408f7ca04220408aa8c012a04088b8802320408c1b601380f0a1e080610031a0408f2ca04220408ce8b012a0408828702320408a1b801380f0a1e080710031a04088bca04220408cc8c012a0408a187023204089db601380f0a1e080810031a0408c6c704220408f68a012a0408eb8502320408e4b601380f0a1e080910031a040880c904220408bf8b012a0408818702320408bfb601380f0a1e080a10031a0408dbc9042204088d8d012a0408a58502320408a8b701380f0a1e080b10011a0408dbe304220408ac8a012a0408dd8302320408d0d501380f0a1e080c10011a0408a79c05220408a1fd012a0408c1f901320408c3a501380f0a1e080d10011a0408f69b042204089085012a040895f401320408d0a201380f0a1e080e10011a0408c69e04220408eb85012a040880f301320408daa501380f0a1e080f10011a0408b39a04220408ba80012a0408bbf501320408bda401380f0a1d081010011a0408c99304220308c67f2a0408c9f101320408baa201380f0a1e081110011a0408c19904220408fc84012a0408fdf201320408c7a101380f0a1e081210011a0408bc99042204088181012a040889f301320408b1a501380f0a1e081310011a0408c59c04220408cd84012a0408a1f201320408d6a501380f0a1e081410011a0408d29a04220408d882012a0408acf301320408cda401380f0a1e081510021a0408d9bb042204088f83012a0408a4f401320408a5c401380f0a1e081610021a04088b8805220408eafc012a0408b1ed01320408ef9d01380f0a1e081710021a04088e8d04220408ed80012a0408a6ed01320408fa9e01380f0a1e081810021a0408ec8d05220408df83012a04089fb602320408ecd301380f0a1e081910021a0408bf91042204089485012a0408e9ec01320408c19f01380f0a1e081a10021a04088390042204089783012a0408c8ed01320408a49f01380f0a1e081b10021a0408bb9704220408f784012a0408e7f101320408dca001380f0a1e081c10021a04088895042204089782012a040889f201320408e7a001380f0a1e081d10021a0408de9404220408ba83012a0408aeef01320408f5a101380f0a1e081e10021a0408e29704220408fb83012a0408def00132040888a301380f0a1e081f10021a04088d9404220408a984012a0408e3ee0132040880a101380f0a1e082010021a0408cb9604220408c483012a040890f001320408f5a201380f0a1e082110021a0408f89b04220408df85012a0408daf201320408bea301380f0a1e082210021a0408d499042204088485012a04089ef201320408b1a201380f0a1e082310021a0408d59804220408b386012a0408f5f001320408ada101380f0a1e082410021a0408d39804220408f384012a04088cf101320408d3a201380f12c201080115976611401d90affb3f20072a1710011d40e9fa4125c80a7d41280130023d255f964358072a19080210011d8062d84225d092ac41280530063d36522843581e2a1f080810011db0dd0642250640bd41280c300c3d5427f04240014802500158032a1f080610011d6060284225661db141280f30103d21c79a4340014802500d580d2a1d08041d48c0cf4325b8f9c643280f30153d69af5d4440014802501658212a1d08081d80a9f84125c07a8b41281730183da255924240024802500558211a9f010801151b0bfd3e1dcc5e0a3f20022a1710011d37608c422539833142280230033d0f3ba342580a2a19080210011d1077a64225ae448942280630073d8dfff64258262a19080b10011d4e9c2f4325ed780b43280530073df440854258282a1f080810011da064414225e61db941280c300d3d8290b04140014802500258042a1f080610011d64aec44325b26dc243281030153dbd727b42400148025017581320cc0228003000',1764103245,0,1535109519,0,13,NULL,NULL);
INSERT INTO DriverSessions VALUES(161,11,7,0,8,'owise11',8,NULL,'Mercedes',2,0,2619168,0,'3:10,2:13,2:13',67051,2,27,15,3,0,0,0,0,0,0,1,41,230,'owise11',36,1,2,X'010a1e080110031a0408afdf0422040886a5012a04088d85023204089bb501380f0a1e080210031a0408aac504220408ff8a012a0408dd8402320408cdb501380f0a1e080310031a040891c904220408d88d012a0408818602320408b7b501380f0a1e080410031a0408bcc304220408dc8b012a0408848402320408dbb301380f0a1e080510031a0408f4c1042204089e8b012a0408e88202320408edb301380f0a1e080610031a04088fc704220408f58b012a0408e08402320408b8b601380f0a1e080710031a0408d1c404220408e98b012a0408b68502320408b2b301380f0a1e080810031a040894c6042204089a8a012a0408d58402320408a4b701380f0a1e080910031a0408d2c304220408af8b012a0408d58302320408cdb401380f0a1e080a10031a0408fbc504220408fe8a012a0408f6840232040886b601380f0a1e080b10021a0408e8d9042204088e8b012a04089d8202320408bdcc01380f0a1e080c10021a040890af052204088786022a0408978002320408f0a801380f0a1e080d10021a04089b9f042204089585012a0408e3f501320408a2a401380f0a1e080e10021a0408f99e04220408ba83012a040888f501320408b5a601380f0a1e080f10021a0408d29d04220408e284012a04089df501320408d2a301380f0a1e081010021a0408b09204220408b981012a0408e0f101320408979f01380f0a1e081110021a04089c95042204089b82012a0408adf001320408d2a201380f0a1e081210021a0408f49604220408ce83012a0408dff001320408c6a201380f0a1e081310021a04089e9904220408e483012a0408e2f201320408d8a201380f0a1e081410021a0408869b042204089482012a0408a4f401320408cca401380f0a1e081510021a0408ae9504220408a981012a0408daed01320408aaa601380f0a1e081610021a0408919604220408d884012a0408d0ef01320408e9a101380f0a1e081710021a0408f794042204089584012a0408c0ef01320408a1a101380f0a1e081810021a0408b3e904220408bd86012a04088bf601320408eaec01380f0a1e081910021a04089ac505220408f38d022a0408ce8002320408d8b601380f0a1e081a10021a0408f0e204220408c4da012a0408d5e901320408d69e01380f0a1d081b10021a0408eb8b04220308ef7f2a04089dee01320408de9d01380f0a1e081c10021a0408d08d04220408c282012a0408daeb01320408b39f01380f0a1e081d10021a0408d78e04220408bf82012a040888ed013204088e9f01380f0a1e081e10021a0408be9904220408d582012a0408aff401320408baa201380f0a1e081f10021a0408d19504220408d181012a0408c4f101320408bba201380f0a1e082010021a0408f4a204220408ad80012a040888fe01320408bea401380f0a1e082110021a0408c29b04220408f180012a04088ff501320408c1a501380f0a1e082210021a0408a9a004220408dd81012a0408faf901320408d0a401380f0a1e082310021a0408ab9c04220408d181012a0408a4f601320408b6a401380f0a1e082410021a04089d8c05220408e183012a0408a0ce023204089aba01380f129201080115e27300401ded04973f20042a1f080c10011d7cbfb34325fcac8c43280f30153d12b82b4440024802501258152a1f080410011d402dd242251aa3aa42281a301b3d071f934340024801500558082a1f080410011dd0f74843257a33ef42281e30213d8cbd6f4440024801501158242a1f080310011d209bed4225ba15d942282230243d5a921b4440024802501a581f1aa9010801151e25f43f1d7ff62c40200a2a19080410011dca4e2c4325be06c342280130033da5002c43580c2a1f080c10011d28343b43251d1c2043281530183d2224be4340024802501b581d2a1f080310011d2077484325c0cdcb41281a301d3d65b48841400248025006580b2a1d08041d30bf534325fd0b5443281b301e3dafc42c4440024801500a58142a1d08031dd02c1e4325a0b60243282030223db2ed8f41400248025016581b20c102280f30d7fa03',1764103245,0,1535109519,0,7,NULL,NULL);
INSERT INTO DriverSessions VALUES(162,11,8,0,NULL,'',7,NULL,'McLaren',2,0,2644683,0,'3:9,2:14,1:13',68256,1,29,15,12,0,0,0,0,0,0,1,2,0,'Utente',36,7,2,X'010a1e080110031a0408918305220408e6b1012a0408c19702320408e9b901380f0a1e080210031a040887cf04220408c48b012a0408828d02320408c1b601380f0a1e080310031a0408b0cf04220408d68b012a0408c48b0232040896b801380f0a1e080410031a0408ebc904220408ee8b012a0408e5880232040897b501380f0a1e080510031a0408baca04220408ac8c012a0408b58702320408d8b601380f0a1e080610031a0408b0ce04220408ed8b012a0408da8a02320408e9b701380f0a1e080710031a0408e7cb04220408ba8e012a0408ea8702320408c2b501380f0a1e080810031a04088ccc04220408b08a012a0408878a02320408d4b701380f0a1e080910031a0408adcb04220408a88e012a0408c48602320408c0b601380f0a1e080a10021a0408f6f404220408b58f012a0408ef8a02320408d0da01380f0a1e080b10021a04089ec705220408fd8d022a0408e68802320408bab001380f0a1c080c10021a0408c6b404220408c687012a0408f480023204088cac010a1c080d10021a04088da9042204089586012a0408abfb01320408cca7010a1c080e10021a0408f6bc04220408d097012a0408aafc01320408faa8010a1e080f10021a0408f6a004220408c487012a0408c6f501320408eaa301380f0a1e081010021a0408829a04220408cb85012a0408cff201320408e8a101380f0a1e081110021a0408a19c04220408e284012a0408f3f401320408cca201380f0a1e081210021a0408a19904220408c582012a04088af101320408d1a501380f0a1e081310021a0408d8ab04220408a888012a0408d8f801320408d7aa01380f0a1e081410021a0408fea204220408c687012a0408cdf601320408eaa401380f0a1e081510021a0408dea704220408c285012a0408a1f901320408faa801380f0a1e081610021a0408f7a304220408a184012a0408bcfc0132040899a301380f0a1e081710021a0408a0a1042204089384012a0408e4f601320408a9a601380f0a1e081810011a0408bf9c05220408ee89012a0408c6be023204088ad401380f0a1e081910011a0408ba9c052204088a8f022a0408c3ee01320408ed9e01380f0a1e081a10011a0408a89804220408fb85012a04088df301320408a09f01380f0a1e081b10011a0408c29604220408f582012a040893f201320408b8a101380f0a1e081c10011a0408849904220408d586012a04089bf10132040893a101380f0a1e081d10011a0408a09504220408da83012a0408b7f0013204088ea101380f0a1e081e10011a0408c99b04220408c686012a04089cf301320408e5a101380f0a1e081f10011a0408dc9d042204088088012a04089cf301320408bfa201380f0a1e082010011a040890a004220408c286012a040884f501320408c9a401380f0a1e082110011a0408859d04220408b385012a0408a0f201320408b1a501380f0a1e082210011a0408d79b042204088885012a0408a4f301320408aaa301380f0a1e082310011a040893a304220408cb86012a0408acf6013204089ba601380f0a1e082410011a040890a204220408c987012a0408d7f401320408eea501380f12cf010801152ba8663f1d95ec063f20022a1508031d3f67c942255efb9342280230033d6f54fd422a1508031df21f1d4325b85e2f42280530073deea2b1422a1508061d406668432570d528422807300a3d9340cc422a1d08061df06f63422586f8df41280b300b3d6abb944240024802500158012a1d08041de0055c4225a69cce41280b300c3d03768e4240024802500258022a1d080d1d203140422566b6b641280c300d3dc67a854240024801500458022a1d080b1d001b91422533947542280d300e3d46f84d43400248025007580b1a9f010801156ae6ec3e1dcc5e8a3f20042a1508031daa67a942254301aa42280130023ddf7adb422a1908041d50680a4225a01ffa41280b300b3de8012441400248022a1d080d1db0dd064225e3100842280c300c3d89e1a44240024801500358012a1d080b1dc06a58422520723642280c300d3d78d5944240024802500558072a1f080d10011d80a9f84125c04b9c41281730183d1e228742400248025021580520c10228003000',1764103245,0,1535109519,0,8,NULL,NULL);
INSERT INTO DriverSessions VALUES(163,11,9,0,NULL,'',5,NULL,'Ferrari',2,0,2647429,0,'3:9,2:13,1:14',67265,1,25,15,9,0,0,0,0,0,0,1,25,83,'Marcellio',36,11,2,X'010a1e080110031a04088aad052204088eb8012a0408f3ae0232040888c601380f0a1e080210031a040885db04220408f692012a0408fc8a0232040892bd01380f0a1e080310031a0408eacf04220408c88d012a0408d08702320408d0ba01380f0a1e080410031a040881d304220408bb8d012a0408fa8a02320408ccba01380f0a1e080510031a040893d404220408ce8e012a0408dd8a02320408e7ba01380f0a1e080610031a0408e8d204220408868e012a0408cd890232040894bb01380f0a1e080710031a0408c2d004220408d78a012a0408ef8802320408fbbc01380f0a1e080810031a0408a0cd04220408b38b012a0408bb8702320408b0ba01380f0a1e080910031a0408f7cf042204088c8c012a0408d6880232040893bb01380f0a1e080a10021a040895f904220408ee8c012a0408f28c02320408b4df01380f0a1e080b10021a0408f4e1052204089ab2022a04088e8102320408cbae01380f0a1e080c10021a0408afaa04220408ba86012a0408acf901320408c8aa01380f0a1e080d10021a0408d8a6042204088386012a040885f801320408cfa801380f0a1e080e10021a0408fca204220408b686012a0408a4f601320408a0a601380f0a1e080f10021a0408f09d04220408ec85012a0408e0f201320408a2a501380f0a1e081010021a0408fc9f04220408b487012a0408fef501320408c9a201380f0a1e081110021a0408b69c04220408fc86012a0408bcf101320408fda301380f0a1e081210021a0408f0a304220408f089012a040881f501320408fda401380f0a1e081310021a0408aca204220408ad88012a0408f5f1013204088aa801380f0a1e081410021a0408aca8042204089689012a0408f8f9013204089da501380f0a1e081510021a0408f6a104220408bc88012a0408a6f40132040893a501380f0a1e081610021a0408d79f04220408a787012a0408a8f40132040887a401380f0a1e081710011a0408edbb04220408cf86012a0408c3f401320408dac001380f0a1e081810011a0408abe305220408ef9e022a0408ffa202320408bca101380f0a1e081910011a0408c18d04220408bb81012a040895ed01320408f09e01380f0a1e081a10011a0408b39404220408d384012a040889ee01320408d6a101380f0a1e081b10011a0408ff9104220408fa83012a04088ced01320408f8a001380f0a1e081c10011a04088a9504220408ba85012a0408a9ee01320408a6a101380f0a1e081d10011a040892a2042204089187012a0408b3f101320408cda901380f0a1e081e10011a0408b89c04220408f486012a0408bcf10132040888a401380f0a1e081f10011a0408f2a0042204088486012a0408e2f5013204088ba501380f0a1e082010011a0408d99b04220408b085012a04088af2013204089ea401380f0a1e082110011a0408dba104220408cb87012a0408c7f401320408c7a501380f0a1e082210011a0408f99e04220408de84012a0408b8f401320408e2a501380f0a1e082310011a040898a6042204088389012a0408bef601320408d6a601380f0a1e082410011a0408a7a104220408fd87012a0408bef601320408eba201380f12590801157283ba3e1d1500eb3c2a17080e1de418824225d68e2042280130023d178af14350062a17080d1d37608c4225d54f3042280230033d00cacd42500a2a1908021db814d24225c0f45a422809300a3dfeaa1143503a583b1a42080115a796083d1dcc5e8a3e20012a17080d1d40e9fa4125b0abcf41280130023dd676d33f50072a19080e10011d40f96e4225aa7c9d41280230033dc0e61641500b20be0228003000',1764103245,0,1535109519,0,0,NULL,NULL);
INSERT INTO DriverSessions VALUES(164,11,10,0,17,'BazokaJo',6,NULL,'Haas',2,0,2647603,0,'3:3,2:5,2:14,1:14',67560,1,26,15,0,0,0,0,0,0,0,1,86,83,'BazokaJo',36,9,3,X'010a1e080110031a0408849705220408d2b4012a040898a30232040899bf01380f0a1e080210031a040893d204220408f28c012a0408a38a02320408fcba01380f0a1e080310031a040884ce04220408b78a012a0408908802320408bcbb01380f0a1e080410021a0408b2e904220408af8b012a04089b8902320408e6d401380f0a1e080510021a0408cefe0522040890b6022a0408db8d02320408e2ba01380f0a1e080610021a04088dd804220408978d012a0408bb8e02320408babc01380f0a1e080710021a04088cdc04220408ed90012a0408e09002320408beba01380f0a1e080810021a0408d0d904220408c88c012a0408b58c02320408d2c001380f0a1e080910021a0408a08e05220408d28b012a0408cf8f02320408fef201380f0a1e080a10021a0408fbe205220408fbb3022a04089d8202320408e3ac01380f0a1e080b10021a0408cbaf04220408bb86012a04088eff0132040881aa01380f0a1e080c10021a040886a604220408af86012a0408edf801320408e9a601380f0a1e080d10021a0408d6a404220408a588012a0408aef70132040882a501380f0a1e080e10021a0408a8a304220408bf86012a0408cef6013204089aa601380f0a1e080f10021a0408d79904220408e182012a040897f301320408dea301380f0a1e081010021a04088a9b04220408ed84012a04088ff2013204088da401380f0a1e081110021a0408ce9b04220408f083012a0408e2f201320408fba401380f0a1e081210021a04089c9b04220408a984012a0408f0f30132040882a301380f0a1e081310021a0408a49d04220408fa83012a040896f20132040893a701380f0a1e081410021a0408e09b04220408d283012a0408daf401320408b3a301380f0a1e081510021a0408fe9d04220408ba84012a0408b7f4013204088ca501380f0a1e081610021a0408a49e042204089684012a0408bbf401320408d2a501380f0a1e081710011a0408afd104220408fd83012a0408e7f301320408cad901380f0a1e081810011a04088ebf05220408c492022a0408b58e02320408949e01380f0a1e081910011a0408ac9004220408e482012a04088fec01320408b8a101380f0a1e081a10011a0408e88f042204089582012a0408edec01320408e5a001380f0a1e081b10011a0408a59404220408fd83012a0408e1ed01320408c6a201380f0a1e081c10011a0408db9404220408c182012a0408bfee01320408d9a301380f0a1e081d10011a0408db9604220408d882012a0408b3f001320408cea301380f0a1e081e10011a0408b19604220408c881012a040889f001320408dfa401380f0a1e081f10011a0408a09a04220408a584012a0408fbf001320408fea401380f0a1e082010011a0408859c042204089483012a0408c5ef01320408aaa901380f0a1e082110011a04089e9b04220408e183012a0408caf101320408f2a501380f0a1e082210011a0408ec9d042204088c83012a0408ddf40132040882a601380f0a1e082310011a04088a9e04220408bb83012a040896f301320408b7a701380f0a1e082410011a0408ae9b04220408ba83012a040890f301320408e3a401380f126508011506ad9f3f1dc4264a3f20022a1908021dd0c48643251c887743280130043db0a3e043500c580f2a1d080510011db042a242258bc26b42280630073d2a6a7f434002500558242a1b08051d189e4743259d383b43280730093dd32501444002500d58321a3e08011593943c3c1d328e4f3f20032a1608051d5c31be422528cb9f422805300640025002581b2a1608051d50cefe41255b9a00422807300740025007582920c00228003000',1764103245,0,1535109519,0,1,NULL,NULL);
INSERT INTO DriverSessions VALUES(165,11,11,0,NULL,'',9,NULL,'Red Bull',2,0,2648730,0,'3:9,2:5,0:9,1:11',68915,1,26,15,6,0,0,0,0,0,0,1,79,178,'Utente',34,13,3,X'010a1e080110031a0408f9ac05220408a6c0012a0408fda102320408d4ca01380f0a1e080210031a0408e3e804220408db95012a0408b89102320408cfc101380f0a1e080310031a0408b7dd042204089690012a0408ee8c02320408b2c001380f0a1e080410031a0408c9db04220408da8e012a04089d8d02320408d0bf01380f0a1e080510031a040898dc04220408828f012a0408858d0232040890c001380f0a1e080610031a0408eae004220408ac90012a0408ea8c02320408d3c301380f0a1e080710031a0408bee504220408b392012a0408cd9002320408bdc201380f0a1e080810031a04088ee3042204089892012a0408e68e023204088fc201380f0a1e080910031a04089ae304220408a597012a04089e8c02320408d6bf01380f0a1e080a10021a0408a0f304220408f78f012a0408ac8f02320408fcd301380f0a1e080b10021a0408b6e805220408e5b6022a0408b382023204089caf01380f0a1e080c10021a0408efc004220408bd89012a04089f800232040892b701380f0a1e080d10021a040886fa04220408fbd0012a0408fbf9013204088eaf01380f0a1e080e10021a0408eeb604220408ef8a012a0408f5fa013204088ab101380f0a1c080f1a040883c704220408f189012a0408e6f301320408abc901380f0a1c08101a0408b28d06220408ade8022a0408f1f50132040893af01380f0a1c08111a0408d3ab04220408b788012a040880f8013204089cab01380f0a1c08121a0408a5b204220408e396012a0408f7f201320408caa801380f0a1c08131a040892bb04220408dc83012a0408d7fd01320408deb901380f0a1c08141a0408d7b804220408828c012a0408d5ff01320408ffac01380f0a1c08151a0408eea604220408af85012a040890f801320408afa901380f0a1c08161a04089bbb042204089b8b012a0408f6fe0132040889b101380f0a1c08171a0408b7bb0522040893ac012a0408cbad02320408d7e101380f0a1e081810011a0408d3c005220408b2ee012a0408d08102320408d0d001380f0a1e081910011a0408a7e805220408c8a4022a04089ef201320408c1d101380f0a1e081a10011a0408b39a04220408eb85012a0408d9ef01320408eea401380f0a1e081b10011a0408f1a404220408ed89012a0408c2f201320408c1a801380f0a1e081c10011a0408dda704220408e587012a0408c0f301320408b7ac01380f0a1e081d10011a0408fdae04220408a18e012a0408d3f60132040888aa01380f0a1e081e10011a040895b004220408bc89012a0408fef601320408daaf01380f0a1e081f10011a0408b8b704220408ce8d012a0408d5f70132040894b201380f0a1e082010011a0408e2ba04220408d197012a040885f8013204088bab01380f0a1e082110011a0408b3c604220408a78d012a0408ac8602320408e0b201380f0a1e082210011a0408edb504220408f48a012a0408ecfd013204088dad01380f125b0801150eee4c3e1dadfbbb3b2a1708051d3293f54125584d6d41280130013d0bdeb34158072a151dc8c56d422596e39f41280230033d99f20942580b2a1d08051d20764142256687c141280b300b3d3212114240024802500158051a270801154409a83d1d328e4f3f20032a1710011d944c834225d0307e42280130023d2db52842580620bb0228003000',1764103245,0,1535109519,0,14,NULL,NULL);
INSERT INTO DriverSessions VALUES(166,11,12,0,9,'p1Xx',2,NULL,'Racing Bulls',2,2,1711835,0,'3:9,2:13,2:1',68201,2,16,15,0,0,0,0,0,0,0,1,41,58,'p1Xx Retardmaxxing',23,4,2,X'010a1e080110031a04089bf404220408e9ac012a0408ec8f02320408c5b701380f0a1e080210031a0408bdcc04220408b18a012a04088c8802320408ffb901380f0a1e080310031a0408c5cc042204089b8c012a0408e58602320408c4b901380f0a1e080410031a0408bdce04220408b48a012a0408a28a02320408e6b901380f0a1e080510031a0408958505220408b08d012a0408abc002320408b8b701380f0a1e080610031a0408f6cc04220408e58a012a0408f08902320408a0b801380f0a1e080710031a04088fd304220408e88a012a04089f8e0232040886ba01380f0a1e080810031a0408f2d104220408aa8e012a0408b6880232040891bb01380f0a1e080910031a0408bdd004220408e08b012a0408c288023204089abc01380f0a1e080a10021a0408a6e504220408c58c012a0408b98302320408a7d501380f0a1e080b10021a0408d7aa052204089884022a040884fc01320408b9aa01380f0a1e080c10021a0408bda804220408c188012a04089bf901320408dfa601380f0a1e080d10021a0408dda104220408d782012a04088ff901320408f6a501380f0a1e080e10021a040887a504220408fd87012a0408aff501320408daa701380f0a1e080f10021a0408e79904220408fe86012a0408b3f001320408b5a201380f0a1e081010021a0408e994042204089d83012a0408d3f001320408f9a001380f0a1e081110021a0408f09504220408aa84012a0408b4f00132040891a101380f0a1e081210021a0408ac97042204088e84012a0408eef101320408afa101380f0a1e081310021a0408cc9604220408d483012a0408d7f101320408a1a101380f0a1e081410021a0408de97042204089f84012a0408aef20132040890a101380f0a1e081510021a0408e79904220408ad82012a040882f301320408b7a401380f0a1e081610021a0408e89504220408ac80012a0408b1f2013204088aa301380f0a1e081710021a0408a9b904220408cc83012a0408fcf301320408e0c101380f12f401080115afb9bc3f1dc374f43e20032a19080a1df8f33743257bdd0143280130033d8f603c43500d580e2a1708061d50c8774325feeb3b43280230053da7908b4350142a1908041dda93f54225a2c4cb42280330053d70cb8642501958182a1b080210011dc85dc74225c0ea9742280630073d607dc143502a58252a17080d1d4e9c2f4325cb780b43280530073d624e454350282a1f080810011dc06a584225d0460e42280c300d3d15d50d4340024802500758052a1f080610011d604bc74225608e5f42281430163deee22c4340024802502f581b2a1d08041d7003d54225c08c9641281630173d2dec4b4240024802503758321a6b080115e86bcc3e1dcc5e8a3e20012a19080310011dad963c43258b180243280330053d659c1f4250172a1f080810011db0b4914225b3fb7742280d300e3dc0a81f4340024802500b58072a1f080610011d00f45b422573fd3e42281630173d14a08042400248025035581d20c00228003000',1764103245,0,1535109519,0,11,NULL,NULL);
INSERT INTO DriverSessions VALUES(167,11,13,0,10,'AlexG_IV2',3,NULL,'Alpine',2,2,1513930,0,'3:9,2:10,2:1',68965,2,16,15,0,0,0,0,0,0,0,1,42,77,'AlexG_IV2',20,10,1,X'010a1e080110031a0408e79105220408b4b4012a0408e4a002320408cebc01380f0a1e080210031a0408c6d204220408b08a012a0408dd8d02320408b8ba01380f0a1e080310031a0408f4cd04220408e98a012a0408c78902320408c4b901380f0a1e080410031a0408c7cc042204089f8c012a0408a3870232040885b901380f0a1e080510031a040891d604220408a092012a0408f88b02320408f8b701380f0a1e080610031a0408b2d704220408aa8a012a0408ea92023204089dba01380f0a1e080710031a0408e3dd04220408f88a012a0408dd99023204088eb901380f0a1e080810031a0408d1d504220408a88f012a0408bc8b02320408ecba01380f0a1e080910031a0408ccd404220408e18c012a0408fb8d02320408f0b901380f0a1e080a10021a0408c1fd04220408d78e012a0408da92023204088fdc01380f0a1e080b10021a0408c0c105220408b586022a0408a78b02320408e3af01380f0a1e080c10021a04089da904220408ac85012a040886fb01320408e9a801380f0a1e080d10021a0408b1ae04220408d487012a0408918202320408cba401380f0a1e080e10021a0408bba104220408cb85012a0408e1f8013204088ea301380f0a1e080f10021a0408939e04220408d086012a0408e8f301320408dba301380f0a1e081010021a0408e59a04220408f485012a0408bef201320408b1a201380f0a1e081110021a0408e39f04220408cc86012a0408c5f301320408d1a501380f0a1e081210021a0408bd9f04220408a887012a0408f6f3013204089ea401380f0a1e081310021a0408c2f204220408b285012a0408b1f301320408dff901380f0a1e081410021a0408e0d304220408f991012a0408bdff01320408a9c201380f124d2a1708031d209c8d4225b5be4c41280130023d82233b4250072a17080d1d1077a6422506008842280630073daebc184350262a19080b1da039be4225cdd94241280730083dbe3c4642502c58321a8b0120022a1b080510011d67f92d422540f3d341280130023d23a92241500658062a1b080110011d45eb864325de3a7743280130053d26199243500f580c2a17080d1d8062d842253071f341280530063d4f059b42501e2a19080b1dc85dc74225e85eab42280630073d078be0415025582a2a1910011db814d24225a0285c422809300a3db427ed42503b583a20bb0228003000',1764103245,0,1535109519,0,2,NULL,NULL);
INSERT INTO DriverSessions VALUES(168,11,14,0,NULL,'',4,NULL,'Aston Martin',2,2,1034936,0,'3:1,3:7,2:4,2:1',71703,2,11,15,3,0,0,0,0,0,0,1,2,0,'thomas_k04',12,12,3,X'010a1e080110031a0408d8b805220408e3b7012a0408a19f02320408d3e101380f0a1e080210031a040899f8052204089bb4022a0408eb860232040891bd01380f0a1e080310031a0408acd304220408d08d012a0408bd88023204089ebd01380f0a1e080410031a0408b7d0042204088f8a012a0408fa8402320408aec101380f0a1e080510031a0408c9cd04220408958c012a0408c28702320408f1b901380f0a1e080610031a0408d3d404220408d58a012a0408ae8702320408cfc201380f0a1e080710031a0408d2d904220408b992012a0408c18b02320408d7bb01380f0a1e080810031a040888db04220408958e012a0408948c02320408dec001380f0a1e080910021a0408dfea04220408f38b012a0408de8b023204088dd301380f0a1e080a10021a0408d2bc05220408a889022a0408cc8302320408ddaf01380f0a1e080b10021a040897b004220408ea88012a04089ffb013204088dac01380f0a1e080c10021a0408f0ce04220408f486012a0408affb01320408cccc01380f0a16080d10021a00220408cb8e012a0408cbfa013200380f123c20052a1908021d35922b42256489c741280130013db1178842500658062a1d080110011d5c31be4225d8bd8b42280530063d7bf5e5434802501b58021a7a20022a19080e10011d3293f5412538f76741280130013daa07ec4050072a1b08011db042a242259ef88c42280630073d516e08434802502458052a1d080110011d189e47432579d23b43280730093dd46cbe4348025032580d2a1f080e10011d2076414225a6cbc141280b300b3d2a956742400248025005580120bb0228003000',1764103245,0,1535109519,0,5,NULL,NULL);
INSERT INTO DriverSessions VALUES(169,11,15,0,28,'edwinlfc',5,NULL,'Ferrari',2,2,0,0,'3:1',0,NULL,0,0,0,0,0,0,0,0,0,1,36,127,'edwinlfc',0,14,0,X'0112001a00206c28003000',1764103245,0,1535109519,0,9,NULL,NULL);
INSERT INTO DriverSessions VALUES(170,9,1,1,12,'DcViiral',9,NULL,'Red Bull',0,0,2587220,0,'3:9,2:13,2:14',66161,2,26,15,0,0,0,0,0,0,0,1,69,83,'DcViiral',36,5,2,X'010a1e080110031a040886eb04220408a3ab012a0408ce880232040894b701380f0a1e080210031a04089bc604220408fd89012a0408bc8602320408e2b501380f0a1e080310031a0408fbc804220408998c012a0408ad8702320408b4b501380f0a1e080410031a0408eac604220408e08b012a04088d8502320408fcb501380f0a1e080510031a0408d2c504220408bd8c012a0408ce8402320408c5b401380f0a1e080610031a0408fdc304220408fd8b012a0408968402320408e9b301380f0a1e080710031a0408f3c104220408f98a012a0408c88202320408b1b401380f0a1e080810031a0408b4c604220408848c012a0408db8602320408d4b301380f0a1e080910031a0408adca04220408b78c012a0408e786023204088eb701380f0a1e080a10021a0408fbdb04220408b28d012a0408a984023204089fca01380f0a1e080b10021a0408efab052204088884022a0408cffb0132040897ac01380f0a1e080c10021a0408ada7042204088688012a0408b5f901320408f1a501380f0a1e080d10021a0408b0a104220408f586012a0408a6f60132040894a401380f0a1e080e10021a0408c5a104220408dd84012a0408c4f701320408a3a501380f0a1c080f10021a0408b89b042204089e86012a040899f40132040881a1010a1c081010021a0408999504220408d385012a040883f001320408c19f010a1e081110021a04089a97042204089b84012a04089ef001320408e0a201380f0a1e081210021a0408d89704220408b783012a0408ecf001320408b5a301380f0a1e081310021a0408bd9904220408a484012a0408b1f101320408e7a301380f0a1e081410021a0408c69a04220408f483012a040881f101320408d0a501380f0a1e081510021a0408af9c04220408d183012a0408b6f601320408a7a201380f0a1e081610021a04088d9804220408b883012a0408e4f201320408f1a101380f0a1e081710021a0408c8b204220408dd82012a0408e7f20132040884bd01380f0a1e081810021a0408e5e305220408e7fd012a0408aa9602320408d3cf01380f0a1e081910021a0408a3a604220408cd9a012a04089bed01320408ba9e01380f0a1e081a10021a0408f184042204089b81012a040899e801320408bb9b01380f0a1e081b10021a0408b29404220408bc84012a0408e5ee0132040890a101380f0a1e081c10021a0408f89104220408d684012a0408dded01320408c49f01380f0a1e081d10021a0408d29304220408ce84012a040895ee01320408eea001380f0a1e081e10021a0408ce9204220408a584012a0408b2ed01320408f6a001380f0a1e081f10021a0408ea95042204088484012a040883f001320408e2a101380f0a1e082010021a04088c9704220408d985012a040895f1013204089da001380f0a1e082110021a0408979804220408e584012a0408aef10132040882a201380f0a1e082210021a0408a09304220408fe80012a0408b1ee01320408f0a301380f0a1e082310021a0408f29704220408f084012a0408a6f001320408dba201380f0a1e082410021a0408e29e042204088086012a0408fff301320408e2a401380f1261080115c5b6683f1d8feb903f20042a17080610011da1369142250dd36142280130023d1c74e8432a19080410011d78352d4325cdd00243280130033d75a99c43580c2a1d08071d28343b432555351f43281530173d6e008e4340024802501d581b1a7c0801157745e63f1dcc5e0a3f20022a17080610011de659044325b2c7b042280230043d28868e412a19080410011d70c7724225e6b4ae41280330043db042ae4158132a19080a10011d8ab9ef4325d0a9c343280130073d73b0a343581e2a1d08071d7cbfb343257cbfb343280f30153d80da7344400248025015581220be02281530c5c105',1764103245,0,1535109519,0,12,X'01',NULL);
INSERT INTO DriverSessions VALUES(171,9,2,2,16,'ossidrei93',1,NULL,'Sauber',0,0,2595314,0,'3:9,2:13,2:14',66888,2,26,15,3,0,0,0,0,0,0,1,32,14,'ossidrei93',36,8,2,X'010a1e080110031a0408afee0422040883af012a04088c89023204089fb601380f0a1e080210031a0408f2ca04220408ef89012a0408ae8902320408d4b701380f0a1e080310031a0408e8c404220408f88a012a0408dd850232040892b401380f0a1e080410031a0408d9c704220408f88a012a0408e48502320408fbb601380f0a1e080510031a0408b8c704220408ff8a012a0408888702320408b0b501380f0a1e080610031a0408d1c504220408f78b012a0408a58402320408b4b501380f0a1e080710031a0408c1c704220408d88a012a0408bb8502320408adb701380f0a1e080810031a0408c6cc04220408a68c012a0408e38502320408bcba01380f0a1e080910031a0408d9cb04220408b48c012a0408f08702320408b4b701380f0a1e080a10021a0408d9e204220408c98d012a0408d58702320408bbcd01380f0a1e080b10021a0408e0b005220408bf88022a040893fe013204088eaa01380f0a1e080c10021a0408dcaa04220408bd88012a0408dbf901320408c4a801380f0a1e080d10021a040898a704220408bc87012a04089ff701320408bca801380f0a1e080e10021a04089f9e04220408c686012a0408cff30132040889a401380f0a1e080f10021a0408f49b04220408b086012a0408acf30132040896a201380f0a1e081010021a0408b49604220408da85012a0408b5ef01320408a4a101380f0a1e081110021a0408bf9704220408d585012a0408d9f00132040890a101380f0a1e081210021a0408ef98042204088986012a0408eef001320408f7a101380f0a1e081310021a0408b29804220408a085012a0408fdf00132040894a201380f0a1e081410021a0408949904220408e985012a0408cdf001320408dda201380f0a1e081510021a0408a09b042204089e86012a0408b6f201320408caa201380f0a1e081610021a0408d09a042204088286012a04089df201320408b0a201380f0a1e081710021a0408f9b4042204088a86012a0408c0f201320408aebc01380f0a1e081810021a0408d8f305220408e4f8012a0408efa70232040884d301380f0a1e081910021a0408aa9f042204089a97012a0408e4e901320408ab9e01380f0a1e081a10021a0408c88a042204088c83012a0408b8e901320408839e01380f0a1e081b10021a0408eb8c04220408eb82012a0408bdeb01320408c29e01380f0a1e081c10021a0408c19004220408b584012a040883ed01320408889f01380f0a1e081d10021a0408c69004220408db84012a0408b1ed01320408b99e01380f0a1e081e10021a0408e09204220408ef84012a0408b9ed01320408b7a001380f0a1e081f10021a0408d89204220408d484012a040898ed01320408eba001380f0a1e082010021a0408e49504220408a385012a0408e8ef01320408d9a001380f0a1e082110021a0408e395042204089185012a040889f001320408c8a001380f0a1e082210021a0408d29704220408e686012a0408a7f001320408c4a001380f0a1e082310021a0408f098042204089785012a0408a0f101320408b8a201380f0a1e082410021a0408919a04220408ca85012a040899f201320408ada201380f125f080115f94e873f1dac14963f20022a19080610011da5a718432507690e43280130033dee69fa43500c2a1b080410011dc0fb3542252048d541280330033da0729743501558122a17080c1d3646ef4325f500c443280130073dc65d1844501e1a5c080115b72b3e3d2a1b080b10011dee4038432556260343280130033d6d178141500f580d2a19080610011d1ae3bb422563a12342280330043dcb76494150172a1b080410011dc4086a4225b680a941280330043d7dcabd405019581520ba0228003000',1764103245,0,1535109519,0,10,X'01',NULL);
INSERT INTO DriverSessions VALUES(172,9,3,3,20,'Mihai',10,NULL,'Williams',0,0,2604220,0,'3:9,2:14,1:13',67025,1,26,15,3,0,0,0,0,0,0,1,29,182,'Mihai',36,2,2,X'010a1e080110031a04089fe504220408fba5012a0408e68702320408bcb701380f0a1e080210031a0408aac9042204088c8b012a0408ca8502320408d4b801380f0a1e080310031a0408e0d504220408b38e012a0408b68802320408f5be01380f0a1e080410031a040892d204220408f18d012a0408a98a02320408f7b901380f0a1e080510031a0408e7d1042204089d8f012a0408be8a023204088bb801380f0a1e080610031a040887c604220408e28b012a04089a84023204088bb601380f0a1e080710031a040899cb04220408b78c012a04088f8702320408d2b701380f0a1e080810031a0408bbcb042204089a8c012a04088486023204089db901380f0a1e080910031a0408cfcf04220408938d012a04089a8802320408a1ba01380f0a1e080a10021a0408cff8042204089a8e012a0408f88a02320408bcdf01380f0a1e080b10021a0408e6ca05220408e19f022a0408fdff0132040888ab01380f0a1c080c10021a04089ca604220408b983012a04089bfa01320408c8a8010a1e080d10021a0408dfa2042204088d82012a0408abf801320408a6a801380f0a1e080e10021a0408e89d04220408c085012a0408a5f20132040883a601380f0a1e080f10021a0408829a04220408a786012a040896f001320408c4a301380f0a1e081010021a0408f99704220408b083012a0408dbf101320408eda201380f0a1e081110021a0408aa9904220408b284012a0408e6f10132040891a301380f0a1e081210021a0408fe9804220408d483012a0408a9f10132040881a401380f0a1e081310021a0408f99b04220408db84012a0408ccf201320408d1a401380f0a1e081410021a0408f79c042204088c86012a0408c1f101320408a9a501380f0a1e081510021a0408f69804220408ca83012a0408d5f001320408d6a401380f0a1e081610021a0408a49e04220408fd83012a0408b9f401320408eda501380f0a1e081710021a0408989e042204089e84012a0408f4f40132040885a501380f0a1e081810011a0408f4f2042204089786012a0408ea9902320408f2d201380f0a1e081910011a0408d48305220408fcf8012a040886eb01320408d19f01380f0a1e081a10011a0408d18b04220408a480012a0408a8eb0132040884a001380f0a1e081b10011a0408d39604220408e782012a0408d0f2013204089ba101380f0a1e081c10011a0408d78e04220408a182012a0408bdeb01320408f8a001380f0a1e081d10011a0408f08d04220408be80012a04089dec0132040894a101380f0a1d081e10011a0408c09004220308cc7e2a0408a9ef01320408cba201380f0a1e081f10011a0408c99404220408ce82012a0408f2ee0132040889a301380f0a1e082010011a0408cba304220408ab84012a0408c2fa01320408dda401380f0a1e082110011a04088b9c04220408e983012a0408c0f301320408e0a401380f0a1e082210011a0408ab9c042204089484012a0408c7f301320408d0a401380f0a1e082310011a04088e9d04220408e984012a0408d4f201320408d0a501380f0a1e082410011a0408fd9c04220408b483012a0408bdf3013204088ba601380f12d501080115576005401d77cd1940200e2a1708071d2e682b4325df8ec042280130033d78682d43500c2a19080a1d84d56842250e06a241280330043d7a2d3842501558192a19080610011d58ba3d422546e08541280530053d9ed49743501d2a1708031de05c644225232b2742280a300a3d4064c442503e2a1b080810011d50680a42258070aa41280b300b3de10df842400248022a1f080610011d94d0244325585ee642280b300d3d1a648c4340024802500458032a1f080710011d30bf5343252d9a4843281b301e3d9c0edc43400148025014580a1ad10308011541cb8d401d102ddb3f20072a17080c1d3acf2d4325ce272a43280130033d4a22aa42500c2a19080a1dc0fb354225f0cf1142280330033d52142b40501258152a1708061d746d8f4325dd2e4743280130053dde2c044350102a1b080b10011dda93f5422560f8cc42280330053d5d502341501858192a19080610011dc1f282432527271943280530093d6458824350292a1708031d4f06e84325668f96432804300a3db90b8e4350282a1f080810011d006d5e4225c603d141280b300c3d5afb8d4140024802500258022a1f080610011dd499cf4325cd3a1f43280f30163df0d71a4340024802502158142a1f080d10011d48c0cf4325004dc743280f30163d53d4a34440024801502158162a1f080b10011dd0b6b44225c08a8a41281630183d4dd4524240024802503358382a1d08071d402dd24225dad5a842281a301b3da315104340014802500858052a1f080310011d20b54d432518091743281b301e3d18f8be41400148025013580f2a1d08071dd0f7484325bdf74843281e30213de30fbe4340014802502458112a1f080710011da03c4a43255db34843282130243d971e444340014802503558192a1f080310011d18359c4325104f4f43282030243d42934a43400148025035581e20ca0228003000',1764103245,0,1535109519,0,4,X'01',NULL);
INSERT INTO DriverSessions VALUES(173,9,4,4,18,'LankyBrown5515',10,NULL,'Williams',0,0,2608418,0,'3:9,2:12,2:15',67234,2,27,15,6,0,0,0,0,0,0,1,84,228,'Utente',36,15,2,X'010a1e080110031a0408fb8605220408d3ba012a0408da9102320408ceba01380f0a1e080210031a040897c504220408c189012a0408a18602320408b4b501380f0a1e080310031a040880c604220408b58b012a0408d18402320408f9b501380f0a1e080410031a0408d3ca042204088d8a012a0408f78702320408cfb801380f0a1e080510031a040893d204220408d08e012a0408918a02320408b0b901380f0a1e080610031a040891ca04220408d18d012a0408ba870232040885b501380f0a1e080710031a0408e7c604220408878a012a04089e8602320408c1b601380f0a1e080810031a0408acca04220408b48c012a0408848702320408f3b601380f0a1e080910031a040880cd04220408c58d012a0408c78802320408f2b601380f0a1e080a10021a0408bde104220408c58b012a0408e0840232040897d101380f0a1e080b10021a0408ebaf05220408d881022a0408ec8002320408a7ad01380f0a1e080c10021a0408dfaa04220408fb87012a040888f901320408daa901380f0a1e080d10021a0408e8a6042204088a88012a0408d8f70132040886a701380f0a1e080e10021a0408a0a104220408dd85012a040897f601320408aba501380f0a1e080f10021a0408e89d04220408f985012a040881f301320408eda401380f0a1e081010021a0408a59804220408f784012a0408eaf001320408c3a201380f0a1e081110021a0408e59804220408f884012a04089ef001320408cea301380f0a1e081210021a04089f9b042204089585012a040884f20132040884a401380f0a1e081310021a04088b9c04220408da83012a0408c2f201320408eea501380f0a1e081410021a0408c09a04220408e384012a04088bf101320408d0a401380f0a1e081510021a0408dc9b04220408b784012a04088cf20132040898a501380f0a1e081610021a0408ebb404220408e584012a0408b0f301320408d6bc01380f0a1e081710021a0408e685052204089bf8012a0408ffeb01320408cba101380f0a1e081810021a0408898c052204088683012a0408abb802320408d7d001380f0a1e081910021a0408fd9404220408b18a012a040897eb01320408b49f01380f0a1e081a10021a0408b98e042204089483012a0408f1eb01320408b29f01380f0a1e081b10021a0408a28d04220408d081012a0408e9ed01320408e99d01380f0a1c081c10021a04088e8f04220408a080012a040897ef01320408d69f010a1c081d10021a0408d08f04220408a081012a0408eced01320408c2a0010a1e081e10021a0408c49604220408d281012a0408acf101320408c4a301380f0a1e081f10021a0408a59a042204089186012a0408dff001320408b4a301380f0a1e082010021a0408f998042204089983012a0408cff20132040890a301380f0a1e082110021a0408d39a04220408fd81012a0408ddf301320408f8a401380f0a1e082210021a0408d99904220408fd82012a0408c3f20132040898a401380f0a1e082310021a0408a29d04220408aa81012a0408a7f601320408d0a501380f0a1e082410021a0408ffa104220408e48a012a0408b0f201320408eba401380f12f2010801154b67f73f1da5d6c03f20042a17080810011dd8cda842258afb7642280130023db48488432a17080b1dad963c43258c32c742280230053d4119064458172a17080610011d64ae934325c8886743280330073d2cc4fe432a19080410011d4f06e84325d04195432804300a3d2bb9bd4358282a1d08071d402a484325007ad041281a301d3d0907554240024802500b58062a1d08041d701b4d4325d0d51543281b301e3d19514a4340024801500f58132a1f080710011dd02c1e43250005fd42282030223d8338df4340024802501b58162a1d08041d18359c4325a0141143282030243db3ae054440024801501e58351aae01080115e870dc3e1d328e4f3f20032a19080210011d729a874225315b5641280130023d0d19904058072a17080810011d3f67c9422510c99542280230033dd9f695422a17080810011df21f1d4325300b2f42280530073daafe8e412a17080610011deee75c43256f2910432807300a3d564e7d422a19080410011de05c644225a35e2842280a300a3d92ebcb42583e2a1d08071d209bed4225ba34ee42282230243d726e134240024802501f581a20c60228003000',1764103245,0,1535109519,0,3,X'01',NULL);
INSERT INTO DriverSessions VALUES(174,9,5,5,14,'maxi0903',1,NULL,'Sauber',0,0,2610141,0,'3:9,2:12,2:15',67492,2,26,15,0,0,0,0,0,0,0,1,77,14,'Utente',36,3,2,X'010a1e080110031a0408efe904220408b5a8012a0408ab8a023204088eb701380f0a1e080210031a04088fcd042204089f8b012a0408a58b02320408cab601380f0a1e080310031a0408f1cf04220408d88a012a04089f8d02320408fab701380f0a1e080410031a040892d104220408ba8a012a0408f18c02320408e6b901380f0a1e080510031a0408c1d304220408968d012a0408ae8c02320408fcb901380f0a1e080610031a04089ec704220408e789012a04089e880232040899b501380f0a1e080710031a04089dd2042204088a8c012a0408c98c02320408c9b901380f0a1e080810031a040898cd04220408868c012a0408f9850232040898bb01380f0a1e080910031a0408c1ce04220408b18b012a0408b38c02320408dbb601380f0a1e080a10021a0408a8f004220408ce8c012a0408f98a02320408e0d801380f0a1e080b10021a0408c4bf05220408be95022a0408fffd0132040886ac01380f0a1e080c10021a0408c5a804220408b086012a04088cfa0132040888a801380f0a1e080d10021a0408edac042204088d86012a040892fa01320408ceac01380f0a1e080e10021a04089a9c04220408ae83012a040886f301320408e5a501380f0a1e080f10021a0408c09c04220408e883012a0408b5f301320408a2a501380f0a1e081010021a0408859c042204088381012a0408e2f5013204089fa501380f0a1e081110021a0408bf98042204089f83012a0408c0f101320408e0a301380f0a1e081210021a0408ed98042204089681012a0408aaf101320408aba601380f0a1e081310021a0408a19e04220408c182012a0408f6f301320408eaa701380f0a1e081410021a0408909b042204088f81012a0408b6f301320408caa601380f0a1e081510021a0408cf9e04220408a781012a0408b8f301320408efa901380f0a1e081610021a04089cb804220408ed83012a0408faf501320408b5be01380f0a1e081710021a0408ee8805220408d4fb012a040897ed0132040881a001380f0a1e081810021a0408c49205220408a199012a0408d8a402320408cad401380f0a1e081910021a0408cc9504220408ea86012a04088cee01320408d4a001380f0a1e081a10021a0408a48f04220408db83012a0408f4eb01320408d49f01380f0a1e081b10021a0408ca9204220408da83012a0408f1ec01320408fea101380f0a1e081c10021a04088f95042204089084012a040892ee01320408eba201380f0a1e081d10021a0408d19604220408d384012a0408ecee0132040891a301380f0a1e081e10021a0408d99304220408c183012a040888ee0132040890a201380f0a1e081f10021a0408ef9604220408cf83012a0408fef001320408a1a201380f0a1e082010021a04089e99042204088685012a0408f4ee01320408a3a501380f0a1e082110021a0408c997042204088884012a0408cbf101320408f5a101380f0a1e082210021a0408d79904220408f884012a0408bef101320408a0a301380f0a1e082310021a0408c89a042204089585012a04088df301320408a5a201380f0a1e082410021a0408959d04220408ab87012a0408fbf201320408eda201380f1297010801150da48a3f1dbb954f3f20032a17080a1da6afba4225f7a02342280330043d99e1ab4258172a19080410011d02478f4325f2a7fd42280130053ddc7c1c4458102a1508031deee75c432537360f432807300a3d92cd8b432a1d08041d6873cf432505a11e43280f30153d85dc964240024802501458212a1d080b1d00f45b4225d3304042281630163d8689e94240024802501d58351aa0020801154cfc693f1dd6d11c40200a2a15080c1d5cd0914225f5699242280130023d11deb3412a17080a1d3f8e1943250cdb1943280130033dc6c8ef41580c2a19080b10011d50c8774325ae453c43280230053d4a2ba14158142a1708041d58ba3d4225d3b93d42280530053d089a8942581d2a1508031d64ae934325a0ac7043280330073d660116422a17080810011d60582e4325f08f21422808300a3d280418422a1f080810011df06f634225c6c6e441280b300b3db8ff624240024802500158012a1d08041d94d02443252074fc42280b300d3d09d38b4340024802500358042a1d080d1d606028422593932942280f30103d3169c54140024801500d580d2a1d080b1d604bc7422500c05a42281430163d1a034e4240024802501b582f20c60228003000',1764098510,1764104483,1535109519,1535109519,6,X'01',NULL);
INSERT INTO DriverSessions VALUES(175,9,6,0,29,'Flavours',6,NULL,'Haas',0,0,2612284,0,'3:10,1:10,2:16',67214,2,23,15,6,0,0,0,0,0,0,1,77,127,'Utente',36,6,2,X'010a1e080110031a0408f5b205220408ffae012a0408fbcb02320408fab701380f0a1e080210031a04088fc704220408838c012a0408d58502320408b6b501380f0a1e080310031a0408f2cb04220408ed8b012a0408918702320408f3b801380f0a1e080410031a0408f6cb04220408998c012a04089e8702320408beb801380f0a1e080510031a0408f7ca04220408aa8c012a04088b8802320408c1b601380f0a1e080610031a0408f2ca04220408ce8b012a0408828702320408a1b801380f0a1e080710031a04088bca04220408cc8c012a0408a187023204089db601380f0a1e080810031a0408c6c704220408f68a012a0408eb8502320408e4b601380f0a1e080910031a040880c904220408bf8b012a0408818702320408bfb601380f0a1e080a10031a0408dbc9042204088d8d012a0408a58502320408a8b701380f0a1e080b10011a0408dbe304220408ac8a012a0408dd8302320408d0d501380f0a1e080c10011a0408a79c05220408a1fd012a0408c1f901320408c3a501380f0a1e080d10011a0408f69b042204089085012a040895f401320408d0a201380f0a1e080e10011a0408c69e04220408eb85012a040880f301320408daa501380f0a1e080f10011a0408b39a04220408ba80012a0408bbf501320408bda401380f0a1d081010011a0408c99304220308c67f2a0408c9f101320408baa201380f0a1e081110011a0408c19904220408fc84012a0408fdf201320408c7a101380f0a1e081210011a0408bc99042204088181012a040889f301320408b1a501380f0a1e081310011a0408c59c04220408cd84012a0408a1f201320408d6a501380f0a1e081410011a0408d29a04220408d882012a0408acf301320408cda401380f0a1e081510021a0408d9bb042204088f83012a0408a4f401320408a5c401380f0a1e081610021a04088b8805220408eafc012a0408b1ed01320408ef9d01380f0a1e081710021a04088e8d04220408ed80012a0408a6ed01320408fa9e01380f0a1e081810021a0408ec8d05220408df83012a04089fb602320408ecd301380f0a1e081910021a0408bf91042204089485012a0408e9ec01320408c19f01380f0a1e081a10021a04088390042204089783012a0408c8ed01320408a49f01380f0a1e081b10021a0408bb9704220408f784012a0408e7f101320408dca001380f0a1e081c10021a04088895042204089782012a040889f201320408e7a001380f0a1e081d10021a0408de9404220408ba83012a0408aeef01320408f5a101380f0a1e081e10021a0408e29704220408fb83012a0408def00132040888a301380f0a1e081f10021a04088d9404220408a984012a0408e3ee0132040880a101380f0a1e082010021a0408cb9604220408c483012a040890f001320408f5a201380f0a1e082110021a0408f89b04220408df85012a0408daf201320408bea301380f0a1e082210021a0408d499042204088485012a04089ef201320408b1a201380f0a1e082310021a0408d59804220408b386012a0408f5f001320408ada101380f0a1e082410021a0408d39804220408f384012a04088cf101320408d3a201380f12c201080115976611401d90affb3f20072a1710011d40e9fa4125c80a7d41280130023d255f964358072a19080210011d8062d84225d092ac41280530063d36522843581e2a1f080810011db0dd0642250640bd41280c300c3d5427f04240014802500158032a1f080610011d6060284225661db141280f30103d21c79a4340014802500d580d2a1d08041d48c0cf4325b8f9c643280f30153d69af5d4440014802501658212a1d08081d80a9f84125c07a8b41281730183da255924240024802500558211a9f010801151b0bfd3e1dcc5e0a3f20022a1710011d37608c422539833142280230033d0f3ba342580a2a19080210011d1077a64225ae448942280630073d8dfff64258262a19080b10011d4e9c2f4325ed780b43280530073df440854258282a1f080810011da064414225e61db941280c300d3d8290b04140014802500258042a1f080610011d64aec44325b26dc243281030153dbd727b42400148025017581320cc0228003000',1764098510,1764104486,1535109519,1535109519,13,X'01',NULL);
INSERT INTO DriverSessions VALUES(176,9,7,6,8,'owise11',8,NULL,'Mercedes',0,0,2619168,0,'3:10,2:13,2:13',67051,2,27,15,3,0,0,0,0,0,0,1,41,230,'owise11',36,1,2,X'010a1e080110031a0408afdf0422040886a5012a04088d85023204089bb501380f0a1e080210031a0408aac504220408ff8a012a0408dd8402320408cdb501380f0a1e080310031a040891c904220408d88d012a0408818602320408b7b501380f0a1e080410031a0408bcc304220408dc8b012a0408848402320408dbb301380f0a1e080510031a0408f4c1042204089e8b012a0408e88202320408edb301380f0a1e080610031a04088fc704220408f58b012a0408e08402320408b8b601380f0a1e080710031a0408d1c404220408e98b012a0408b68502320408b2b301380f0a1e080810031a040894c6042204089a8a012a0408d58402320408a4b701380f0a1e080910031a0408d2c304220408af8b012a0408d58302320408cdb401380f0a1e080a10031a0408fbc504220408fe8a012a0408f6840232040886b601380f0a1e080b10021a0408e8d9042204088e8b012a04089d8202320408bdcc01380f0a1e080c10021a040890af052204088786022a0408978002320408f0a801380f0a1e080d10021a04089b9f042204089585012a0408e3f501320408a2a401380f0a1e080e10021a0408f99e04220408ba83012a040888f501320408b5a601380f0a1e080f10021a0408d29d04220408e284012a04089df501320408d2a301380f0a1e081010021a0408b09204220408b981012a0408e0f101320408979f01380f0a1e081110021a04089c95042204089b82012a0408adf001320408d2a201380f0a1e081210021a0408f49604220408ce83012a0408dff001320408c6a201380f0a1e081310021a04089e9904220408e483012a0408e2f201320408d8a201380f0a1e081410021a0408869b042204089482012a0408a4f401320408cca401380f0a1e081510021a0408ae9504220408a981012a0408daed01320408aaa601380f0a1e081610021a0408919604220408d884012a0408d0ef01320408e9a101380f0a1e081710021a0408f794042204089584012a0408c0ef01320408a1a101380f0a1e081810021a0408b3e904220408bd86012a04088bf601320408eaec01380f0a1e081910021a04089ac505220408f38d022a0408ce8002320408d8b601380f0a1e081a10021a0408f0e204220408c4da012a0408d5e901320408d69e01380f0a1d081b10021a0408eb8b04220308ef7f2a04089dee01320408de9d01380f0a1e081c10021a0408d08d04220408c282012a0408daeb01320408b39f01380f0a1e081d10021a0408d78e04220408bf82012a040888ed013204088e9f01380f0a1e081e10021a0408be9904220408d582012a0408aff401320408baa201380f0a1e081f10021a0408d19504220408d181012a0408c4f101320408bba201380f0a1e082010021a0408f4a204220408ad80012a040888fe01320408bea401380f0a1e082110021a0408c29b04220408f180012a04088ff501320408c1a501380f0a1e082210021a0408a9a004220408dd81012a0408faf901320408d0a401380f0a1e082310021a0408ab9c04220408d181012a0408a4f601320408b6a401380f0a1e082410021a04089d8c05220408e183012a0408a0ce023204089aba01380f129201080115e27300401ded04973f20042a1f080c10011d7cbfb34325fcac8c43280f30153d12b82b4440024802501258152a1f080410011d402dd242251aa3aa42281a301b3d071f934340024801500558082a1f080410011dd0f74843257a33ef42281e30213d8cbd6f4440024801501158242a1f080310011d209bed4225ba15d942282230243d5a921b4440024802501a581f1aa9010801151e25f43f1d7ff62c40200a2a19080410011dca4e2c4325be06c342280130033da5002c43580c2a1f080c10011d28343b43251d1c2043281530183d2224be4340024802501b581d2a1f080310011d2077484325c0cdcb41281a301d3d65b48841400248025006580b2a1d08041d30bf534325fd0b5443281b301e3dafc42c4440024801500a58142a1d08031dd02c1e4325a0b60243282030223db2ed8f41400248025016581b20c102280f30d7fa03',1764103245,0,1535109519,0,7,X'01',NULL);
INSERT INTO DriverSessions VALUES(177,9,8,0,23,'HarleyJL18',7,NULL,'McLaren',0,0,2644683,0,'3:9,2:14,1:13',68256,1,29,15,12,0,0,0,0,0,0,1,2,0,'Utente',36,7,2,X'010a1e080110031a0408918305220408e6b1012a0408c19702320408e9b901380f0a1e080210031a040887cf04220408c48b012a0408828d02320408c1b601380f0a1e080310031a0408b0cf04220408d68b012a0408c48b0232040896b801380f0a1e080410031a0408ebc904220408ee8b012a0408e5880232040897b501380f0a1e080510031a0408baca04220408ac8c012a0408b58702320408d8b601380f0a1e080610031a0408b0ce04220408ed8b012a0408da8a02320408e9b701380f0a1e080710031a0408e7cb04220408ba8e012a0408ea8702320408c2b501380f0a1e080810031a04088ccc04220408b08a012a0408878a02320408d4b701380f0a1e080910031a0408adcb04220408a88e012a0408c48602320408c0b601380f0a1e080a10021a0408f6f404220408b58f012a0408ef8a02320408d0da01380f0a1e080b10021a04089ec705220408fd8d022a0408e68802320408bab001380f0a1c080c10021a0408c6b404220408c687012a0408f480023204088cac010a1c080d10021a04088da9042204089586012a0408abfb01320408cca7010a1c080e10021a0408f6bc04220408d097012a0408aafc01320408faa8010a1e080f10021a0408f6a004220408c487012a0408c6f501320408eaa301380f0a1e081010021a0408829a04220408cb85012a0408cff201320408e8a101380f0a1e081110021a0408a19c04220408e284012a0408f3f401320408cca201380f0a1e081210021a0408a19904220408c582012a04088af101320408d1a501380f0a1e081310021a0408d8ab04220408a888012a0408d8f801320408d7aa01380f0a1e081410021a0408fea204220408c687012a0408cdf601320408eaa401380f0a1e081510021a0408dea704220408c285012a0408a1f901320408faa801380f0a1e081610021a0408f7a304220408a184012a0408bcfc0132040899a301380f0a1e081710021a0408a0a1042204089384012a0408e4f601320408a9a601380f0a1e081810011a0408bf9c05220408ee89012a0408c6be023204088ad401380f0a1e081910011a0408ba9c052204088a8f022a0408c3ee01320408ed9e01380f0a1e081a10011a0408a89804220408fb85012a04088df301320408a09f01380f0a1e081b10011a0408c29604220408f582012a040893f201320408b8a101380f0a1e081c10011a0408849904220408d586012a04089bf10132040893a101380f0a1e081d10011a0408a09504220408da83012a0408b7f0013204088ea101380f0a1e081e10011a0408c99b04220408c686012a04089cf301320408e5a101380f0a1e081f10011a0408dc9d042204088088012a04089cf301320408bfa201380f0a1e082010011a040890a004220408c286012a040884f501320408c9a401380f0a1e082110011a0408859d04220408b385012a0408a0f201320408b1a501380f0a1e082210011a0408d79b042204088885012a0408a4f301320408aaa301380f0a1e082310011a040893a304220408cb86012a0408acf6013204089ba601380f0a1e082410011a040890a204220408c987012a0408d7f401320408eea501380f12cf010801152ba8663f1d95ec063f20022a1508031d3f67c942255efb9342280230033d6f54fd422a1508031df21f1d4325b85e2f42280530073deea2b1422a1508061d406668432570d528422807300a3d9340cc422a1d08061df06f63422586f8df41280b300b3d6abb944240024802500158012a1d08041de0055c4225a69cce41280b300c3d03768e4240024802500258022a1d080d1d203140422566b6b641280c300d3dc67a854240024801500458022a1d080b1d001b91422533947542280d300e3d46f84d43400248025007580b1a9f010801156ae6ec3e1dcc5e8a3f20042a1508031daa67a942254301aa42280130023ddf7adb422a1908041d50680a4225a01ffa41280b300b3de8012441400248022a1d080d1db0dd064225e3100842280c300c3d89e1a44240024801500358012a1d080b1dc06a58422520723642280c300d3d78d5944240024802500558072a1f080d10011d80a9f84125c04b9c41281730183d1e228742400248025021580520c10228003000',1764098510,1764104488,1535109519,1535109519,8,X'01',NULL);
INSERT INTO DriverSessions VALUES(178,9,9,0,22,'Marcellio',5,NULL,'Ferrari',0,0,2647429,0,'3:9,2:13,1:14',67265,1,25,15,9,0,0,0,0,0,0,1,25,83,'Marcellio',36,11,2,X'010a1e080110031a04088aad052204088eb8012a0408f3ae0232040888c601380f0a1e080210031a040885db04220408f692012a0408fc8a0232040892bd01380f0a1e080310031a0408eacf04220408c88d012a0408d08702320408d0ba01380f0a1e080410031a040881d304220408bb8d012a0408fa8a02320408ccba01380f0a1e080510031a040893d404220408ce8e012a0408dd8a02320408e7ba01380f0a1e080610031a0408e8d204220408868e012a0408cd890232040894bb01380f0a1e080710031a0408c2d004220408d78a012a0408ef8802320408fbbc01380f0a1e080810031a0408a0cd04220408b38b012a0408bb8702320408b0ba01380f0a1e080910031a0408f7cf042204088c8c012a0408d6880232040893bb01380f0a1e080a10021a040895f904220408ee8c012a0408f28c02320408b4df01380f0a1e080b10021a0408f4e1052204089ab2022a04088e8102320408cbae01380f0a1e080c10021a0408afaa04220408ba86012a0408acf901320408c8aa01380f0a1e080d10021a0408d8a6042204088386012a040885f801320408cfa801380f0a1e080e10021a0408fca204220408b686012a0408a4f601320408a0a601380f0a1e080f10021a0408f09d04220408ec85012a0408e0f201320408a2a501380f0a1e081010021a0408fc9f04220408b487012a0408fef501320408c9a201380f0a1e081110021a0408b69c04220408fc86012a0408bcf101320408fda301380f0a1e081210021a0408f0a304220408f089012a040881f501320408fda401380f0a1e081310021a0408aca204220408ad88012a0408f5f1013204088aa801380f0a1e081410021a0408aca8042204089689012a0408f8f9013204089da501380f0a1e081510021a0408f6a104220408bc88012a0408a6f40132040893a501380f0a1e081610021a0408d79f04220408a787012a0408a8f40132040887a401380f0a1e081710011a0408edbb04220408cf86012a0408c3f401320408dac001380f0a1e081810011a0408abe305220408ef9e022a0408ffa202320408bca101380f0a1e081910011a0408c18d04220408bb81012a040895ed01320408f09e01380f0a1e081a10011a0408b39404220408d384012a040889ee01320408d6a101380f0a1e081b10011a0408ff9104220408fa83012a04088ced01320408f8a001380f0a1e081c10011a04088a9504220408ba85012a0408a9ee01320408a6a101380f0a1e081d10011a040892a2042204089187012a0408b3f101320408cda901380f0a1e081e10011a0408b89c04220408f486012a0408bcf10132040888a401380f0a1e081f10011a0408f2a0042204088486012a0408e2f5013204088ba501380f0a1e082010011a0408d99b04220408b085012a04088af2013204089ea401380f0a1e082110011a0408dba104220408cb87012a0408c7f401320408c7a501380f0a1e082210011a0408f99e04220408de84012a0408b8f401320408e2a501380f0a1e082310011a040898a6042204088389012a0408bef601320408d6a601380f0a1e082410011a0408a7a104220408fd87012a0408bef601320408eba201380f12590801157283ba3e1d1500eb3c2a17080e1de418824225d68e2042280130023d178af14350062a17080d1d37608c4225d54f3042280230033d00cacd42500a2a1908021db814d24225c0f45a422809300a3dfeaa1143503a583b1a42080115a796083d1dcc5e8a3e20012a17080d1d40e9fa4125b0abcf41280130023dd676d33f50072a19080e10011d40f96e4225aa7c9d41280230033dc0e61641500b20be0228003000',1764098510,1764104492,1535109519,1535109519,0,X'01',NULL);
INSERT INTO DriverSessions VALUES(179,9,10,7,17,'BazokaJo',6,NULL,'Haas',0,0,2647603,0,'3:3,2:5,2:14,1:14',67560,1,26,15,0,0,0,0,0,0,0,1,86,83,'BazokaJo',36,9,3,X'010a1e080110031a0408849705220408d2b4012a040898a30232040899bf01380f0a1e080210031a040893d204220408f28c012a0408a38a02320408fcba01380f0a1e080310031a040884ce04220408b78a012a0408908802320408bcbb01380f0a1e080410021a0408b2e904220408af8b012a04089b8902320408e6d401380f0a1e080510021a0408cefe0522040890b6022a0408db8d02320408e2ba01380f0a1e080610021a04088dd804220408978d012a0408bb8e02320408babc01380f0a1e080710021a04088cdc04220408ed90012a0408e09002320408beba01380f0a1e080810021a0408d0d904220408c88c012a0408b58c02320408d2c001380f0a1e080910021a0408a08e05220408d28b012a0408cf8f02320408fef201380f0a1e080a10021a0408fbe205220408fbb3022a04089d8202320408e3ac01380f0a1e080b10021a0408cbaf04220408bb86012a04088eff0132040881aa01380f0a1e080c10021a040886a604220408af86012a0408edf801320408e9a601380f0a1e080d10021a0408d6a404220408a588012a0408aef70132040882a501380f0a1e080e10021a0408a8a304220408bf86012a0408cef6013204089aa601380f0a1e080f10021a0408d79904220408e182012a040897f301320408dea301380f0a1e081010021a04088a9b04220408ed84012a04088ff2013204088da401380f0a1e081110021a0408ce9b04220408f083012a0408e2f201320408fba401380f0a1e081210021a04089c9b04220408a984012a0408f0f30132040882a301380f0a1e081310021a0408a49d04220408fa83012a040896f20132040893a701380f0a1e081410021a0408e09b04220408d283012a0408daf401320408b3a301380f0a1e081510021a0408fe9d04220408ba84012a0408b7f4013204088ca501380f0a1e081610021a0408a49e042204089684012a0408bbf401320408d2a501380f0a1e081710011a0408afd104220408fd83012a0408e7f301320408cad901380f0a1e081810011a04088ebf05220408c492022a0408b58e02320408949e01380f0a1e081910011a0408ac9004220408e482012a04088fec01320408b8a101380f0a1e081a10011a0408e88f042204089582012a0408edec01320408e5a001380f0a1e081b10011a0408a59404220408fd83012a0408e1ed01320408c6a201380f0a1e081c10011a0408db9404220408c182012a0408bfee01320408d9a301380f0a1e081d10011a0408db9604220408d882012a0408b3f001320408cea301380f0a1e081e10011a0408b19604220408c881012a040889f001320408dfa401380f0a1e081f10011a0408a09a04220408a584012a0408fbf001320408fea401380f0a1e082010011a0408859c042204089483012a0408c5ef01320408aaa901380f0a1e082110011a04089e9b04220408e183012a0408caf101320408f2a501380f0a1e082210011a0408ec9d042204088c83012a0408ddf40132040882a601380f0a1e082310011a04088a9e04220408bb83012a040896f301320408b7a701380f0a1e082410011a0408ae9b04220408ba83012a040890f301320408e3a401380f126508011506ad9f3f1dc4264a3f20022a1908021dd0c48643251c887743280130043db0a3e043500c580f2a1d080510011db042a242258bc26b42280630073d2a6a7f434002500558242a1b08051d189e4743259d383b43280730093dd32501444002500d58321a3e08011593943c3c1d328e4f3f20032a1608051d5c31be422528cb9f422805300640025002581b2a1608051d50cefe41255b9a00422807300740025007582920c00228003000',1764103245,0,1535109519,0,1,X'01',NULL);
INSERT INTO DriverSessions VALUES(180,9,11,0,32,'The Kaiser',9,NULL,'Red Bull',2,0,2648730,0,'3:9,2:5,0:9,1:11',68915,1,26,15,6,0,0,0,0,0,0,1,79,178,'Utente',34,13,3,X'010a1e080110031a0408f9ac05220408a6c0012a0408fda102320408d4ca01380f0a1e080210031a0408e3e804220408db95012a0408b89102320408cfc101380f0a1e080310031a0408b7dd042204089690012a0408ee8c02320408b2c001380f0a1e080410031a0408c9db04220408da8e012a04089d8d02320408d0bf01380f0a1e080510031a040898dc04220408828f012a0408858d0232040890c001380f0a1e080610031a0408eae004220408ac90012a0408ea8c02320408d3c301380f0a1e080710031a0408bee504220408b392012a0408cd9002320408bdc201380f0a1e080810031a04088ee3042204089892012a0408e68e023204088fc201380f0a1e080910031a04089ae304220408a597012a04089e8c02320408d6bf01380f0a1e080a10021a0408a0f304220408f78f012a0408ac8f02320408fcd301380f0a1e080b10021a0408b6e805220408e5b6022a0408b382023204089caf01380f0a1e080c10021a0408efc004220408bd89012a04089f800232040892b701380f0a1e080d10021a040886fa04220408fbd0012a0408fbf9013204088eaf01380f0a1e080e10021a0408eeb604220408ef8a012a0408f5fa013204088ab101380f0a1c080f1a040883c704220408f189012a0408e6f301320408abc901380f0a1c08101a0408b28d06220408ade8022a0408f1f50132040893af01380f0a1c08111a0408d3ab04220408b788012a040880f8013204089cab01380f0a1c08121a0408a5b204220408e396012a0408f7f201320408caa801380f0a1c08131a040892bb04220408dc83012a0408d7fd01320408deb901380f0a1c08141a0408d7b804220408828c012a0408d5ff01320408ffac01380f0a1c08151a0408eea604220408af85012a040890f801320408afa901380f0a1c08161a04089bbb042204089b8b012a0408f6fe0132040889b101380f0a1c08171a0408b7bb0522040893ac012a0408cbad02320408d7e101380f0a1e081810011a0408d3c005220408b2ee012a0408d08102320408d0d001380f0a1e081910011a0408a7e805220408c8a4022a04089ef201320408c1d101380f0a1e081a10011a0408b39a04220408eb85012a0408d9ef01320408eea401380f0a1e081b10011a0408f1a404220408ed89012a0408c2f201320408c1a801380f0a1e081c10011a0408dda704220408e587012a0408c0f301320408b7ac01380f0a1e081d10011a0408fdae04220408a18e012a0408d3f60132040888aa01380f0a1e081e10011a040895b004220408bc89012a0408fef601320408daaf01380f0a1e081f10011a0408b8b704220408ce8d012a0408d5f70132040894b201380f0a1e082010011a0408e2ba04220408d197012a040885f8013204088bab01380f0a1e082110011a0408b3c604220408a78d012a0408ac8602320408e0b201380f0a1e082210011a0408edb504220408f48a012a0408ecfd013204088dad01380f125b0801150eee4c3e1dadfbbb3b2a1708051d3293f54125584d6d41280130013d0bdeb34158072a151dc8c56d422596e39f41280230033d99f20942580b2a1d08051d20764142256687c141280b300b3d3212114240024802500158051a270801154409a83d1d328e4f3f20032a1710011d944c834225d0307e42280130023d2db52842580620bb0228003000',1764098510,1764104549,1535109519,1535109519,14,X'01',NULL);
INSERT INTO DriverSessions VALUES(181,9,12,-1,9,'p1Xx',2,NULL,'Racing Bulls',0,2,1711835,0,'3:9,2:13,2:1',68201,2,16,15,0,0,0,0,0,0,0,1,41,58,'p1Xx Retardmaxxing',23,4,2,X'010a1e080110031a04089bf404220408e9ac012a0408ec8f02320408c5b701380f0a1e080210031a0408bdcc04220408b18a012a04088c8802320408ffb901380f0a1e080310031a0408c5cc042204089b8c012a0408e58602320408c4b901380f0a1e080410031a0408bdce04220408b48a012a0408a28a02320408e6b901380f0a1e080510031a0408958505220408b08d012a0408abc002320408b8b701380f0a1e080610031a0408f6cc04220408e58a012a0408f08902320408a0b801380f0a1e080710031a04088fd304220408e88a012a04089f8e0232040886ba01380f0a1e080810031a0408f2d104220408aa8e012a0408b6880232040891bb01380f0a1e080910031a0408bdd004220408e08b012a0408c288023204089abc01380f0a1e080a10021a0408a6e504220408c58c012a0408b98302320408a7d501380f0a1e080b10021a0408d7aa052204089884022a040884fc01320408b9aa01380f0a1e080c10021a0408bda804220408c188012a04089bf901320408dfa601380f0a1e080d10021a0408dda104220408d782012a04088ff901320408f6a501380f0a1e080e10021a040887a504220408fd87012a0408aff501320408daa701380f0a1e080f10021a0408e79904220408fe86012a0408b3f001320408b5a201380f0a1e081010021a0408e994042204089d83012a0408d3f001320408f9a001380f0a1e081110021a0408f09504220408aa84012a0408b4f00132040891a101380f0a1e081210021a0408ac97042204088e84012a0408eef101320408afa101380f0a1e081310021a0408cc9604220408d483012a0408d7f101320408a1a101380f0a1e081410021a0408de97042204089f84012a0408aef20132040890a101380f0a1e081510021a0408e79904220408ad82012a040882f301320408b7a401380f0a1e081610021a0408e89504220408ac80012a0408b1f2013204088aa301380f0a1e081710021a0408a9b904220408cc83012a0408fcf301320408e0c101380f12f401080115afb9bc3f1dc374f43e20032a19080a1df8f33743257bdd0143280130033d8f603c43500d580e2a1708061d50c8774325feeb3b43280230053da7908b4350142a1908041dda93f54225a2c4cb42280330053d70cb8642501958182a1b080210011dc85dc74225c0ea9742280630073d607dc143502a58252a17080d1d4e9c2f4325cb780b43280530073d624e454350282a1f080810011dc06a584225d0460e42280c300d3d15d50d4340024802500758052a1f080610011d604bc74225608e5f42281430163deee22c4340024802502f581b2a1d08041d7003d54225c08c9641281630173d2dec4b4240024802503758321a6b080115e86bcc3e1dcc5e8a3e20012a19080310011dad963c43258b180243280330053d659c1f4250172a1f080810011db0b4914225b3fb7742280d300e3dc0a81f4340024802500b58072a1f080610011d00f45b422573fd3e42281630173d14a08042400248025035581d20c00228003000',1764103245,0,1535109519,0,11,X'01',NULL);
INSERT INTO DriverSessions VALUES(182,9,13,-1,10,'AlexG_IV2',3,NULL,'Alpine',0,2,1513930,0,'3:9,2:10,2:1',68965,2,16,15,0,0,0,0,0,0,0,1,42,77,'AlexG_IV2',20,10,1,X'010a1e080110031a0408e79105220408b4b4012a0408e4a002320408cebc01380f0a1e080210031a0408c6d204220408b08a012a0408dd8d02320408b8ba01380f0a1e080310031a0408f4cd04220408e98a012a0408c78902320408c4b901380f0a1e080410031a0408c7cc042204089f8c012a0408a3870232040885b901380f0a1e080510031a040891d604220408a092012a0408f88b02320408f8b701380f0a1e080610031a0408b2d704220408aa8a012a0408ea92023204089dba01380f0a1e080710031a0408e3dd04220408f88a012a0408dd99023204088eb901380f0a1e080810031a0408d1d504220408a88f012a0408bc8b02320408ecba01380f0a1e080910031a0408ccd404220408e18c012a0408fb8d02320408f0b901380f0a1e080a10021a0408c1fd04220408d78e012a0408da92023204088fdc01380f0a1e080b10021a0408c0c105220408b586022a0408a78b02320408e3af01380f0a1e080c10021a04089da904220408ac85012a040886fb01320408e9a801380f0a1e080d10021a0408b1ae04220408d487012a0408918202320408cba401380f0a1e080e10021a0408bba104220408cb85012a0408e1f8013204088ea301380f0a1e080f10021a0408939e04220408d086012a0408e8f301320408dba301380f0a1e081010021a0408e59a04220408f485012a0408bef201320408b1a201380f0a1e081110021a0408e39f04220408cc86012a0408c5f301320408d1a501380f0a1e081210021a0408bd9f04220408a887012a0408f6f3013204089ea401380f0a1e081310021a0408c2f204220408b285012a0408b1f301320408dff901380f0a1e081410021a0408e0d304220408f991012a0408bdff01320408a9c201380f124d2a1708031d209c8d4225b5be4c41280130023d82233b4250072a17080d1d1077a6422506008842280630073daebc184350262a19080b1da039be4225cdd94241280730083dbe3c4642502c58321a8b0120022a1b080510011d67f92d422540f3d341280130023d23a92241500658062a1b080110011d45eb864325de3a7743280130053d26199243500f580c2a17080d1d8062d842253071f341280530063d4f059b42501e2a19080b1dc85dc74225e85eab42280630073d078be0415025582a2a1910011db814d24225a0285c422809300a3db427ed42503b583a20bb0228003000',1764103245,0,1535109519,0,2,X'01',NULL);
INSERT INTO DriverSessions VALUES(183,9,14,0,30,'thomas_k04',4,NULL,'Aston Martin',0,2,1034936,0,'3:1,3:7,2:4,2:1',71703,2,11,15,3,0,0,0,0,0,0,1,2,0,'thomas_k04',12,12,3,X'010a1e080110031a0408d8b805220408e3b7012a0408a19f02320408d3e101380f0a1e080210031a040899f8052204089bb4022a0408eb860232040891bd01380f0a1e080310031a0408acd304220408d08d012a0408bd88023204089ebd01380f0a1e080410031a0408b7d0042204088f8a012a0408fa8402320408aec101380f0a1e080510031a0408c9cd04220408958c012a0408c28702320408f1b901380f0a1e080610031a0408d3d404220408d58a012a0408ae8702320408cfc201380f0a1e080710031a0408d2d904220408b992012a0408c18b02320408d7bb01380f0a1e080810031a040888db04220408958e012a0408948c02320408dec001380f0a1e080910021a0408dfea04220408f38b012a0408de8b023204088dd301380f0a1e080a10021a0408d2bc05220408a889022a0408cc8302320408ddaf01380f0a1e080b10021a040897b004220408ea88012a04089ffb013204088dac01380f0a1e080c10021a0408f0ce04220408f486012a0408affb01320408cccc01380f0a16080d10021a00220408cb8e012a0408cbfa013200380f123c20052a1908021d35922b42256489c741280130013db1178842500658062a1d080110011d5c31be4225d8bd8b42280530063d7bf5e5434802501b58021a7a20022a19080e10011d3293f5412538f76741280130013daa07ec4050072a1b08011db042a242259ef88c42280630073d516e08434802502458052a1d080110011d189e47432579d23b43280730093dd46cbe4348025032580d2a1f080e10011d2076414225a6cbc141280b300b3d2a956742400248025005580120bb0228003000',1764098510,1764104553,1535109519,1535109519,5,X'01',NULL);
INSERT INTO DriverSessions VALUES(184,9,15,-1,28,'edwinlfc',5,NULL,'Ferrari',0,2,0,0,'3:1',0,NULL,0,0,0,0,0,0,0,0,0,1,36,127,'edwinlfc',0,14,0,X'0112001a00206c28003000',1764103245,0,1535109519,0,9,X'01',NULL);
INSERT INTO DriverSessions VALUES(185,7,3,0,9,'p1Xx',2,NULL,'Racing Bulls',0,0,0,0,NULL,0,NULL,0,0,0,0,0,0,0,0,0,0,0,0,NULL,0,0,0,NULL,1764110941,0,1535109519,0,NULL,NULL,NULL);
INSERT INTO DriverSessions VALUES(186,7,4,0,20,'Mihai',10,NULL,'Williams',0,0,0,0,NULL,0,NULL,0,0,0,0,0,0,0,0,0,0,0,0,NULL,0,0,0,NULL,1764110944,1764110947,1535109519,1535109519,NULL,NULL,NULL);
INSERT INTO DriverSessions VALUES(187,7,5,0,12,'DcViiral',9,NULL,'Red Bull',0,0,0,0,NULL,0,NULL,0,0,0,0,0,0,0,0,0,0,0,0,NULL,0,0,0,NULL,1764110950,0,1535109519,0,NULL,NULL,NULL);
INSERT INTO DriverSessions VALUES(188,7,6,0,16,'ossidrei93',1,NULL,'Sauber',0,0,0,0,NULL,0,NULL,0,0,0,0,0,0,0,0,0,0,0,0,NULL,0,0,0,NULL,1764110955,0,1535109519,0,NULL,NULL,NULL);
INSERT INTO DriverSessions VALUES(189,7,7,0,18,'LankyBrown5515',10,NULL,'Williams',0,0,0,0,NULL,0,NULL,0,0,0,0,0,0,0,0,0,0,0,0,NULL,0,0,0,NULL,1764110959,0,1535109519,0,NULL,NULL,NULL);
INSERT INTO DriverSessions VALUES(190,7,8,8,10,'AlexG_IV2',3,NULL,'Alpine',0,0,0,0,NULL,0,NULL,0,0,0,0,0,0,0,0,0,0,0,0,NULL,0,0,0,NULL,1764110965,1764111507,1535109519,1535109519,NULL,NULL,NULL);
INSERT INTO DriverSessions VALUES(191,7,9,9,19,'ActionRik',8,NULL,'Mercedes',0,0,0,0,NULL,0,NULL,0,0,0,0,0,0,0,0,0,0,0,0,NULL,0,0,0,NULL,1764110969,1764111511,1535109519,1535109519,NULL,NULL,NULL);
INSERT INTO DriverSessions VALUES(192,7,10,10,13,'JillsValentine',9,NULL,'Red Bull',0,0,0,0,NULL,0,NULL,0,0,0,0,0,0,0,0,0,0,0,0,NULL,0,0,0,NULL,1764110972,1764111517,1535109519,1535109519,NULL,NULL,NULL);
INSERT INTO DriverSessions VALUES(193,7,11,11,21,'akosin',3,NULL,'Alpine',2,0,0,0,NULL,0,0,0,0,0,0,0,0,0,0,0,0,0,0,NULL,0,0,0,NULL,1764110976,1764111602,1535109519,1535109519,NULL,NULL,NULL);
INSERT INTO DriverSessions VALUES(194,7,12,12,24,'OllieBowers',5,NULL,'Ferrari',2,0,0,0,NULL,0,NULL,0,0,0,0,0,0,0,0,0,0,0,0,NULL,0,0,0,NULL,1764110981,1764111599,1535109519,1535109519,NULL,NULL,NULL);
INSERT INTO DriverSessions VALUES(195,7,13,13,14,'maxi0903',1,NULL,'Sauber',0,0,0,0,NULL,0,NULL,0,0,0,0,0,0,0,0,0,0,0,0,NULL,0,0,0,NULL,1764110989,1764111597,1535109519,1535109519,NULL,NULL,NULL);
INSERT INTO DriverSessions VALUES(196,7,14,0,17,'BazokaJo',6,NULL,'Haas',0,0,0,0,NULL,0,NULL,0,0,0,0,0,0,0,0,0,0,0,0,NULL,0,0,0,NULL,1764110994,0,1535109519,0,NULL,NULL,NULL);
INSERT INTO DriverSessions VALUES(197,7,15,0,22,'Marcellio',5,NULL,'Ferrari',0,0,0,0,NULL,0,NULL,0,0,0,0,0,0,0,0,0,0,0,0,NULL,0,0,0,NULL,1764111018,0,1535109519,0,NULL,NULL,NULL);
INSERT INTO DriverSessions VALUES(198,7,16,0,23,'HarleyJL18',7,NULL,'McLaren',0,0,0,0,NULL,0,NULL,0,0,0,0,0,0,0,0,0,0,0,0,NULL,0,0,0,NULL,1764111021,0,1535109519,0,NULL,NULL,NULL);
INSERT INTO DriverSessions VALUES(199,7,17,0,25,'XtraDavido',2,NULL,'Racing Bulls',0,0,0,0,NULL,0,NULL,0,0,0,0,0,0,0,0,0,0,0,0,NULL,0,0,0,NULL,1764111027,0,1535109519,0,NULL,NULL,NULL);
INSERT INTO DriverSessions VALUES(200,7,18,0,26,'NemesisVR69',7,NULL,'McLaren',2,0,0,0,NULL,0,NULL,0,0,0,0,0,0,0,0,0,0,0,0,NULL,0,0,0,NULL,1764111034,1764111037,1535109519,1535109519,NULL,NULL,NULL);
INSERT INTO DriverSessions VALUES(201,12,1,0,28,'edwinlfc',5,NULL,'Ferrari',0,0,0,0,NULL,0,NULL,0,0,0,0,0,0,0,0,0,0,0,0,NULL,0,0,0,NULL,1764111763,0,1535109519,0,NULL,NULL,NULL);
INSERT INTO DriverSessions VALUES(202,12,2,0,12,'DcViiral',9,NULL,'Red Bull',0,0,0,0,NULL,0,NULL,0,0,0,0,0,0,0,0,0,0,0,0,NULL,0,0,0,NULL,1764111766,0,1535109519,0,NULL,NULL,NULL);
INSERT INTO DriverSessions VALUES(203,12,3,0,29,'Flavours',6,NULL,'Haas',0,0,0,0,NULL,0,NULL,0,0,0,0,0,0,0,0,0,0,0,0,NULL,0,0,0,NULL,1764111768,0,1535109519,0,NULL,NULL,NULL);
INSERT INTO DriverSessions VALUES(204,12,4,0,20,'Mihai',10,NULL,'Williams',0,0,0,0,NULL,0,NULL,0,0,0,0,0,0,0,0,0,0,0,0,NULL,0,0,0,NULL,1764111772,0,1535109519,0,NULL,NULL,NULL);
INSERT INTO DriverSessions VALUES(205,12,5,0,14,'maxi0903',1,NULL,'Sauber',0,0,0,0,NULL,0,NULL,0,0,0,0,0,0,0,0,0,0,0,0,NULL,0,0,0,NULL,1764111776,0,1535109519,0,NULL,NULL,NULL);
INSERT INTO DriverSessions VALUES(206,12,6,0,8,'owise11',8,NULL,'Mercedes',0,0,0,0,NULL,0,NULL,0,0,0,0,0,0,0,0,0,0,0,0,NULL,0,0,0,NULL,1764111779,0,1535109519,0,NULL,NULL,NULL);
INSERT INTO DriverSessions VALUES(207,12,7,0,18,'LankyBrown5515',10,NULL,'Williams',0,0,0,0,NULL,0,NULL,0,0,0,0,0,0,0,0,0,0,0,0,NULL,0,0,0,NULL,1764111784,0,1535109519,0,NULL,NULL,NULL);
INSERT INTO DriverSessions VALUES(208,12,8,0,16,'ossidrei93',1,NULL,'Sauber',0,0,0,0,NULL,0,NULL,0,0,0,0,0,0,0,0,0,0,0,0,NULL,0,0,0,NULL,1764111788,0,1535109519,0,NULL,NULL,NULL);
INSERT INTO DriverSessions VALUES(209,12,9,0,21,'akosin',3,NULL,'Alpine',2,0,0,0,NULL,0,NULL,0,0,0,0,0,0,0,0,0,0,0,0,NULL,0,0,0,NULL,1764111791,1764111798,1535109519,1535109519,NULL,NULL,NULL);
INSERT INTO DriverSessions VALUES(210,12,10,0,13,'JillsValentine',9,NULL,'Red Bull',0,0,0,0,NULL,0,NULL,0,0,0,0,0,0,0,0,0,0,0,0,NULL,0,0,0,NULL,1764111794,0,1535109519,0,NULL,NULL,NULL);
INSERT INTO DriverSessions VALUES(211,12,11,0,17,'BazokaJo',6,NULL,'Haas',0,0,0,0,NULL,0,NULL,0,0,0,0,0,0,0,0,0,0,0,0,NULL,0,0,0,NULL,1764111804,0,1535109519,0,NULL,NULL,NULL);
INSERT INTO DriverSessions VALUES(212,12,12,0,9,'p1Xx',2,NULL,'Racing Bulls',0,0,0,0,NULL,0,NULL,0,0,0,0,0,0,0,0,0,0,0,0,NULL,0,0,0,NULL,1764111807,0,1535109519,0,NULL,NULL,NULL);
INSERT INTO DriverSessions VALUES(213,12,13,0,22,'Marcellio',5,NULL,'Ferrari',0,0,0,0,NULL,0,NULL,0,0,0,0,0,0,0,0,0,0,0,0,NULL,0,0,0,NULL,1764111810,0,1535109519,0,NULL,NULL,NULL);
INSERT INTO DriverSessions VALUES(214,12,14,0,23,'HarleyJL18',7,NULL,'McLaren',0,0,0,0,NULL,0,NULL,0,0,0,0,0,0,0,0,0,0,0,0,NULL,0,0,0,NULL,1764111813,0,1535109519,0,NULL,NULL,NULL);
INSERT INTO DriverSessions VALUES(215,12,15,0,19,'ActionRik',8,NULL,'Mercedes',0,0,0,0,NULL,0,NULL,0,0,0,0,0,0,0,0,0,0,0,0,NULL,0,0,0,NULL,1764111827,0,1535109519,0,NULL,NULL,NULL);
INSERT INTO DriverSessions VALUES(216,12,16,0,24,'OllieBowers',7,NULL,'McLaren',2,0,0,0,NULL,0,NULL,0,0,0,0,0,0,0,0,0,0,0,0,NULL,0,0,0,NULL,1764111829,1764111833,1535109519,1535109519,NULL,NULL,NULL);
INSERT INTO DriverSessions VALUES(231,14,1,0,12,'DcViiral',9,NULL,'Red Bull',0,0,0,0,NULL,0,NULL,0,0,0,0,0,0,0,0,0,0,0,0,NULL,0,0,0,NULL,1764112030,0,1535109519,0,NULL,NULL,NULL);
INSERT INTO DriverSessions VALUES(232,14,2,0,28,'edwinlfc',5,NULL,'Ferrari',0,0,0,0,NULL,0,NULL,0,0,0,0,0,0,0,0,0,0,0,0,NULL,0,0,0,NULL,1764112032,0,1535109519,0,NULL,NULL,NULL);
INSERT INTO DriverSessions VALUES(233,14,3,0,14,'maxi0903',1,NULL,'Sauber',0,0,0,0,NULL,0,NULL,0,0,0,0,0,0,0,0,0,0,0,0,NULL,0,0,0,NULL,1764112036,0,1535109519,0,NULL,NULL,NULL);
INSERT INTO DriverSessions VALUES(234,14,4,0,20,'Mihai',10,NULL,'Williams',0,0,0,0,NULL,0,NULL,0,0,0,0,0,0,0,0,0,0,0,0,NULL,0,0,0,NULL,1764112039,0,1535109519,0,NULL,NULL,NULL);
INSERT INTO DriverSessions VALUES(235,14,5,0,29,'Flavours',6,NULL,'Haas',0,0,0,0,NULL,0,NULL,0,0,0,0,0,0,0,0,0,0,0,0,NULL,0,0,0,NULL,1764112041,0,1535109519,0,NULL,NULL,NULL);
INSERT INTO DriverSessions VALUES(236,14,6,0,16,'ossidrei93',1,NULL,'Sauber',0,0,0,0,NULL,0,NULL,0,0,0,0,0,0,0,0,0,0,0,0,NULL,0,0,0,NULL,1764112046,0,1535109519,0,NULL,NULL,NULL);
INSERT INTO DriverSessions VALUES(237,14,7,0,17,'BazokaJo',6,NULL,'Haas',0,0,0,0,NULL,0,NULL,0,0,0,0,0,0,0,0,0,0,0,0,NULL,0,0,0,NULL,1764112049,0,1535109519,0,NULL,NULL,NULL);
INSERT INTO DriverSessions VALUES(238,14,8,0,18,'LankyBrown5515',10,NULL,'Williams',0,0,0,0,NULL,0,NULL,0,0,0,0,0,0,0,0,0,0,0,0,NULL,0,0,0,NULL,1764112053,0,1535109519,0,NULL,NULL,NULL);
INSERT INTO DriverSessions VALUES(239,14,9,0,8,'owise11',8,NULL,'Mercedes',0,0,0,0,NULL,0,NULL,0,0,0,0,0,0,0,0,0,0,0,0,NULL,0,0,0,NULL,1764112056,0,1535109519,0,NULL,NULL,NULL);
INSERT INTO DriverSessions VALUES(240,14,10,0,9,'p1Xx',2,NULL,'Racing Bulls',0,0,0,0,NULL,0,NULL,0,0,0,0,0,0,0,0,0,0,0,0,NULL,0,0,0,NULL,1764112063,0,1535109519,0,NULL,NULL,NULL);
INSERT INTO DriverSessions VALUES(241,14,11,0,21,'akosin',3,NULL,'Alpine',2,0,0,0,NULL,0,NULL,0,0,0,0,0,0,0,0,0,0,0,0,NULL,0,0,0,NULL,1764112067,1764112071,1535109519,1535109519,NULL,NULL,NULL);
INSERT INTO DriverSessions VALUES(242,14,12,0,19,'ActionRik',8,NULL,'Mercedes',0,0,0,0,NULL,0,NULL,0,0,0,0,0,0,0,0,0,0,0,0,NULL,0,0,0,NULL,1764112075,0,1535109519,0,NULL,NULL,NULL);
INSERT INTO DriverSessions VALUES(243,14,13,0,22,'Marcellio',5,NULL,'Ferrari',0,0,0,0,NULL,0,NULL,0,0,0,0,0,0,0,0,0,0,0,0,NULL,0,0,0,NULL,1764112080,0,1535109519,0,NULL,NULL,NULL);
INSERT INTO DriverSessions VALUES(244,14,14,0,13,'JillsValentine',9,NULL,'Red Bull',0,0,0,0,NULL,0,NULL,0,0,0,0,0,0,0,0,0,0,0,0,NULL,0,0,0,NULL,1764112084,0,1535109519,0,NULL,NULL,NULL);
INSERT INTO DriverSessions VALUES(245,14,15,0,23,'HarleyJL18',7,NULL,'McLaren',0,2,0,0,NULL,0,NULL,0,0,0,0,0,0,0,0,0,0,0,0,NULL,0,0,0,NULL,1764112088,1764112095,1535109519,1535109519,NULL,NULL,NULL);
INSERT INTO DriverSessions VALUES(246,14,16,0,24,'OllieBowers',7,NULL,'McLaren',2,2,0,0,NULL,0,NULL,0,0,0,0,0,0,0,0,0,0,0,0,NULL,0,0,0,NULL,1764112091,1764112096,1535109519,1535109519,NULL,NULL,NULL);
INSERT INTO DriverSessions VALUES(247,17,1,0,NULL,'',4,NULL,'Aston Martin',2,0,0,0,'3:1,3:2,3:3',73026,3,4,15,0,0,0,0,0,0,0,1,32,228,'Borbodinio',8,0,0,X'010a1e080110031a0408dcc004220408d488012a0408cd8302320408bab401380f0a1c080210031a0408cbc304220408b288012a04088c82023204088cb9010a1e080310031a040893d304220408a092012a0408b28a02320408c0b601380f0a1e080410031a0408c2ba04220408d987012a0408b58102320408b3b101380f0a1e080510031a0408a6d0042204089e88012a0408ac8702320408dbc001380f0a1e080610031a0408fee604220408e892012a0408ff940232040896bf01380f0a1c08071a0408bfbd04220408ff87012a0408f08202320408d0b201380f12001a0020b70228003000',1764187084,0,1535109519,0,8,NULL,NULL);
INSERT INTO DriverSessions VALUES(248,17,2,0,4,'the_real_Sulli',2,NULL,'Racing Bulls',2,0,0,0,'3:3,3:3',73027,NULL,7,15,0,0,0,0,0,0,0,1,26,108,'the_real_Sulli',8,0,0,X'010a1e080110031a0408ccbf04220408fd89012a0408c483023204088ab201380f0a1e080210031a0408b5e904220408a798012a0408cf9702320408beb901380f0a1e080310031a0408dde104220408f598012a0408819002320408e5b801380f0a1e080410031a040891bd04220408d488012a0408838302320408b9b101380f0a1e080510031a0408fabc042204088789012a0408968202320408dcb101380f0a1e080610031a0408f6fe05220408c7a2012a0408a0cb023204088e9102380f0a1c08071a0408c3ba042204088f88012a0408d18302320408e1ae01380f12001a0020b80228003000',1764187084,0,1535109519,0,5,NULL,NULL);
INSERT INTO DriverSessions VALUES(249,17,3,0,NULL,'',8,NULL,'Mercedes',2,0,0,0,'3:1,3:3,3:2',73120,3,5,15,0,0,0,0,0,0,0,1,97,228,'Pub_Dogg',8,0,0,X'010a1e080110031a04089fbf04220408e388012a0408bc840232040880b201380f0a1e080210031a040887e804220408e390012a0408ba8d02320408e9c901380f0a1e080310031a0408e9cb04220408c989012a0408fb8402320408a4bd01380f0a1e080410031a0408d3d5042204089a90012a0408ee8a02320408caba01380f0a1e080510031a0408a0bb04220408d688012a04088b8202320408beb001380f0a1e080610031a0408fd8405220408c49e012a04088e8d02320408a9d901380f0a1a08071a0408d8c804220408cd88012a0408c08702320408cab80112001a0020b30228003000',1764187084,0,1535109519,0,7,NULL,NULL);
INSERT INTO DriverSessions VALUES(250,17,4,0,2,'CUCCO_7',5,NULL,'Ferrari',2,0,0,0,'3:3,3:3,0:1',73242,3,3,15,0,0,0,0,0,0,0,1,46,108,'CUCCO_7',6,0,0,X'010a1e080110031a0408b1c204220408b089012a0408ad8402320408d3b401380f0a1e080210031a0408f6d404220408f991012a0408988a02320408e4b801380f0a1e080310031a04089abc04220408a387012a0408c58102320408b1b301380f0a1e080410031a0408ed82052204089a90012a0408e09102320408f3e001380f0a1e080510031a0408ccbf04220408a688012a0408af8502320408f6b101380f12001a0020bc0228003000',1764187084,0,1535109519,0,9,NULL,NULL);
INSERT INTO DriverSessions VALUES(251,17,5,0,3,'seanmul10',5,NULL,'Ferrari',2,0,0,0,'3:4,3:2',73245,3,6,15,0,0,0,0,0,0,0,1,72,190,'seanmul10',10,0,0,X'010a1c080110031a0408b1d004220408e28e012a0408f38802320408dbb8010a1e080210031a0408f7c304220408ea8a012a0408af8402320408ddb401380f0a1e080310031a040881c904220408de8b012a0408d58302320408cdb901380f0a1e080410031a0408cad904220408fb92012a0408f38e02320408dcb701380f0a1e080510031a0408bcc004220408ae89012a040886840232040886b301380f0a1e080610031a04089dbc04220408c088012a04089a8202320408c1b101380f0a1c08071a0408e08a05220408ee92012a0408fab502320408f6c101380f0a1c08081a0408f8de04220408b293012a0408af900232040896bb01380f0a1c08091a0408dfbc04220408c788012a0408df8202320408b8b101380f12001a0020b80228003000',1764187084,0,1535109519,0,11,NULL,NULL);
INSERT INTO DriverSessions VALUES(252,17,6,0,18,'LankyBrown5515',6,NULL,'Haas',2,0,0,0,'3:4,3:2',73337,3,5,15,0,0,0,0,0,0,0,1,84,228,'Utente',9,0,0,X'010a1e080110031a0408a6c8042204089d8c012a04089e8602320408eab501380f0a1e080210031a0408d4c004220408e689012a0408d7830232040896b301380f0a1e080310031a0408b3bf04220408b689012a0408858302320408f6b201380f0a1e080410031a0408c18605220408d3a7012a0408b3a702320408bbb701380f0a1e080510031a0408f9bc042204088788012a0408ed810232040884b301380f0a1e080610031a0408d7fb04220408fa87012a0408979302320408c5e001380f0a1c08071a0408bcf504220408e499012a0408e3a002320408f4ba01380f0a1c08081a0408bebf04220408dc88012a0408fa8202320408e7b301380f12001a0020b60228003000',1764187084,0,1535109519,0,12,NULL,NULL);
INSERT INTO DriverSessions VALUES(253,17,7,0,16,'ossidrei93',1,NULL,'Sauber',2,0,0,0,'3:6',73571,3,6,15,0,0,0,0,0,0,0,1,32,14,'ossidrei93',7,0,0,X'010a1e080110031a0408a2bf042204088389012a0408ca8402320408d5b101380f0a1c080210031a04088fd8042204088095012a0408ff8c023204088eb6010a1c080310031a0408b3d304220408ed8d012a04089a8e02320408aab7010a1c080410031a040887d004220408fa87012a0408a48b02320408e8bc010a1e080510031a0408e89505220408f491012a0408c6a902320408adda01380f0a1e080610031a0408e3be04220408cb8a012a0408bd8202320408d9b101380f12001a0020b60228003000',1764187084,0,1535109519,0,10,NULL,NULL);
INSERT INTO DriverSessions VALUES(254,17,8,0,1,'BSGabry_',6,NULL,'Haas',2,0,0,0,'3:1,3:1,3:2',73590,3,3,15,0,0,0,0,0,0,0,1,8,108,'BSGabry_',4,0,0,X'010a1e080110031a0408b8c604220408f889012a0408c88602320408f7b501380f0a1e080210031a04088cc304220408d188012a0408e18502320408dab401380f0a1e080310031a0408f6be04220408b087012a0408848302320408c1b401380f12001a0020bb0228003000',1764187084,0,1535109519,0,13,NULL,NULL);
INSERT INTO DriverSessions VALUES(255,17,9,0,NULL,'',7,NULL,'McLaren',2,0,0,0,'3:3,3:3',73592,3,4,15,0,0,0,0,0,0,0,1,77,14,'maxl0903',10,0,0,X'010a1c080110031a040890e004220408bd88012a0408ad8e02320408a6c9010a1e080210031a0408bcc304220408e189012a0408fb8402320408deb401380f0a1e080310031a04089eef04220408ab99012a0408859802320408edbd01380f0a1e080410031a0408f8be042204089888012a0408c382023204089bb401380f0a1c080510031a0408eedc04220408fc8f012a0408bf8f02320408b2bd010a1c080610031a0408df8006220408ee87012a0408dda40232040893d4020a1c08071a040896cf042204088188012a0408fc860232040898c001380f0a1c08081a0408da8705220408ab9e012a04088da102320408a1c801380f0a1c08091a0408c5bf04220408be87012a0408da8402320408acb301380f12001a0020bf0228003000',1764187084,0,1535109519,0,6,NULL,NULL);
INSERT INTO DriverSessions VALUES(256,17,10,0,8,'owise11',10,NULL,'Williams',2,0,0,0,'3:6',73719,3,5,15,0,0,0,0,0,0,0,1,41,230,'owise11',9,0,0,X'010a1e080110031a040896c504220408c98a012a0408df8502320408eeb401380f0a1e080210031a0408b1d904220408c594012a0408ba8b02320408b0b901380f0a1e080310031a040895c204220408c689012a0408ac8402320408a2b401380f0a1e080410031a0408dbec04220408a890012a04088fa402320408a4b801380f0a1e080510031a0408f7bf04220408b989012a0408fd8202320408c0b301380f0a1e080610031a040891d804220408f48f012a0408cf8d02320408cdba01380f0a1c08071a0408e7e004220408d38b012a0408c48e02320408d0c601380f0a1a08081a0408e08d05220408dcc8012a0408928e02320408f2b60112001a0020b60228003000',1764187084,0,1535109519,0,0,NULL,NULL);
INSERT INTO DriverSessions VALUES(257,17,11,0,17,'BazokaJo',8,NULL,'Mercedes',2,0,0,0,'3:6,3:1',73855,3,7,15,0,0,0,0,0,0,0,1,86,83,'BazokaJo',9,0,0,X'010a1e080110031a04088ccb04220408d78b012a0408bb8702320408f9b701380f0a1e080210031a0408b6de04220408f491012a0408ae900232040894bc01380f0a1e080310031a040894c704220408a78b012a0408e8860232040884b501380f0a1c080410031a0408ccdc04220408cf8f012a0408d09002320408adbc010a1e080510031a0408efc504220408c989012a040891880232040894b401380f0a1e080610031a0408c1df042204088892012a0408d29102320408e6bb01380f0a1e080710031a0408ffc004220408ab89012a0408b984023204089bb301380f0a1c08081a0408ace004220408eb91012a0408c48d02320408fcc001380f0a1408091a00220408b48b012a0408a7e5023200380f12001a0020b70228003000',1764187084,0,1535109519,0,3,NULL,NULL);
INSERT INTO DriverSessions VALUES(258,17,12,0,27,'PhantomFox456',1,NULL,'Sauber',2,0,0,0,'3:4',73929,3,3,15,0,0,0,0,0,0,0,1,19,228,'Utente',4,0,0,X'010a1e080110031a0408dcc204220408be89012a04088e85023204088fb401380f0a1e080210031a0408d2d504220408f78f012a0408a98d02320408b1b801380f0a1e080310031a0408c9c104220408c987012a0408c08402320408bfb501380f12001a0020b80228003000',1764187084,0,1535109519,0,19,NULL,NULL);
INSERT INTO DriverSessions VALUES(259,17,13,0,NULL,'',7,NULL,'McLaren',2,0,0,0,'3:2,3:1,3:3',74216,3,4,15,0,0,0,0,0,0,0,1,26,86,'Dimitris Stavroulis',7,0,0,X'010a1c080110031a0408ddcb04220408ab8a012a0408878902320408abb8010a1e080210031a0408c6e904220408a599012a04088e950232040892bb01380f0a1e080310031a0408fac404220408c389012a0408b98502320408fdb501380f0a1e080410031a0408e8c3042204088a8b012a0408a18502320408bcb301380f0a1e080510031a0408ac85052204089b88012a0408fb880232040895f401380f0a1e080610031a0408f1c504220408db89012a0408a98802320408ecb301380f12001a0020bb0228003000',1764187084,0,1535109519,0,1,NULL,NULL);
INSERT INTO DriverSessions VALUES(260,17,14,0,9,'p1Xx',2,NULL,'Racing Bulls',2,0,0,0,'3:1,3:1,3:2',74290,3,3,15,0,0,0,0,0,0,0,1,41,58,'p1Xx Retardmaxxing',4,0,0,X'010a1e080110031a0408c4c504220408b488012a0408d58502320408bab701380f0a1c080210031a0408bae005220408828a012a0408c0d502320408f780020a1e080310031a0408b2c404220408b589012a0408838502320408f9b501380f12001a0020b90228003000',1764187084,0,1535109519,0,4,NULL,NULL);
INSERT INTO DriverSessions VALUES(261,17,15,0,21,'akosin',10,NULL,'Williams',2,0,0,0,'3:1,3:2,3:3',75386,3,1,15,0,0,0,0,0,0,0,1,77,228,'akosin',6,0,0,X'010a1e080110031a0408facc04220408808b012a0408958902320408e4b801380f0a1e080210031a0408e9f604220408a98b012a0408879302320408b9d801380f0a1c080310031a0408ced604220408f98d012a0408fc8d02320408d8ba010a1c080410031a0408eac904220408aa8a012a0408fa8702320408c5b7010a1c080510031a040884de04220408c08c012a0408fb8602320408c8ca0112001a0020b50228003000',1764187084,0,1535109519,0,2,NULL,NULL);
INSERT INTO DriverSessions VALUES(262,15,1,0,31,'Borbodinio',4,NULL,'Aston Martin',0,0,0,0,'3:1,3:2,3:3',73026,3,4,15,0,0,0,0,0,0,0,1,32,228,'Borbodinio',8,0,0,X'010a1e080110031a0408dcc004220408d488012a0408cd8302320408bab401380f0a1c080210031a0408cbc304220408b288012a04088c82023204088cb9010a1e080310031a040893d304220408a092012a0408b28a02320408c0b601380f0a1e080410031a0408c2ba04220408d987012a0408b58102320408b3b101380f0a1e080510031a0408a6d0042204089e88012a0408ac8702320408dbc001380f0a1e080610031a0408fee604220408e892012a0408ff940232040896bf01380f0a1c08071a0408bfbd04220408ff87012a0408f08202320408d0b201380f12001a0020b70228003000',1764186544,1764193147,1535109519,1535109519,8,X'01',NULL);
INSERT INTO DriverSessions VALUES(263,15,2,0,4,'the_real_Sulli',2,NULL,'Racing Bulls',2,0,0,0,'3:3,3:3',73027,NULL,7,15,0,0,0,0,0,0,0,1,26,108,'the_real_Sulli',8,0,0,X'010a1e080110031a0408ccbf04220408fd89012a0408c483023204088ab201380f0a1e080210031a0408b5e904220408a798012a0408cf9702320408beb901380f0a1e080310031a0408dde104220408f598012a0408819002320408e5b801380f0a1e080410031a040891bd04220408d488012a0408838302320408b9b101380f0a1e080510031a0408fabc042204088789012a0408968202320408dcb101380f0a1e080610031a0408f6fe05220408c7a2012a0408a0cb023204088e9102380f0a1c08071a0408c3ba042204088f88012a0408d18302320408e1ae01380f12001a0020b80228003000',1764187111,0,1535109519,0,5,X'01',NULL);
INSERT INTO DriverSessions VALUES(264,15,3,0,5,'Pub_Dogg',8,NULL,'Mercedes',0,0,0,0,'3:1,3:3,3:2',73120,3,5,15,0,0,0,0,0,0,0,1,97,228,'Pub_Dogg',8,0,0,X'010a1e080110031a04089fbf04220408e388012a0408bc840232040880b201380f0a1e080210031a040887e804220408e390012a0408ba8d02320408e9c901380f0a1e080310031a0408e9cb04220408c989012a0408fb8402320408a4bd01380f0a1e080410031a0408d3d5042204089a90012a0408ee8a02320408caba01380f0a1e080510031a0408a0bb04220408d688012a04088b8202320408beb001380f0a1e080610031a0408fd8405220408c49e012a04088e8d02320408a9d901380f0a1a08071a0408d8c804220408cd88012a0408c08702320408cab80112001a0020b30228003000',1764186544,1764193151,1535109519,1535109519,7,X'01',NULL);
INSERT INTO DriverSessions VALUES(265,15,4,0,2,'CUCCO_7',5,NULL,'Ferrari',0,0,0,0,'3:3,3:3,0:1',73242,3,3,15,0,0,0,0,0,0,0,1,46,108,'CUCCO_7',6,0,0,X'010a1e080110031a0408b1c204220408b089012a0408ad8402320408d3b401380f0a1e080210031a0408f6d404220408f991012a0408988a02320408e4b801380f0a1e080310031a04089abc04220408a387012a0408c58102320408b1b301380f0a1e080410031a0408ed82052204089a90012a0408e09102320408f3e001380f0a1e080510031a0408ccbf04220408a688012a0408af8502320408f6b101380f12001a0020bc0228003000',1764187111,0,1535109519,0,9,X'01',NULL);
INSERT INTO DriverSessions VALUES(266,15,5,0,3,'seanmul10',5,NULL,'Ferrari',0,0,0,0,'3:4,3:2',73245,3,6,15,0,0,0,0,0,0,0,1,72,190,'seanmul10',10,0,0,X'010a1c080110031a0408b1d004220408e28e012a0408f38802320408dbb8010a1e080210031a0408f7c304220408ea8a012a0408af8402320408ddb401380f0a1e080310031a040881c904220408de8b012a0408d58302320408cdb901380f0a1e080410031a0408cad904220408fb92012a0408f38e02320408dcb701380f0a1e080510031a0408bcc004220408ae89012a040886840232040886b301380f0a1e080610031a04089dbc04220408c088012a04089a8202320408c1b101380f0a1c08071a0408e08a05220408ee92012a0408fab502320408f6c101380f0a1c08081a0408f8de04220408b293012a0408af900232040896bb01380f0a1c08091a0408dfbc04220408c788012a0408df8202320408b8b101380f12001a0020b80228003000',1764187111,0,1535109519,0,11,X'01',NULL);
INSERT INTO DriverSessions VALUES(267,15,6,0,18,'LankyBrown5515',6,NULL,'Haas',0,0,0,0,'3:4,3:2',73337,3,5,15,0,0,0,0,0,0,0,1,84,228,'Utente',9,0,0,X'010a1e080110031a0408a6c8042204089d8c012a04089e8602320408eab501380f0a1e080210031a0408d4c004220408e689012a0408d7830232040896b301380f0a1e080310031a0408b3bf04220408b689012a0408858302320408f6b201380f0a1e080410031a0408c18605220408d3a7012a0408b3a702320408bbb701380f0a1e080510031a0408f9bc042204088788012a0408ed810232040884b301380f0a1e080610031a0408d7fb04220408fa87012a0408979302320408c5e001380f0a1c08071a0408bcf504220408e499012a0408e3a002320408f4ba01380f0a1c08081a0408bebf04220408dc88012a0408fa8202320408e7b301380f12001a0020b60228003000',1764187111,0,1535109519,0,12,X'01',NULL);
INSERT INTO DriverSessions VALUES(268,15,7,0,16,'ossidrei93',1,NULL,'Sauber',0,0,0,0,'3:6',73571,3,6,15,0,0,0,0,0,0,0,1,32,14,'ossidrei93',7,0,0,X'010a1e080110031a0408a2bf042204088389012a0408ca8402320408d5b101380f0a1c080210031a04088fd8042204088095012a0408ff8c023204088eb6010a1c080310031a0408b3d304220408ed8d012a04089a8e02320408aab7010a1c080410031a040887d004220408fa87012a0408a48b02320408e8bc010a1e080510031a0408e89505220408f491012a0408c6a902320408adda01380f0a1e080610031a0408e3be04220408cb8a012a0408bd8202320408d9b101380f12001a0020b60228003000',1764187111,0,1535109519,0,10,X'01',NULL);
INSERT INTO DriverSessions VALUES(269,15,8,0,1,'BSGabry_',6,NULL,'Haas',0,0,0,0,'3:1,3:1,3:2',73590,3,3,15,0,0,0,0,0,0,0,1,8,108,'BSGabry_',4,0,0,X'010a1e080110031a0408b8c604220408f889012a0408c88602320408f7b501380f0a1e080210031a04088cc304220408d188012a0408e18502320408dab401380f0a1e080310031a0408f6be04220408b087012a0408848302320408c1b401380f12001a0020bb0228003000',1764187111,0,1535109519,0,13,X'01',NULL);
INSERT INTO DriverSessions VALUES(270,15,9,0,14,'maxi0903',7,NULL,'McLaren',0,0,0,0,'3:3,3:3',73592,3,4,15,0,0,0,0,0,0,0,1,77,14,'maxl0903',10,0,0,X'010a1c080110031a040890e004220408bd88012a0408ad8e02320408a6c9010a1e080210031a0408bcc304220408e189012a0408fb8402320408deb401380f0a1e080310031a04089eef04220408ab99012a0408859802320408edbd01380f0a1e080410031a0408f8be042204089888012a0408c382023204089bb401380f0a1c080510031a0408eedc04220408fc8f012a0408bf8f02320408b2bd010a1c080610031a0408df8006220408ee87012a0408dda40232040893d4020a1c08071a040896cf042204088188012a0408fc860232040898c001380f0a1c08081a0408da8705220408ab9e012a04088da102320408a1c801380f0a1c08091a0408c5bf04220408be87012a0408da8402320408acb301380f12001a0020bf0228003000',1764186544,1764193176,1535109519,1535109519,6,X'01',NULL);
INSERT INTO DriverSessions VALUES(271,15,10,0,8,'owise11',10,NULL,'Williams',0,0,0,0,'3:6',73719,3,5,15,0,0,0,0,0,0,0,1,41,230,'owise11',9,0,0,X'010a1e080110031a040896c504220408c98a012a0408df8502320408eeb401380f0a1e080210031a0408b1d904220408c594012a0408ba8b02320408b0b901380f0a1e080310031a040895c204220408c689012a0408ac8402320408a2b401380f0a1e080410031a0408dbec04220408a890012a04088fa402320408a4b801380f0a1e080510031a0408f7bf04220408b989012a0408fd8202320408c0b301380f0a1e080610031a040891d804220408f48f012a0408cf8d02320408cdba01380f0a1c08071a0408e7e004220408d38b012a0408c48e02320408d0c601380f0a1a08081a0408e08d05220408dcc8012a0408928e02320408f2b60112001a0020b60228003000',1764187111,0,1535109519,0,0,X'01',NULL);
INSERT INTO DriverSessions VALUES(272,15,11,0,17,'BazokaJo',8,NULL,'Mercedes',0,0,0,0,'3:6,3:1',73855,3,7,15,0,0,0,0,0,0,0,1,86,83,'BazokaJo',9,0,0,X'010a1e080110031a04088ccb04220408d78b012a0408bb8702320408f9b701380f0a1e080210031a0408b6de04220408f491012a0408ae900232040894bc01380f0a1e080310031a040894c704220408a78b012a0408e8860232040884b501380f0a1c080410031a0408ccdc04220408cf8f012a0408d09002320408adbc010a1e080510031a0408efc504220408c989012a040891880232040894b401380f0a1e080610031a0408c1df042204088892012a0408d29102320408e6bb01380f0a1e080710031a0408ffc004220408ab89012a0408b984023204089bb301380f0a1c08081a0408ace004220408eb91012a0408c48d02320408fcc001380f0a1408091a00220408b48b012a0408a7e5023200380f12001a0020b70228003000',1764187111,0,1535109519,0,3,X'01',NULL);
INSERT INTO DriverSessions VALUES(273,15,12,0,27,'PhantomFox456',1,NULL,'Sauber',0,0,0,0,'3:4',73929,3,3,15,0,0,0,0,0,0,0,1,19,228,'Utente',4,0,0,X'010a1e080110031a0408dcc204220408be89012a04088e85023204088fb401380f0a1e080210031a0408d2d504220408f78f012a0408a98d02320408b1b801380f0a1e080310031a0408c9c104220408c987012a0408c08402320408bfb501380f12001a0020b80228003000',1764187111,0,1535109519,0,19,X'01',NULL);
INSERT INTO DriverSessions VALUES(274,15,13,0,7,'Dimitris Stavroulis',7,NULL,'McLaren',2,0,0,0,'3:2,3:1,3:3',74216,3,4,15,0,0,0,0,0,0,0,1,26,86,'Dimitris Stavroulis',7,0,0,X'010a1c080110031a0408ddcb04220408ab8a012a0408878902320408abb8010a1e080210031a0408c6e904220408a599012a04088e950232040892bb01380f0a1e080310031a0408fac404220408c389012a0408b98502320408fdb501380f0a1e080410031a0408e8c3042204088a8b012a0408a18502320408bcb301380f0a1e080510031a0408ac85052204089b88012a0408fb880232040895f401380f0a1e080610031a0408f1c504220408db89012a0408a98802320408ecb301380f12001a0020bb0228003000',1764186544,1764193180,1535109519,1535109519,1,X'01',NULL);
INSERT INTO DriverSessions VALUES(275,15,14,0,9,'p1Xx',2,NULL,'Racing Bulls',0,0,0,0,'3:1,3:1,3:2',74290,3,3,15,0,0,0,0,0,0,0,1,41,58,'p1Xx Retardmaxxing',4,0,0,X'010a1e080110031a0408c4c504220408b488012a0408d58502320408bab701380f0a1c080210031a0408bae005220408828a012a0408c0d502320408f780020a1e080310031a0408b2c404220408b589012a0408838502320408f9b501380f12001a0020b90228003000',1764187111,0,1535109519,0,4,X'01',NULL);
INSERT INTO DriverSessions VALUES(276,15,15,0,21,'akosin',10,NULL,'Williams',2,0,0,0,'3:1,3:2,3:3',75386,3,1,15,0,0,0,0,0,0,0,1,77,228,'akosin',6,0,0,X'010a1e080110031a0408facc04220408808b012a0408958902320408e4b801380f0a1e080210031a0408e9f604220408a98b012a0408879302320408b9d801380f0a1c080310031a0408ced604220408f98d012a0408fc8d02320408d8ba010a1c080410031a0408eac904220408aa8a012a0408fa8702320408c5b7010a1c080510031a040884de04220408c08c012a0408fb8602320408c8ca0112001a0020b50228003000',1764187111,0,1535109519,0,2,X'01',NULL);
INSERT INTO DriverSessions VALUES(277,18,1,0,1,'BSGabry_',6,NULL,'Haas',2,0,0,0,'1:9,2:12,2:15',66670,2,24,15,0,0,0,0,0,0,0,1,8,108,'BSGabry_',36,0,0,X'010a1e080110011a0408e8b504220408ffa2012a0408deef013204088aa301380f0a1e080210011a0408d98f04220408d781012a0408b6ed01320408cca001380f0a1d080310011a0408ab9b04220308fb7e2a04089cf70132040893a501380f0a1e080410011a0408f99d04220408ec82012a0408fdf3013204088fa701380f0a1e080510011a0408faa204220408a483012a0408e4fa01320408f2a401380f0a1e080610011a0408d1a104220408a484012a040894fa0132040898a301380f0a1e080710011a0408d49704220408b682012a0408a9f101320408f4a301380f0a1e080810011a0408839c04220408b186012a0408def101320408f3a301380f0a1e080910011a04088c9804220408e683012a040882f001320408a3a401380f0a1e080a10021a040886b304220408a084012a0408c6f2013204089fbc01380f0a1e080b10021a04088b8605220408d9f8012a0408edec01320408c5a001380f0a1e080c10021a0408808d042204089083012a0408b3eb01320408bd9e01380f0a1e080d10021a0408d88c04220408a280012a0408f8eb01320408bda001380f0a1e080e10021a0408cf9804220408e084012a040887ee01320408e7a501380f0a1e080f10021a0408f08d042204089381012a040885ec01320408d7a001380f0a1e081010021a04089c95042204089785012a0408bdee01320408c7a101380f0a1e081110021a0408e69604220408d385012a0408faed0132040899a301380f0a1e081210021a0408f59104220408fd83012a04089eed01320408d9a001380f0a1e081310021a0408a59004220408f983012a0408e7ec01320408c59f01380f0a1e081410021a0408819704220408e282012a0408e7f301320408b7a001380f0a1e081510021a04088c9804220408bf83012a0408fdf301320408cfa001380f0a1e081610021a0408a9ae042204088483012a0408e4f101320408c0b901380f0a1e081710021a0408c284052204088ffa012a0408a9ec013204088a9e01380f0a1d081810021a0408ee8804220308c57f2a0408f5eb01320408b39d01380f0a1e081910021a0408cd8d04220408ed83012a0408c0eb01320408a09e01380f0a1e081a10021a0408c58a04220408fb81012a0408a4ea01320408a59e01380f0a1e081b10021a0408e58d04220408b982012a04089deb013204088da001380f0a1e081c10021a0408a38e04220408e782012a0408e3ec01320408d89e01380f0a1e081d10021a0408ba9004220408cd82012a0408bbee01320408b19f01380f0a1e081e10021a0408f08c04220408a080012a0408faeb01320408d6a001380f0a1e081f10021a0408c09604220408e785012a0408d7ef0132040881a101380f0a1e082010021a0408bc94042204088084012a040884ef01320408b7a101380f0a1e082110021a0408b39604220408b983012a0408b6f001320408c2a201380f0a1e082210021a0408e89304220408fa82012a0408ccef01320408a1a101380f0a1e082310021a0408d79b042204088885012a04089cf201320408b2a401380f0a1e082410021a0408849c04220408a582012a040897f001320408c7a901380f12800208011588152e401dc9649a3f200c2a19080c10011d3f0f4e432597ea0543280330063df9470e4350152a17080b1db4f35a432521651543280330063d0526c54350162a1b080e10011d983d6f42251b334642280630073d4bff2243502058202a1f080b10011de0ff4742258061fc41280c300d3d8058e94240024802500758082a1d080110011d50c97c4225a0330742280e300f3d104812434002500d58472a1f080710011de03a244225804ff941281830183d45b0eb42400248025005581c2a1f080810011da0c672422500c7f641281d301e3d7395fd4240024802501b58382a1d08051dc00e9c422580733842282130223d2e2bba4240024802502a584f1a9d020801158a562d3f1d0f108a3f20072a17080b1d28c5f041258e2bf341280330033db0272c40500e2a17080c1d609d20422593d02142280630063dd53d1142501d2a19080e1d11c27143256ad96843280330063db167a641501558162a1b080a10011da4287243255ed29a42280330073d465bfa3e5018581d2a1f080b10011de0e6e34225cac8b742281330153d5e840343400248025022581b2a1f080510011df09ae7422540ad9641281330153d875f2d41400248025022581b2a1f080a10011d80d21a42254d5b6241281830193da85de43e40024802500558402a1f080710011dc0623c422526998b412819301a3dece7ef4140024802500a581f2a1f080810011db0e4c04225134b5842281e301f3d9aec414240024802501f583b20c102280930a5d902',1764190503,0,1535109519,0,13,NULL,NULL);
INSERT INTO DriverSessions VALUES(278,18,2,0,NULL,'',4,NULL,'Aston Martin',2,0,0,0,'1:13,2:23',67692,1,2,15,0,0,0,0,0,0,0,1,32,228,'Borbodinio',36,0,0,X'010a1e080110011a0408b09f04220408b395012a0408efec013204088d9d01380f0a1e080210011a0408ec9004220408a081012a0408e9ee01320408e2a001380f0a1e080310011a0408dc9604220408a683012a0408bbf101320408f9a101380f0a1e080410011a04089e9804220408ae83012a0408e9f20132040886a201380f0a1e080510011a0408ad99042204089584012a040881f20132040896a301380f0a1e080610011a0408aa9a042204088a82012a0408ecf301320408b3a401380f0a1e080710011a0408d79904220408f181012a0408b5f401320408b0a301380f0a1e080810011a0408969e04220408fd83012a0408fbf5013204089da401380f0a1e080910011a0408e69c04220408ae83012a0408d1f401320408e5a401380f0a1e080a10011a0408e79d04220408fa83012a0408a6f401320408c6a501380f0a1e080b10011a0408cd9e04220408b483012a0408e7f501320408b1a501380f0a1e080c10011a0408ae9f04220408a684012a0408cff401320408b9a601380f0a1e080d10011a0408adb104220408c886012a0408bcfa01320408a8b001380f0a1e080e10021a0408e2c5042204089f86012a0408effa01320408d3c401380f0a1e080f10021a0408d18c05220408cffb012a0408ebed0132040896a301380f0a1b081010021a0408d79004220308937f2a0408caf101320408f99f010a1c081110021a0408fb9004220408a081012a0408d1f0013204088a9f010a1e081210021a0408939104220408e382012a0408e7ee01320408c89f01380f0a1e081310021a04088f9104220408bd80012a040886ef01320408caa101380f0a1e081410021a0408c29304220408ac82012a040881f00132040894a101380f0a1e081510021a0408c09604220408cf83012a0408dbf00132040896a201380f0a1e081610021a0408f09504220408c881012a0408ccf001320408dba301380f0a1e081710021a0408f19604220408a283012a04088df101320408c1a201380f0a1e081810021a0408aa9b042204089c83012a0408fbf10132040891a601380f0a1e081910021a0408f09604220408e182012a0408a3f101320408eca201380f0a1e081a10021a0408ab9a042204088c84012a0408e1f301320408bda201380f0a1e081b10021a0408e09f04220408f884012a0408c6f601320408a0a401380f0a1e081c10021a0408969804220408a582012a040887f201320408e9a301380f0a1e081d10021a04089b9804220408cc83012a0408f6f201320408d7a101380f0a1e081e10021a0408e69c04220408cc84012a0408f2f401320408a6a301380f0a1e081f10021a0408859d04220408a783012a0408f4f401320408e8a401380f0a1e082010021a0408b9a204220408ea84012a0408e4f501320408e9a701380f0a1e082110021a0408a7a0042204089986012a0408c3f301320408caa601380f0a1e082210021a0408d29f04220408f882012a040890f801320408c9a401380f0a1e082310021a0408ae9f04220408c883012a0408a7f601320408bea501380f0a1e082410021a0408fea004220408c784012a0408c6f801320408f0a301380f1271080115d0aa2d3f1de952dc3e20052a1f080a10011d00a064422593ea3742280f30103dd438a84340024802500258192a1f080c10011d80e5834225c09a5042280f30103d601fcd4240024802500358142a1f080410011d60c7754225c00cba41281230133d78cab04240024802500e58261aa701080115d76f8c3f1d36c91d3f20042a1908051db8f9f541251e60f841280330033d8952aa42501058102a1b080710011d70cf574225802a6b41280e300e3d07912442504c58452a1f080a10011dc0fd7d422533880642281030113dba764140400248025006581d2a1f080c10011df082d1422533d11642281030123dfff28e4240024802500858172a1d080d1da0c672422500933042281d301e3d7c111443400248025038581b20bb02280930b1b302',1764190503,0,1535109519,0,8,NULL,NULL);
INSERT INTO DriverSessions VALUES(279,18,3,0,3,'seanmul10',5,NULL,'Ferrari',2,0,0,0,'1:8,2:12,2:16',67287,2,29,15,0,0,0,0,0,0,0,1,72,190,'seanmul10',36,0,0,X'010a1e080110011a0408dcb80422040887a1012a04088ff501320408c5a201380f0a1e080210011a0408a09104220408e881012a0408eced01320408cba101380f0a1d080310011a0408c19304220308ef7f2a0408d3f001320408fea201380f0a1e080410011a0408bda004220408f484012a0408fff301320408c9a701380f0a1e080510011a0408bd9804220408ac82012a0408f5f1013204089aa401380f0a1e080610011a0408c49a042204089587012a040887f101320408a6a201380f0a1e080710011a0408829704220408d284012a040898f00132040897a201380f0a1e080810011a0408ba9c04220408a387012a0408f4f101320408a2a301380f0a1e080910021a0408ffb904220408de86012a0408eff201320408b1c001380f0a1e080a10021a0408879005220408c781022a0408adf001320408929e01380f0a1e080b10021a0408a98e042204089482012a0408deec01320408b79f01380f0a1e080c10021a0408859104220408ef84012a0408f1ec01320408a49f01380f0a1e080d10021a0408a79804220408e485012a0408adf20132040896a001380f0a1e080e10021a04089197042204088483012a040883f00132040889a401380f0a1e080f10021a0408958f042204089c81012a0408c4ee01320408b59f01380f0a1e081010021a0408ab9504220408ed83012a0408a3f0013204089aa101380f0a1e081110021a0408af9604220408c984012a0408bcef01320408a9a201380f0a1e081210021a0408c09304220408fc82012a0408deef01320408e6a001380f0a1e081310021a0408b19204220408bb81012a0408cdf001320408a8a001380f0a1e081410021a0408a09704220408fe80012a0408f6f301320408aba201380f0a1e081510021a04088dce04220408fc83012a0408d48b02320408bdbe01380f0a1e081610021a0408e686052204088fff012a0408ffea01320408d69c01380f0a1e081710021a0408f38f04220408bc83012a040885ed01320408b19f01380f0a1e081810021a0408888e04220408c883012a0408a7ed01320408999d01380f0a1e081910021a04088c9004220408f283012a040897ee01320408839e01380f0a1e081a10021a0408c79004220408b284012a0408eded01320408a79e01380f0a1e081b10021a0408b79104220408ee85012a0408faec01320408cd9e01380f0a1e081c10021a0408a09204220408d683012a0408a5ee01320408a4a001380f0a1e081d10021a0408d78d042204089e81012a0408d9ec01320408df9f01380f0a1e081e10021a0408839604220408e685012a040892f00132040889a001380f0a1e081f10021a0408de9404220408d985012a0408fbee0132040888a001380f0a1e082010021a0408989504220408f384012a0408ebef01320408b9a001380f0a1e082110021a0408e594042204089185012a0408b2ef01320408a2a001380f0a1e082210021a0408fe99042204088386012a0408cdef01320408ada401380f0a1e082310021a0408fc9504220408a385012a0408c2f00132040896a001380f0a1e082410021a0408a59e042204089982012a0408f6f70132040895a401380f129b0108011553a4c13f1d63c7613f20062a19080d10011d28c5f04125269f9d41280330033d3fff9c43580e2a19080910011d19e6144325f6400a43280330053d2c180e4458122a17080c10011d6fc33143258f9f0c43280330053df02313432a1d080110011d707b954225a0371242280e300f3d728c93434002500c58472a1d080d1de0e6e342252a3dac42281330153d8375114340024802501b58221ab601080115f804183f1dbbae2b3f20052a19080910011d889630422543cf0442280530053d3eca2d4058182a19080e10011d01b437432538cc1343280330053d0bc4924058142a19080d10011db4f35a4325d9d81343280330063d61be1f4258162a17080c10011d9819a64225cd9c6541280530063d1debde412a1d080d1de0ff47422580f52042280c300d3d0612b94240024802500858072a1d08051da034e842256a83d442281330153dc816264240024802501b581b20bc022800303c',1764190503,0,1535109519,0,11,NULL,NULL);
INSERT INTO DriverSessions VALUES(280,18,4,0,9,'p1Xx',2,NULL,'Racing Bulls',2,0,0,0,'1:8,2:13,2:15',67002,2,27,15,0,0,0,0,0,0,0,1,41,58,'p1Xx Retardmaxxing',36,0,0,X'010a1e080110011a0408bed104220408e9af012a0408a2f601320408b3ab01380f0a1e080210011a0408f38f04220408bd81012a0408cbec01320408eaa101380f0a1e080310011a04089f9604220408b580012a040893f401320408d6a101380f0a1e080410011a0408939c04220408f880012a0408a6f201320408f4a801380f0a1e080510011a0408c59b04220408d781012a0408acf201320408c1a701380f0a1e080610011a0408dc9c042204088683012a0408f6f201320408dfa601380f0a1e080710011a0408e89d042204088483012a040884f501320408dea501380f0a1e080810011a0408d69b04220408e381012a0408e4f4013204088fa501380f0a1e080910021a04089aba042204089683012a0408d7f301320408acc301380f0a1e080a10021a0408ec8a052204088bff012a0408eaeb01320408f69f01380f0a1e080b10021a0408b293042204088d81012a0408dcef01320408c9a201380f0a1e080c10021a0408cc8d042204089180012a0408baed0132040880a001380f0a1e080d10021a0408ff9304220408ae84012a0408c8ef0132040887a001380f0a1e080e10021a0408b69504220408af83012a0408e3f001320408a4a101380f0a1e080f10021a0408ad96042204089c83012a0408c5f101320408cba101380f0a1e081010021a0408d994042204089b82012a0408e7ef01320408d6a201380f0a1e081110021a0408b29704220408b884012a0408c3f001320408b7a201380f0a1e081210021a0408fa9c04220408ec84012a0408b6f301320408d6a401380f0a1e081310021a0408c29c04220408a786012a04089ff301320408fba201380f0a1e081410021a0408bb9404220408bd80012a0408bef101320408bfa201380f0a1e081510021a0408e696042204088081012a04088cf301320408d9a201380f0a1e081610021a0408aeb704220408fc81012a0408e4f301320408cdc101380f0a1e081710021a04089c8d05220408a885022a0408fde901320408f69d01380f0a1e081810021a0408cd8b04220408a281012a040888ed01320408a29d01380f0a1e081910021a0408ab8e04220408c782012a0408eeec01320408f59e01380f0a1e081a10021a0408c49204220408a284012a0408a2ed01320408ffa001380f0a1e081b10021a0408ba8b042204089f81012a0408c5eb01320408d59e01380f0a1e081c10021a0408989304220408fc83012a040882ee0132040899a101380f0a1e081d10021a04089c9304220408a883012a0408baee01320408b9a101380f0a1e081e10021a0408849604220408ff82012a040880f10132040884a201380f0a1e081f10021a0408f29404220408ec82012a0408e7f0013204089ea101380f0a1e082010021a0408bc9704220408e982012a0408dcf101320408f5a201380f0a1e082110021a0408c39c042204089a84012a04088ff60132040899a201380f0a1e082210021a0408b89804220408ea82012a0408c4f20132040889a301380f0a1e082310021a0408c29704220408e381012a040891f201320408cda301380f0a1e082410021a0408899804220408c783012a0408f2f101320408cfa201380f12fa0108011508e722401d9d07893f20082a1908011d671c00432546ee8e41280330043dddbdfd40501458102a1b080210011d83341b432598eaff42280330053d3d06bf43501558142a1b080a10011d2c9aa942251c828d42280530063de7c2be43501e58212a19080e1da8b1c2422586bdd641280830093d7208a8405035582f2a1908011d7833c94225129db542280830093dbf1eeb42503558292a1f080110011dc0018d422540271a42281a301b3d5478fb4240024802500f58232a1d080e1de054c642257a248e42282130223df1ceb04240024802503158352a1f080710011de072574325a0cead42282030233d7684654340024802502f583c1afc010801158a36153f1d3721af3e20032a1b080310011d75753d4325e0ee3b42280330053dc55da23f501658162a1710011d2c1135432567c02543280330053d1a03bd4150182a19080c10011d285c1f42250df66341280630073d87dba13d50262a1b080a10011d7833c942258a9a8a42280830093d415acd41503558352a1d08081d60c775422520cd0742281230133d0ad0be42400248025026580e2a1d080e1d50db3d4325c037b942281e30213d3ac54e42400248025028582b2a1f080710011d006071422566b8c041282330243d1f86824140024802503758422a1f080110011d0002fe4125e69afd41282430243d9254e34140024802503c584a20bd0228003000',1764190503,0,1535109519,0,4,NULL,NULL);
INSERT INTO DriverSessions VALUES(281,18,5,0,NULL,'',7,NULL,'McLaren',2,0,0,0,'1:14,2:22',67469,2,23,15,0,0,0,0,0,0,0,1,26,86,'Dimitris Stavroulis',36,0,0,X'010a1c080110011a0408dfca04220408fead012a040890f701320408d0a5010a1c080210011a0408849204220408e781012a0408f6ec01320408a6a3010a1d080310011a0408f39004220308e67f2a040892ef01320408f9a101380f0a1e080410011a0408ac9904220408c582012a0408a3f101320408c4a501380f0a1e080510011a04088ca1042204088181012a0408a9f901320408e1a601380f0a1e080610011a0408aca0042204089f83012a0408eff7013204089da501380f0a1e080710011a0408cb9b04220408ce81012a0408d5f401320408a7a501380f0a1e080810011a0408be9b04220408e781012a0408baf5013204089da401380f0a1e080910011a0408ca9d04220408a382012a0408a0f40132040886a701380f0a1e080a10011a0408be9b04220408c780012a040896f501320408e0a501380f0a1e080b10011a0408aaa0042204089e83012a04088ff501320408fba701380f0a1e080c10011a0408bac604220408e985012a040884f601320408ccca01380f0a1e080d10011a0408f9b1042204089e86012a04089af601320408c0b501380f0a1e080e10011a040897a804220408c487012a0408fff801320408d2a701380f0a1e080f10021a0408f0c304220408f685012a0408bffa01320408bac301380f0a1e081010021a0408f5a0052204088084022a04088bf601320408eaa601380f0a1e081110021a0408cf9304220408c281012a0408aef001320408dea101380f0a1e081210021a0408cb9004220408fd81012a0408a4ee01320408aaa001380f0a1e081310021a0408e59104220408bd81012a0408e9ef01320408bea001380f0a1e081410021a0408c993042204088284012a0408c0ee0132040886a101380f0a1e081510021a0408f09704220408e181012a0408a0f101320408eda401380f0a1e081610021a04089d91042204089786012a0408a6ed01320408df9d01380f0a1e081710021a04088d8f04220408a580012a0408bcee01320408aba001380f0a1e081810021a0408909304220408d680012a040884f001320408b5a201380f0a1e081910021a0408c49a042204088384012a0408aef20132040892a401380f0a1e081a10021a0408a49d042204088b83012a0408e0f501320408b8a401380f0a1e081b10021a0408d394042204088c85012a0408faef01320408cb9f01380f0a1e081c10021a0408959204220408c481012a0408f8ee01320408d7a101380f0a1e081d10021a0408d09204220408a281012a0408f7ef01320408b6a101380f0a1e081e10021a04088d9504220408eb81012a0408eef001320408b3a201380f0a1e081f10021a0408969604220408cc81012a0408d8f101320408f0a201380f0a1d082010021a0408959c04220308e17e2a0408e6f601320408cda601380f0a1e082110021a0408a89804220408f182012a0408b2f00132040884a501380f0a1d082210021a0408dd9704220308c77f2a04089df301320408f7a401380f0a1e082310021a0408b39904220408c582012a0408a6f201320408c6a401380f0a1d082410021a0408d09504220308e67f2a040881f301320408e8a201380f12e1010801159461bb3f1dad0fc23f20072a1b080a10011d6bf2124325e8b30843280330053d20a90a44501058172a1b080910011db0d31642258d404441280530053db6027c43501758182a19080c10011d700361422543062a42280530063daf008143501b2a1d08061dc0028b422580e56241281530163d1e835f4240024802500f58352a1d080e1d708f104325f3585942282030223de782964340024802503e58312a1f080710011d207fc6422500827442282230233d3f9b954340024802504358402a1d08041d0002fe4125e69afd41282430243d1b47754240024802504a583c1add010801152b7f353f1d2c1f4d3f20062a1b080410011d671c0043251e548941280330053d1efa7f3f501058142a1b080210011d2c718e4325b68fdb42280330073de5d4aa415015581a2a1b080410011d7833c94225c261b6422808300a3d67d82d41502958352a1b080d1d50c97c422590e93042280e300f3df473924248025047580d2a1b080b1d706073422570ca3a42280e300f3d6bcab64048025048580c2a1d08041dc0018d422520314042281a301b3def0ce542400248025023580f2a1d080e1d007e1e432530190443281e30203db86b0242400248025036582820cc0228003000',1764190503,0,1535109519,0,1,NULL,NULL);
INSERT INTO DriverSessions VALUES(282,18,6,0,NULL,'',8,NULL,'Mercedes',2,0,0,0,'1:14,2:22',67225,1,2,15,0,0,0,0,0,0,0,1,97,228,'Pub_Dogg',36,0,0,X'010a1e080110011a0408f3a904220408ed9a012a0408f4ee0132040890a001380f0a1d080210011a0408998d04220308f57f2a040885ed013204089ea001380f0a1e080310011a0408d39304220408a782012a0408c6ed01320408e5a301380f0a1e080410011a0408929904220408f181012a0408a8f301320408f8a301380f0a1e080510011a0408dd98042204088e81012a0408bcf40132040892a301380f0a1e080610011a0408c29a042204088283012a0408b8f30132040887a401380f0a1e080710011a0408dd9b042204089784012a0408a1f301320408a3a401380f0a1e080810011a0408a49e04220408ac82012a0408c9f701320408aea401380f0a1e080910011a0408cb9c04220408a583012a0408b6f301320408eea501380f0a1e080a10011a0408c29e042204089f84012a0408aaf401320408f7a501380f0a1e080b10011a040892a1042204089e83012a0408a5f601320408cfa701380f0a1e080c10011a0408b2a804220408a682012a040880fb013204088aab01380f0a1e080d10011a04088ba904220408b486012a0408a3fc01320408b3a601380f0a1e080e10011a0408bea7042204089c85012a0408eafb01320408b7a601380f0a1e080f10021a0408ffc204220408e286012a0408b5fa01320408e7c101380f0a1e081010021a0408ce8f05220408bafe012a0408f0f001320408a3a001380f0a1e081110021a0408fc95042204088282012a040890f301320408e9a001380f0a1d081210021a0408809904220308df7f2a0408b4f101320408eca701380f0a1e081310021a0408c39f042204089682012a0408edfa01320408bfa201380f0a1e081410021a0408b69c042204088183012a0408fbf401320408b8a401380f0a1e081510021a0408a29404220408d381012a040884f001320408caa201380f0a1e081610021a0408ea9a04220408af86012a0408e9f101320408d1a201380f0a1e081710021a0408b89804220408af84012a0408acf301320408dca001380f0a1e081810021a0408a29b042204088a85012a040882f20132040895a401380f0a1e081910021a0408f99404220408b881012a0408a7f20132040899a101380f0a1e081a10021a0408e699042204088987012a0408fff201320408dd9f01380f0a1e081b10021a0408a29904220408c886012a040880f101320408d9a101380f0a1e081c10021a0408bd9904220408d485012a0408b7f201320408b0a101380f0a1e081d10021a0408db9b042204088a87012a0408fef201320408d2a101380f0a1e081e10021a0408839c04220408de86012a0408bdf201320408e7a201380f0a1e081f10021a0408929b04220408aa85012a040881f401320408e5a101380f0a1e082010021a0408a49c04220408de86012a0408fef401320408c7a001380f0a1e082110021a0408a99c04220408ef85012a0408b3f30132040887a301380f0a1e082210021a0408b89f04220408ad85012a0408f1f70132040899a201380f0a1e082310021a0408d9a804220408d486012a0408eafb013204089aa601380f0a1e082410021a0408eea404220408e786012a0408eaf7013204089ca601380f12eb01080115eca8ba3f1d8d41b73e20042a1b080e1d38950843259aacf742281130133d944f6d434002500758112a1d10011d60973a4225d3371242281330143db641934340024802500b58192a1f080310011d40afb7422500cca142281330143d564d364340024802500d58342a1f080c10011d60ce42422560e10342281430153d9da82b4240024802500f58212a1f080a10011de016ba422510b89242281430153d2d01bd4240024802500e582d2a1d080d1dc0623c4225e6fe87412819301a3dd030074240024802501f580a2a1d08041d00607142256661bb41282330243d873e354240024802504258371aa2020801150a45983f1de3ba8c3f20082a16080e1dd04a95422520d55742281030114002500358092a1d10011da048d542251ab38642281430153d80e8954040024802500f581c2a1f080310011d801e92422533024642281430153d74f6d63f40024802501058392a1d080d1de03a244225a0680f42281830183d81da984240024802501c58052a1f080a10011d803f36422500039241281830193d3590084140024802501c58402a1d080e1de099a7422560b38542282130223d6093f24240024802503c58322a1d08041de072574325e01fbe42282030233d6f91234340024802503c582f2a1d08011d207fc64225c0689142282230233de7c80d4140024802504058432a1d10011dc0370b4225736a0a42282430243d6ceee642400248025046582520c6022802309d20',1764190503,0,1535109519,0,7,NULL,NULL);
INSERT INTO DriverSessions VALUES(283,18,7,0,27,'PhantomFox456',1,NULL,'Sauber',2,0,9000,0,'1:13,1:9,2:14',66399,1,16,15,9,0,0,0,0,0,0,1,19,228,'PhantomFox456',36,0,0,X'010a1e080110011a040889bd04220408d3a7012a0408ccf201320408e8a201380f0a1e080210011a0408c092042204088482012a0408d9ed01320408e3a201380f0a1e080310011a0408859404220408d080012a0408d6ee01320408dea401380f0a1e080410011a0408e69d04220408f681012a0408c4f501320408aca601380f0a1e080510011a0408daa3042204088683012a0408daf901320408f9a601380f0a1e080610011a0408ff9a04220408f281012a040887f70132040884a201380f0a1e080710011a0408aaa1042204089986012a04088bf50132040885a601380f0a1e080810011a0408939d04220408ca81012a040885f401320408c3a701380f0a1c080910011a0408ef9704220408fa81012a0408dbf2013204089aa3010a1c080a10011a0408f99b04220408aa83012a0408e2f301320408eda4010a1e080b10011a0408a1a3042204089985012a040898f601320408efa701380f0a1e080c10011a040880ab04220408d885012a0408ecfc01320408bca801380f0a1e080d10011a040894aa04220408cf86012a0408caf901320408faa901380f0a1e080e10011a04089ac404220408db86012a0408b1f9013204088cc401380f0a1e080f10011a0408a48905220408cdf9012a0408f3eb01320408e3a301380f0a1d081010011a0408df8604220308f77e2a0408f9ea01320408ee9c01380f0a1d081110011a0408dc8d04220308b17f2a0408b6ed01320408f3a001380f0a1d081210011a0408e09504220308f97f2a0408cff10132040897a401380f0a1e081310011a0408c69a042204088083012a0408a3f101320408a3a601380f0a1e081410011a0408c790042204089a82012a0408dcec01320408d0a101380f0a1e081510011a0408b39704220408d383012a0408daf00132040884a301380f0a1e081610011a0408f69604220408d783012a0408cef101320408d0a101380f0a1e081710021a04089db104220408a183012a0408aef101320408cdbc01380f0a1e081810021a0408808205220408c1f8012a0408c6ea01320408f89e01380f0a1e081910021a0408ed8a04220408ea81012a0408ceea01320408b49e01380f0a1c081a10021a0408858b04220408f280012a040886ec013204088b9e010a1c081b10021a0408d58e04220408ce83012a0408f6eb01320408909f010a1e081c10021a0408e78e04220408ad82012a0408c7ec01320408f29f01380f0a1e081d10021a0408c18e04220408da82012a0408d0ec01320408979f01380f0a1e081e10021a0408e78e04220408d982012a0408b8ed01320408d59e01380f0a1c081f10021a0408a19304220408b981012a0408a2f101320408c5a0010a1e082010021a0408b293042204088980012a040888f101320408a0a201380f0a1e082110021a0408929204220408b381012a0408f3ef01320408eaa001380f0a1e082210021a0408cf9004220408ca80012a04088df001320408f79f01380f0a1e082310021a0408e396042204088783012a0408aaf201320408b1a101380f0a1e082410021a04088995042204089884012a0408e9ef0132040886a101380f12970308011566d416401d3c5b3040200e2a1b080910011d28e73743254e8cce42280330053d5d498543501558132a17080b1d01b4374325fdbe1243280330053d552c444250142a1b080d10011d11c2714325f93c5e43280330063d1e223044501658152a19080c10011d90679042256bb01b42280530063dfefe2043501d2a1d080910011d20d72e42256630ff41280f30103d86e8ab434802500358282a1d080210011d00957b4225e0051e42280f30103d900392434802500358212a1d080710011dd04a95422500a92f42281030113dff13ac434802500958032a1b10011d508f0e4325909fbd42281030123d96a7ca434802500f58142a1d080310011d4099cd4225c0025242281130133d3adc9c4348025011582c2a1d080c10011d009b4b4225736e2042281330143d283fbd4348025019581e2a1f080110011d007e1e432540bbe542281e30203d3e97b04340024802502858362a1f080410011d50db3d43258030bf42281e30213de6a89c4340024802502b58282a1f080710011de099a7422580bf5042282130223dc5d40a43400248025032583c1a9d030801154021573f1d833b453f20052a1b080a10011dd61a824325b5653443280330063d89d582415017581b2a19080d1d983d6f4225cb707042280630073d8512ae42502058202a1b080410011db8edc34225a659e2412808300a3d5ebbcf3f502f58352a1d080910011de09703422566dd8d41281030103d4ed3bb3f48025005582a2a1d080210011d40f04e4225e63bf241281030113d8baf11424802500758252a1d080710011d38950843259a46f842281130133d124cd2414802501158072a1b10011de09741422593cf0c42281230133ddd6ad83f4802501558172a1d080310011db00290422593942f42281330143da0f6af3e4802501a58332a1d080a10011dc0e49e422513dd3e42281330143de65fc2404802501b582a2a1d080c10011d80cb4742252613a141281430143d5fe807424802501d58202a1f080110011db0f50f43253a9e9942282030223df1d80141400248025031583e2a1f080410011de054c642259ad78e42282130223de043ab4140024802503558312a1f080710011dc0788a422533340b42282230233dee762d42400248025037583f20c50228003000',1764190503,0,1535109519,0,14,NULL,NULL);
INSERT INTO DriverSessions VALUES(284,18,8,0,8,'owise11',10,NULL,'Williams',2,0,6000,0,'1:8,2:12,2:16',66699,2,11,15,6,0,0,0,0,0,0,1,41,230,'owise11',36,0,0,X'010a1e080110011a040893d304220408f8ad012a0408d4fa01320408c6aa01380f0a1e080210011a0408c591042204088682012a040887ef01320408b7a001380f0a1d080310011a0408829704220308d67f2a0408cff601320408dca001380f0a1e080410011a0408d59a04220408cd80012a040885f30132040882a701380f0a1e080510011a0408efb404220408c881012a04089ff60132040887bd01380f0a1e080610011a0408d59b04220408e484012a0408c9f201320408a7a401380f0a1e080710011a0408989b042204088184012a0408ecf101320408aaa501380f0a1e080810011a04088e9a04220408b483012a0408ddf201320408fca301380f0a1e080910021a0408cfb8042204088285012a0408c0f4013204088cbf01380f0a1e080a10021a040896c105220408a4ad022a0408e1f20132040890a101380f0a1e080b10021a04088b8904220408cb80012a0408bfea01320408809e01380f0a1e080c10021a0408cf8f04220408ad81012a0408c9ed01320408d9a001380f0a1e080d10021a0408b49304220408b080012a0408e8f1013204089ba101380f0a1e080e10021a0408d28f042204088f81012a0408dfed01320408e3a001380f0a1e080f10021a0408b49004220408a982012a0408bbed01320408cfa001380f0a1e081010021a0408a392042204089183012a040882ef013204088ea001380f0a1e081110021a0408f69104220408a882012a0408c6ed0132040888a201380f0a1e081210021a0408979f042204088f83012a0408c1f301320408c6a801380f0a1e081310021a040885a004220408be84012a040881f701320408c5a401380f0a1e081410021a0408f4a2042204088586012a0408c8f701320408a7a501380f0a1e081510021a0408b0c104220408e187012a0408aef6013204089fc301380f0a1e081610021a0408f487052204088dfe012a0408f7eb01320408ef9d01380f0a1d081710021a04088b8c04220308887f2a0408daec01320408a8a001380f0a1e081810021a0408b59204220408da80012a0408aaef01320408b0a201380f0a1e081910021a0408e78904220408f080012a040886eb01320408f09d01380f0a1e081a10021a0408de8d042204088b82012a0408b4ed013204089d9e01380f0a1e081b10021a0408e38e042204089d82012a0408bced01320408899f01380f0a1e081c10021a04089f8e04220408b182012a0408a2ed01320408ca9e01380f0a1e081d10021a04088d9104220408e483012a040888ed013204089fa001380f0a1e081e10021a0408ff8f04220408b682012a0408dfed01320408e99f01380f0a1e081f10021a0408b89304220408dc82012a0408c5ef0132040896a101380f0a1e082010021a0408f69104220408d782012a0408a3ef01320408fb9f01380f0a1c082110021a04088a9104220408ce82012a0408d7ed01320408e4a0010a1c082210021a0408829704220408e383012a0408cef201320408d0a0010a1e082310021a0408c092042204089482012a0408baef01320408f1a001380f0a1e082410021a04089e9c04220408c683012a0408d8f401320408ffa301380f12910308011557582d401d7f24a13f200a2a1708041dacaa34432575732543280330053d331c844358182a1708021d7ee3284325488c0043280330053dab43af4258182a15080c1d489b0d422500fc7b41280730083d874943422a1d080610011d609f60422553623842280a300b3d105527434802500158072a1f080910011d40da3a4225809c0f42280c300d3d1e00a643400248025008581c2a1f080210011d4033074225460dbe41280d300e3d5228f94240024802500a58192a1d080a1d50cef64225807b5a42281130133d56da8f4040024802501558242a1d080c1dc066a842250080e641281230133d3bd3a53f400248025016581b2a1d08071da048d542251ab38642281430153de79da74240024802501c580f2a1d080a1d08c21a432520ce4842281330153d0627474040024802501b582d2a1d08031d28342743255dce1843281330153d8dc9234340024802501b58372a1d080c1da0fe42422520fd3d42281530153d442ca84240024802501d58232a1d08071dc0370b4225736a0a42282430243d8a86c44240024802502558461abb010801159f1cc43e1d2c1f4d3f20062a1708031dce6636432566242d43280330053d8683f34158162a19080310011d2034094225a625db41280830093dc9af6042582d2a1f080910011de0d25e4225c6dcca41280d300e3de051874040024802500b58222a16080e1d508f0e4325807ad2422810301240025014580f2a1d08071d60973a422513061942281330143d0cd70e41400248025019580b2a1f080310011d2019e94225664ae3412819301a3d40070a4140024802500a580e20bb0228003000',1764190503,0,1535109519,0,0,NULL,NULL);
INSERT INTO DriverSessions VALUES(285,18,9,0,2,'CUCCO_7',5,NULL,'Ferrari',2,0,3000,0,'1:4,2:15,2:17',67119,2,22,15,3,0,0,0,0,0,0,1,46,108,'CUCCO_7',36,0,0,X'010a1e080110011a0408e0b304220408d89e012a040881f10132040886a401380f0a1e080210011a0408d88f042204089e80012a0408b3ed0132040886a201380f0a1e080310011a0408879704220408db81012a0408aaf20132040881a301380f0a1e080410011a0408e7a004220408c983012a0408dcf501320408c1a701380f0a1e080510021a0408d4ec042204088d86012a0408b58a0232040891dc01380f0a1e080610021a040887c305220408faaf022a0408fdf2013204088ea001380f0a1e080710021a0408eb8f042204089682012a04088cee01320408c89f01380f0a1e080810021a0408d59204220408e482012a0408d9ee0132040897a101380f0a1e080910021a0408cd9204220408ff83012a0408bcee0132040892a001380f0a1e080a10021a0408fb9204220408be82012a0408a1ef013204089ba10138060a1c080b10021a0408bc9504220408ec84012a0408d7ee01320408f8a1010a1e080c10021a040888a3042204089f85012a04088cf901320408dca401380f0a1e080d10021a0408ff9b042204089484012a0408f8f401320408f2a201380f0a1e080e10021a0408ed98042204088e83012a040881f401320408dca101380f0a1e080f10021a0408ba9704220408a581012a04089bf101320408f9a401380f0a1e081010021a0408969f04220408ac86012a0408e8f50132040880a301380f0a1e081110021a0408cc9704220408db83012a0408eaf10132040886a201380f0a1e081210021a04088c9b04220408c082012a0408fcf301320408d0a401380f0a1e081310021a0408e5a104220408e382012a0408f8f80132040888a601380f0a1e081410021a040897c8042204088c88012a0408f0f6013204089ac901380f0a1e081510021a0408818005220408a1f8012a0408e5eb01320408fa9b01380f0a1e081610021a0408af8c042204089282012a040889ec01320408939e01380f0a1e081710021a0408b78c04220408af84012a0408b6eb01320408d19c01380f0a1e081810021a0408909004220408ba83012a040896ee01320408c09e01380f0a1e081910021a0408f68e04220408ca80012a0408bbee01320408f09f01380f0a1e081a10021a0408b78e04220408a880012a0408a6ed01320408e9a001380f0a1e081b10021a04088298042204088581012a040889f401320408f3a201380f0a1e081c10021a0408e495042204089c83012a0408baf1013204088da101380f0a1e081d10021a0408c39604220408e283012a0408fff301320408e19e01380f0a1e081e10021a0408e99304220408da82012a0408e2f001320408aca001380f0a1e081f10021a0408eb93042204089e80012a0408ecf201320408e0a001380f0a1e082010021a0408d59704220408a981012a0408f0f601320408bb9f01380f0a1e082110021a040897a8042204089f81012a0408868502320408f2a101380f0a1e082210021a0408e098042204088385012a0408daf10132040882a201380f0a1e082310021a0408a99a04220408b284012a0408e4f20132040892a301380f0a1e082410021a0408d4a104220408b485012a0408eaf701320408b5a401380f12f8010801153d1e37401d82e1d03f200a2a17080b1db0952d422543cf0442280530053d0c04604250182a17080c1d01b4374325ca9b2c43280330053dd6c0b74350132a1b1de0d25e4225e6ddc841280d300e3d8bfa3842400248025022580b2a1b080e1da09806422566448e41281030103d48f999414002502a58052a1f080210011d4028844325404b2143280f30133d07859c4340024802502f58292a1d08021da06e694225d3cc4b42281430143d0e37904240024802503b58392a1d080c1d80fa31422580cc8641282030213d890af43f40024802502e581c2a1d080a1dcc858b4325ad8f5243281d30213d5a38a543400248025028581a1aaf02080115f2712b3f1dac8fdb3f200c2a17080b1d19e6144325e1400a43280330053d12d97f4150122a19080d1d3d8d364325f8be3043280330053db2af5941501358142a19080e1d28e7374325f219e142280330053d9b59273f501358152a1908011db0d3164225760eac41280530053d5731093d501858172a1b1d40da3a4225300d3a42280c300d3d7e26104140024802501c58082a16080e1d20d72e422593100242280f30104002502858032a1d08021dc0385d422513633742281330143dc6f4dd4240024802503858352a1f080610011d6005604225c0208e41281430143dc6b4f54040024802503b58322a1f080310011df01ba84225a6d09441281d301e3dc256084140024802502458232a1f080310011dc032454225007f5541282430243d3c44c94140024802503d584020c60228003000',1764190503,0,1535109519,0,9,NULL,NULL);
INSERT INTO DriverSessions VALUES(286,18,10,0,17,'BazokaJo',8,NULL,'Mercedes',2,0,3000,0,'1:7,2:14,2:15',67594,2,25,15,3,0,0,0,0,0,0,1,86,83,'BazokaJo',36,0,0,X'010a1e080110011a04089fd004220408e0aa012a04088dfa01320408b1ab01380f0a1e080210011a04088e9a04220408fd84012a040893f401320408fea001380f0a1e080310011a0408f197042204088e81012a0408baf301320408a8a301380f0a1e080410011a0408be97042204089c81012a0408d9ef01320408c9a601380f0a1e080510011a040896b504220408fc82012a0408bdf501320408dcbc01380f0a1e080610011a0408f99c042204088583012a0408cef401320408a5a501380f0a1e080710011a0408a69b04220408a483012a040881f30132040880a501380f0a1e080810021a0408a9b404220408cb81012a0408f9f401320408e4bd01380f0a1e080910021a0408868d05220408ccfb012a0408bdef01320408fba101380f0a1e080a10021a0408dc9104220408f480012a04089aee01320408cca201380f0a1e080b10021a04089c9704220408fb83012a0408b1ef01320408efa301380f0a1e080c10021a0408839704220408ac83012a0408f3ef01320408e3a301380f0a1e080d10021a0408bf97042204088a83012a0408eff001320408c5a301380f0a1e080e10021a0408f69704220408e183012a0408efef01320408a4a401380f0a1e080f10021a0408c79604220408fd83012a0408f2ef01320408d7a201380f0a1e081010021a0408a89a04220408b782012a0408d8f20132040898a501380f0a1e081110021a0408809904220408ba82012a0408e9f301320408dda201380f0a1e081210021a0408d49f04220408b482012a0408aef701320408f1a501380f0a1e081310021a040898a204220408e385012a0408bcf601320408f7a501380f0a1e081410021a0408f4a304220408f881012a040899f701320408e2aa01380f0a1e081510021a0408b89e042204088f83012a0408eff501320408b9a501380f0a1e081610021a0408abb904220408a582012a0408f4f50132040891c101380f0a1e081710021a0408fe8405220408aaf9012a0408faeb01320408da9f01380f0a1e081810021a0408b79104220408ae80012a0408ddee01320408aba201380f0a1e081910021a04088a9004220408f280012a0408a0ee01320408f7a001380f0a1b081a10021a0408ab9104220308e87f2a0408e1ee01320408e2a2010a1c081b10021a0408859404220408bf80012a040882f201320408c2a1010a1e081c10021a04088e9804220408f483012a0408bff101320408daa201380f0a1e081d10021a040899a404220408d585012a0408dffc01320408e4a101380f0a1e081e10021a0408c299042204088883012a040898f201320408a1a401380f0a1e081f10021a0408e198042204089682012a0408eff201320408daa301380f0a1e082010021a0408eb9d042204089f86012a04088bf201320408c1a501380f0a1e082110021a0408b39a04220408b886012a0408d2f101320408a7a201380f0a1e082210021a0408e19a04220408bc82012a0408a2f20132040883a601380f0a1e082310021a04089a9c04220408e483012a04089ef30132040897a501380f0a1e082410021a0408c09804220408a084012a0408b0f101320408efa201380f12e60208011552b6bc3f1d4b5a1d3f20032a1908021d526e214225fafd9941280130023d6ad90842500658072a1908041d83283d432570664042280330053d5430f440501658162a1710011dce66364325893b2343280330053dccfa044450162a1908021da8d45b4225a6caf441280530053de0ea2e40501c581d2a151d2034094225c624d741280830083d30614e42502d2a1d08081de0a0a24225cd014141280f30103d35cba84140024802502258042a1b080e1db002904225d3802942281330143dfa913b4040025033581a2a1f080c10011d788e08432560f66c42281330153d325e864340024802503558202a1d08071d801e924225539b4342281430153d43e5694240024802503958102a1b1d2019e94225a647d9412819301a3d812aa14140024802500e580a2a1d08091d3061ac422566f6a041281d301e3d26111f4240024802502458242a1d08091dc03245422500b26841282430243d41fdc441400248025040583d1a8501080115650c0e3e1d53f0a63f200b2a16080e1d4099cd4225604f7842281130134002502c58112a1d08071d40afb74225d018a342281330143db0b18641400248025034580d2a1d10011d28342743258d9b1943281330163ddd327c41400248025037581b2a1f080c10011d40d4224225e651fd41281530163dc80cf84040024802503b582320c10228003000',1764190503,0,1535109519,0,3,NULL,NULL);
INSERT INTO DriverSessions VALUES(287,18,11,0,18,'LankyBrown5515',6,NULL,'Haas',2,0,9000,0,'1:6,2:14,2:16',67317,2,26,15,9,0,0,0,0,0,0,1,84,228,'Utente',36,0,0,X'010a1e080110011a0408ddae04220408e59c012a0408a5f101320408d3a001380f0a1e080210011a0408a89004220408d581012a0408bded0132040896a101380f0a1e080310011a0408fe9804220408bd82012a0408dbf101320408e5a401380f0a1e080410011a0408daa004220408a484012a04089af6013204089ba601380f0a1e080510011a0408bba904220408c885012a0408c8fc01320408aaa701380f0a1e080610011a0408bfb4042204088285012a04088b8502320408b1aa01380f0a1e080710021a0408d7c104220408dc85012a040883f701320408f7c401380f0a1e080810021a0408e18705220408ebf8012a0408f8ec01320408fca101380f0a1e080910021a0408c19204220408e282012a0408e8ed01320408f7a101380f0a1e080a10021a0408aa9204220408d481012a0408e2ee01320408f4a101380f0a1e080b10021a0408f895042204088d83012a0408abef01320408bfa301380f0a1e080c10021a0408ea9a042204089884012a0408f7f201320408dba301380f0a1e080d10021a0408f295042204089683012a0408dcef01320408ffa201380f0a1e080e10021a0408f69b04220408a984012a0408daf201320408f1a401380f0a1c080f10021a0408859904220408eb82012a0408d3f101320408c5a4010a1c081010021a0408dd9f04220408f183012a0408b7f701320408b4a4010a1e081110021a0408e399042204088180012a04088ff301320408d1a601380f0a1e081210021a0408b6a1042204088f86012a0408c2f501320408e4a501380f0a1e081310021a0408fb9e04220408bf84012a0408e1f401320408daa501380f0a1e081410021a04089ca304220408a486012a0408e9f5013204088ea701380f0a1e081510021a040889c7042204088b85012a0408818102320408fbc001380f0a1e081610021a0408c38605220408d1f9012a0408e2ec013204088fa001380f0a1c081710021a0408de8f04220408eb80012a0408d1ee01320408a1a0010a1c081810021a04088b9304220408e183012a0408a5ed0132040884a2010a1e081910021a04089793042204089f84012a040886ef01320408f19f01380f0a1d081a10021a0408f58d04220308817f2a0408e6ee013204088da001380f0a1d081b10021a04088f8f04220308d37e2a0408a5f00132040896a001380f0a1c081c10021a0408d19104220408fb80012a04088fef01320408c6a1010a1c081d10021a0408ea9704220408dc84012a0408cbef01320408c2a3010a1e081e10021a0408d398042204088684012a0408c2f1013204088ba301380f0a1e081f10021a0408f29704220408d182012a040885f3013204089ba201380f0a1e082010021a0408d39c04220408fd83012a040880f401320408d4a401380f0a1e082110021a0408cc9c04220408a084012a0408d2f301320408d9a401380f0a1e082210021a0408919e04220408a685012a0408e8f30132040883a501380f0a1e082310021a04089e9c042204088684012a040882f30132040895a501380f0a1e082410021a0408d09b04220408f183012a0408aef301320408b0a401380f12d501080115df296a3f1d7948153f20082a19080d10011d609d204225e6e1f041280630063d841ff242581d2a1708041d285c1f42252dc56c41280630073d62c56b3f58262a1708021d0063fc41255688cd41280730073de68e504258292a1d08081df082d1422513051642281030113d2b03b64240024802501758082a1b080e1d205b624225e6d99141281430153d400de3414002501f581d2a1d080a1d0000494225e642c941281530153d4b74094240024802502358322a1d08031d40d42242252652ff41281530153d67808842400248025023583b1aee0308011505ec28401dc9a5274020112a15080b1d6fc331432550d41f43280330053ddcfccc422a19080910011d43f43843251c0f2d43280330053d10148d4358132a17080d1d3f0f4e4325df291243280330063d4b0e114258152a17080e1d90679042252a019142280530063d23f13e41581d2a1708011d70036142255bdf5942280630063d6468d73e581b2a17080a1d18d1234225a0217741280630063df453c03c58242a1510011d489b0d4225a0977d41280730073de84409412a1d08081d80e583422580c77a42280f30103dfbe3234240024802501458032a1d080a1db0c13d432505a83d43280f30123d70825f43400248025016581d2a1d10011dc066a842258019e641281230133db531bf3e40024802501b58162a16080e1d009b4b4225f3922942281330144002501e58192a1d080a1da096f842253acee842281330153de3afa84240024802501f582c2a1d08071d60ce42422560af0b42281430153d42faf840400248025021580f2a1d08031d788e08432500286542281330153dd6c5734040024802502058352a1d10011da0fe424225c0c93c42281530153d4fb36c41400248025023581d2a1f080910011d80fa31422500348941282030213d243e934040024802501c582e2a1f080a10011d80d8314225f3d73142282430243dc72b0843400248025025583220bf0228003000',1764190503,0,1535109519,0,12,NULL,NULL);
INSERT INTO DriverSessions VALUES(288,18,12,0,16,'ossidrei93',1,NULL,'Sauber',2,0,9000,0,NULL,67342,NULL,0,0,9,0,0,0,0,0,0,1,32,14,'ossidrei93',36,0,0,X'0112d702080115606a29401d81eec73f20092a1b080210011de23613422545c70042280230023d8ce37943500d580b2a19080e1df2cd814325d1183443280330063dac513e43501b58172a19080d1dd0db714325bc6e9a42280330073d83aff740501d58182a1908041d7833c94225c2668842280830093d016df242503558352a1d08081dc0fd7d422553ee0642281030113dd5efee4140024802501d58062a1f080c10011db0c13d4325d5cf3143280f30123d4655e94340024802501d58162a1b080e1dc0e39b4225f3984442281330143d7385c5424002502a581b2a1f080c10011da096f842257a80e442281330153d683a5a4340024802502c581f2a1d080d1da06b184225cd245741281830183d71abf14140024802504058052a1d08071d803f364225c0349341281830183d0fc17741400248025040581c2a1d080c1d80d8314225f3d73142282430243ddac70d4340024802503258251abc020801156a1c753f1daaf4d83f200b2a1b080210011dc602f5422533d00c42280330043db69b9240501658142a1908011d6bf2124325383f1343280330053d621d8c42501758102a1908041d2c9aa942259cbaa242280530063d809e23415021581e2a1b080210011d0063fc4125e66ca641280730083d78fcbc40502c58292a1d08081d00a0644225f3974442280f30103d5dc3e94040024802501958022a1d10011d206cde4225c0674f42281130133deb23c83e40024802502558162a1d10011d50b5ea4225203c2342281330153d9329973e40024802502c581a2a1d08071de016ba422560529742281430153d6e940d4140024802502d580e2a1f080c10011d00004942252678d041281530163d8bebcd4040024802503258232a1f080910011dcc858b4325d55c5343281d30213dcc8f384340024802501a582820c00228003000',1764190503,0,1535109519,0,10,NULL,NULL);
INSERT INTO DriverSessions VALUES(289,18,13,0,21,'akosin',10,NULL,'Williams',2,0,9000,0,'1:6,2:14,2:13,0:3',67582,2,23,15,9,0,0,0,0,0,0,1,77,228,'akosin',36,0,0,X'010a1e080110011a040881c2042204089cab012a0408b3f501320408b1a101380f0a1e080210011a0408f499042204089082012a0408c3ee013204089fa901380f0a1e080310011a0408c39904220408da81012a04088af201320408dea501380f0a1e080410011a0408b69b04220408a880012a0408d2f301320408baa701380f0a1e080510011a0408d0a104220408e484012a0408c1f501320408aba701380f0a1e080610011a0408b5a104220408d082012a0408f4f601320408f0a701380f0a1e080710021a0408c0be04220408a483012a040883f70132040898c401380f0a1e080810021a0408dcc1052204088bb1022a0408ffef01320408d0a001380f0a1e080910021a0408c69204220408a180012a0408c4f101320408dfa001380f0a1d080a10021a0408959104220308ef7f2a040890ef0132040896a201380f0a1e080b10021a0408f79604220408c483012a0408c8ef01320408eba301380f0a1d080c10021a0408ce9804220308947f2a040885f501320408b3a401380f0a1e080d10021a0408849704220408b384012a0408c9f00132040888a201380f0a1e080e10021a0408d49b04220408bd85012a0408b1f201320408e5a301380f0a1e080f10021a0408dc9904220408da80012a040895f401320408eca401380f0a1e081010021a0408f99804220408eb83012a040895f201320408f8a201380f0a1e081110021a0408ac9b04220408a883012a0408bdf301320408c6a401380f0a1c081210021a0408ea9e04220408e984012a0408d4f301320408aca6010a1c081310021a0408daa5042204089586012a0408bcf80132040888a7010a1c081410021a0408c49f04220408d385012a0408b3f401320408bea5010a1e081510021a0408adb604220408f784012a04088af401320408abbd01380f0a1e081610021a0408eb9f05220408d995022a040881ec01320408909e01380f0a1e081710021a0408fe8f04220408d584012a0408deea01320408caa001380f0a1e081810021a0408bc9204220408f282012a0408aced013204089da201380f0a1e081910021a0408a494042204089f83012a0408edee0132040897a201380f0a1e081a10021a0408ed9204220408a583012a0408bced013204088aa201380f0a1e081b10021a0408b39504220408fd83012a040888ee01320408ada301380f0a1e081c10021a04088b9504220408fb83012a040893ef01320408fca101380f0a1e081d10021a0408c299042204089884012a0408d1f001320408d8a401380f0a1e081e10021a04088d9804220408a983012a0408b8f101320408aba301380f0a1e081f10021a04089a9804220408ab83012a0408bff101320408afa301380f0a1e082010021a0408f498042204088484012a0408f7ef01320408f8a401380f0a1e082110021a0408ff9a042204089385012a0408f8ef01320408f4a501380f0a1c08221a0408b0c004220408a085012a0408d8f301320408b7c701380f0a1c08231a04089893052204088084022a0408a1ee01320408f7a001380f0a1308241a00220308937f2a0408e8e5013200380f129d01080115127b943f1d02e8473f20062a19080a1dc602f54225ff6a1342280330043d98990c41501458162a1908011d18408e43257e42d842280330073d94034b43501a58152a19080a1d0063fc4125b605a041280730073d6d8012425029582c2a1b080e1d2058514225a680ee41281030113d390e56424002502558072a1f080910011dc0385d4225738d1642281330143d5a94214340024802503558381aa7020801157acfa03f1db02c7e3f20082a1b080310011d16c422422526cc9e41280130023d32080f40500758062a19080a1de236134225b9c02842280230023d08cf1f41500b580d2a1908041d83341b4325b6000b43280330053d04a8b442501458152a1710011deed62943255a8c0043280330053d7885204150182a1b080310011da8d45b42259665fa41280530063d9d81673e501d581c2a19080c10011d0063fc41255624d341280730073de7974e4150292a1b1d403307422573660842280d300e3d111faf42400248025019580a2a16080e1d00957b4225e0f72a42280f30104002502158032a1d08091d4028844325f0b32a43280f30133ddf6b7e43400248025029582f2a1f080910011da06e69422553de4e42281430153d212e7d42400248025039583b20bf0228003000',1764190503,0,1535109519,0,2,NULL,NULL);
INSERT INTO DriverSessions VALUES(290,18,14,0,NULL,'',7,NULL,'McLaren',2,0,0,0,'1:7,2:13,2:7,0:6,0:3',66296,0,30,15,0,0,0,0,0,0,0,1,77,14,'maxl0903',36,0,0,X'010a1e080110011a04088c8505220408d9a7012a040896b4023204089ca901380f0a1e080210011a0408c19804220408d386012a0408f0ed01320408fda301380f0a1e080310011a04088c9a04220408e684012a0408ccf101320408d9a301380f0a1e080410011a0408c699042204088084012a0408bbf1013204088aa401380f0a1e080510011a0408e1a0042204088a87012a04088ff301320408c8a601380f0a1e080610011a0408a29c04220408cc83012a0408d4f30132040881a501380f0a1e080710011a0408c2a504220408ea84012a0408fdf501320408daaa01380f0a1e080810021a040890ba04220408e683012a0408f0f601320408b9bf01380f0a1e080910021a0408df8f05220408b9fc012a04088bf1013204089aa201380f0a1e080a10021a04089f9604220408c384012a0408f2ef01320408e9a101380f0a1e080b10021a0408959404220408f483012a0408a2ef01320408fea001380f0a1e080c10021a0408c79504220408b483012a04088aef0132040888a301380f0a1e080d10021a0408b99604220408b082012a04089cf101320408eca201380f0a1e080e10021a0408879a042204089f83012a04089bf301320408cca301380f0a1e080f10021a0408b19e042204088883012a040881f601320408a6a501380f0a1e081010021a0408f19a04220408dd84012a04088df20132040886a401380f0a1e081110021a04088e9d04220408f184012a0408b2f201320408eaa501380f0a1e081210021a0408e09904220408f083012a040883f101320408eda401380f0a1e081310021a0408a49d04220408f083012a0408bff401320408f4a401380f0a1e081410021a0408f5a004220408a283012a04088af401320408c8a901380f0a1e081510021a0408debd042204089384012a0408e2f201320408e7c601380f0a1e081610021a0408dae1052204089fd2022a0408d2f001320408e89e01380f0a1e081710021a0408c993042204089083012a0408deef01320408daa001380f0a1e081810021a04089c9004220408b982012a0408c4ee013204089d9f01380f0a1e081910021a0408da9004220408bb83012a0408a3ed01320408fb9f01380f0a1e081a10021a0408b39204220408b582012a0408c4ef01320408b8a001380f0a1e081b10021a0408e19d04220408a882012a0408a9f60132040890a501380f0a1c081c1a0408c4b804220408ee85012a0408caf3013204088bbf01380f0a1c081d1a0408e88905220408f3fa012a0408e2ed0132040892a101380f0a1b081e1a0408f88504220308ad7f2a0408fde701320408cd9e01380f0a1c081f1a0408fb9f04220408d185012a0408eff301320408baa601380f0a1c08201a0408fc9f04220408b885012a0408fdf501320408c6a401380f0a1c08211a0408d19904220408fb80012a0408f8f301320408dea401380f0a1c08221a0408d9c204220408f284012a0408ebf801320408fcc401380f0a1c08231a0408d3a005220408ce88022a0408dbf301320408a8a401380f122d0801152665733e1de19a4b3d20012a1d08091d600560422540218a41281430153d66771042400248025032583b1a4a080115e32bfb3e1d36c91d3e20012a191d609f60422593d26142280a300b3daa16de424002500758012a1f080110011dc0028b42250061ad41281530153d540cc042400248025035580f20c60228003000',1764190503,0,1535109519,0,6,NULL,NULL);
INSERT INTO DriverSessions VALUES(291,18,15,0,4,'the_real_Sulli',2,NULL,'Racing Bulls',2,2,3000,0,'1:11,2:22,0:2',67219,1,3,15,3,0,0,0,0,0,0,1,26,108,'the_real_Sulli',35,0,0,X'010a1e080110011a0408daa404220408fc96012a0408deef01320408ff9d01380f0a1e080210011a04088e8f04220408a282012a0408b8eb01320408b2a101380f0a1e080310011a0408938d04220408a681012a040881eb01320408eba001380f0a1e080410011a0408d09904220408d686012a0408d2f001320408a6a201380f0a1e080510011a0408ec97042204089985012a04088bf101320408c7a101380f0a1e080610011a0408d29c042204088086012a0408d8f101320408faa401380f0a1e080710011a0408cea0042204088285012a0408a2f701320408a9a401380f0a1e080810011a0408a29e04220408f882012a0408e6f501320408c4a501380f0a1e080910011a0408df9c042204089a82012a0408b3f30132040891a701380f0a1e080a10011a0408d69e042204089983012a0408cdf401320408efa601380f0a1e080b10011a0408e49f042204089883012a0408ccf601320408ffa501380f0a1e080c10021a040894c004220408cd83012a040893fa01320408b2c201380f0a1e080d10021a0408e78705220408a0fc012a0408afed01320408969e01380f0a1e080e10021a0408cc9304220408dc87012a04089eed01320408d19e01380f0a1e080f10021a0408fd8d04220408e681012a040894ec0132040882a001380f0a1e081010021a0408c99304220408fb85012a0408f8ed01320408d59f01380f0a1e081110021a0408f29404220408a083012a0408b5ef013204089ca201380f0a1e081210021a0408d49304220408d581012a04089af101320408e4a001380f0a1e081310021a0408c69104220408af81012a040890f00132040886a001380f0a1e081410021a04089a9804220408d281012a0408faf201320408cca301380f0a1e081510021a0408cc97042204088883012a0408cef301320408f5a001380f0a1e081610021a0408a59704220408de83012a0408a5f101320408a0a201380f0a1e081710021a0408989504220408ec83012a0408daf101320408d29f01380f0a1e081810021a0408ee9904220408a786012a0408c1f10132040885a201380f0a1e081910021a04088897042204088e84012a0408b2f001320408c7a201380f0a1e081a10021a0408c99a04220408a087012a04088df2013204089ba101380f0a1e081b10021a0408f09804220408f684012a040887f101320408f3a201380f0a1e081c10021a0408989904220408b285012a0408a6f101320408bfa201380f0a1e081d10021a0408d09c04220408a585012a04089cf4013204088fa301380f0a1e081e10021a0408ce9b04220408aa86012a0408a1f20132040882a301380f0a1e081f10021a0408ee9b042204088085012a0408daf20132040893a401380f0a1e082010021a0408c6a104220408d286012a0408abf501320408c9a501380f0a1e082110021a040895a104220408d485012a0408d7f501320408e9a501380f0a1b08221a0408a6910b220408c589022a040883da013203089c04380f124c0801158d221b3f1dadb7993e20032a1b080810011db8f9f5412556dc8341280330033dc4e42443501058102a1f080b10011da034e842251ae1d342281330153d1b6e804340024802501b581b1a4a08011519f1f43f1d8890ad3e20032a1908081da4e087432593d48243280330073d3a711544501c581b2a1f080d10011dc00e9c422580ab4842282130223db2594a4340024802504f582a20ba02281030cbfa03',1764190503,0,1535109519,0,5,NULL,NULL);
INSERT INTO DriverSessions VALUES(292,16,1,8,1,'BSGabry_',6,NULL,'Haas',0,0,2494470,0,'1:9,2:12,2:15',66670,2,24,15,0,0,0,0,0,0,0,1,8,108,'BSGabry_',36,0,0,X'010a1e080110011a0408e8b504220408ffa2012a0408deef013204088aa301380f0a1e080210011a0408d98f04220408d781012a0408b6ed01320408cca001380f0a1d080310011a0408ab9b04220308fb7e2a04089cf70132040893a501380f0a1e080410011a0408f99d04220408ec82012a0408fdf3013204088fa701380f0a1e080510011a0408faa204220408a483012a0408e4fa01320408f2a401380f0a1e080610011a0408d1a104220408a484012a040894fa0132040898a301380f0a1e080710011a0408d49704220408b682012a0408a9f101320408f4a301380f0a1e080810011a0408839c04220408b186012a0408def101320408f3a301380f0a1e080910011a04088c9804220408e683012a040882f001320408a3a401380f0a1e080a10021a040886b304220408a084012a0408c6f2013204089fbc01380f0a1e080b10021a04088b8605220408d9f8012a0408edec01320408c5a001380f0a1e080c10021a0408808d042204089083012a0408b3eb01320408bd9e01380f0a1e080d10021a0408d88c04220408a280012a0408f8eb01320408bda001380f0a1e080e10021a0408cf9804220408e084012a040887ee01320408e7a501380f0a1e080f10021a0408f08d042204089381012a040885ec01320408d7a001380f0a1e081010021a04089c95042204089785012a0408bdee01320408c7a101380f0a1e081110021a0408e69604220408d385012a0408faed0132040899a301380f0a1e081210021a0408f59104220408fd83012a04089eed01320408d9a001380f0a1e081310021a0408a59004220408f983012a0408e7ec01320408c59f01380f0a1e081410021a0408819704220408e282012a0408e7f301320408b7a001380f0a1e081510021a04088c9804220408bf83012a0408fdf301320408cfa001380f0a1e081610021a0408a9ae042204088483012a0408e4f101320408c0b901380f0a1e081710021a0408c284052204088ffa012a0408a9ec013204088a9e01380f0a1d081810021a0408ee8804220308c57f2a0408f5eb01320408b39d01380f0a1e081910021a0408cd8d04220408ed83012a0408c0eb01320408a09e01380f0a1e081a10021a0408c58a04220408fb81012a0408a4ea01320408a59e01380f0a1e081b10021a0408e58d04220408b982012a04089deb013204088da001380f0a1e081c10021a0408a38e04220408e782012a0408e3ec01320408d89e01380f0a1e081d10021a0408ba9004220408cd82012a0408bbee01320408b19f01380f0a1e081e10021a0408f08c04220408a080012a0408faeb01320408d6a001380f0a1e081f10021a0408c09604220408e785012a0408d7ef0132040881a101380f0a1e082010021a0408bc94042204088084012a040884ef01320408b7a101380f0a1e082110021a0408b39604220408b983012a0408b6f001320408c2a201380f0a1e082210021a0408e89304220408fa82012a0408ccef01320408a1a101380f0a1e082310021a0408d79b042204088885012a04089cf201320408b2a401380f0a1e082410021a0408849c04220408a582012a040897f001320408c7a901380f12800208011588152e401dc9649a3f200c2a19080c10011d3f0f4e432597ea0543280330063df9470e4350152a17080b1db4f35a432521651543280330063d0526c54350162a1b080e10011d983d6f42251b334642280630073d4bff2243502058202a1f080b10011de0ff4742258061fc41280c300d3d8058e94240024802500758082a1d080110011d50c97c4225a0330742280e300f3d104812434002500d58472a1f080710011de03a244225804ff941281830183d45b0eb42400248025005581c2a1f080810011da0c672422500c7f641281d301e3d7395fd4240024802501b58382a1d08051dc00e9c422580733842282130223d2e2bba4240024802502a584f1a9d020801158a562d3f1d0f108a3f20072a17080b1d28c5f041258e2bf341280330033db0272c40500e2a17080c1d609d20422593d02142280630063dd53d1142501d2a19080e1d11c27143256ad96843280330063db167a641501558162a1b080a10011da4287243255ed29a42280330073d465bfa3e5018581d2a1f080b10011de0e6e34225cac8b742281330153d5e840343400248025022581b2a1f080510011df09ae7422540ad9641281330153d875f2d41400248025022581b2a1f080a10011d80d21a42254d5b6241281830193da85de43e40024802500558402a1f080710011dc0623c422526998b412819301a3dece7ef4140024802500a581f2a1f080810011db0e4c04225134b5842281e301f3d9aec414240024802501f583b20c102280930a5d902',1764186544,1764192952,1535109519,1535109519,13,X'01',NULL);
INSERT INTO DriverSessions VALUES(293,16,2,9,31,'Borbodinio',4,NULL,'Aston Martin',0,0,2502026,0,'1:13,2:23',67692,1,2,15,0,0,0,0,0,0,0,1,32,228,'Borbodinio',36,0,0,X'010a1e080110011a0408b09f04220408b395012a0408efec013204088d9d01380f0a1e080210011a0408ec9004220408a081012a0408e9ee01320408e2a001380f0a1e080310011a0408dc9604220408a683012a0408bbf101320408f9a101380f0a1e080410011a04089e9804220408ae83012a0408e9f20132040886a201380f0a1e080510011a0408ad99042204089584012a040881f20132040896a301380f0a1e080610011a0408aa9a042204088a82012a0408ecf301320408b3a401380f0a1e080710011a0408d79904220408f181012a0408b5f401320408b0a301380f0a1e080810011a0408969e04220408fd83012a0408fbf5013204089da401380f0a1e080910011a0408e69c04220408ae83012a0408d1f401320408e5a401380f0a1e080a10011a0408e79d04220408fa83012a0408a6f401320408c6a501380f0a1e080b10011a0408cd9e04220408b483012a0408e7f501320408b1a501380f0a1e080c10011a0408ae9f04220408a684012a0408cff401320408b9a601380f0a1e080d10011a0408adb104220408c886012a0408bcfa01320408a8b001380f0a1e080e10021a0408e2c5042204089f86012a0408effa01320408d3c401380f0a1e080f10021a0408d18c05220408cffb012a0408ebed0132040896a301380f0a1b081010021a0408d79004220308937f2a0408caf101320408f99f010a1c081110021a0408fb9004220408a081012a0408d1f0013204088a9f010a1e081210021a0408939104220408e382012a0408e7ee01320408c89f01380f0a1e081310021a04088f9104220408bd80012a040886ef01320408caa101380f0a1e081410021a0408c29304220408ac82012a040881f00132040894a101380f0a1e081510021a0408c09604220408cf83012a0408dbf00132040896a201380f0a1e081610021a0408f09504220408c881012a0408ccf001320408dba301380f0a1e081710021a0408f19604220408a283012a04088df101320408c1a201380f0a1e081810021a0408aa9b042204089c83012a0408fbf10132040891a601380f0a1e081910021a0408f09604220408e182012a0408a3f101320408eca201380f0a1e081a10021a0408ab9a042204088c84012a0408e1f301320408bda201380f0a1e081b10021a0408e09f04220408f884012a0408c6f601320408a0a401380f0a1e081c10021a0408969804220408a582012a040887f201320408e9a301380f0a1e081d10021a04089b9804220408cc83012a0408f6f201320408d7a101380f0a1e081e10021a0408e69c04220408cc84012a0408f2f401320408a6a301380f0a1e081f10021a0408859d04220408a783012a0408f4f401320408e8a401380f0a1e082010021a0408b9a204220408ea84012a0408e4f501320408e9a701380f0a1e082110021a0408a7a0042204089986012a0408c3f301320408caa601380f0a1e082210021a0408d29f04220408f882012a040890f801320408c9a401380f0a1e082310021a0408ae9f04220408c883012a0408a7f601320408bea501380f0a1e082410021a0408fea004220408c784012a0408c6f801320408f0a301380f1271080115d0aa2d3f1de952dc3e20052a1f080a10011d00a064422593ea3742280f30103dd438a84340024802500258192a1f080c10011d80e5834225c09a5042280f30103d601fcd4240024802500358142a1f080410011d60c7754225c00cba41281230133d78cab04240024802500e58261aa701080115d76f8c3f1d36c91d3f20042a1908051db8f9f541251e60f841280330033d8952aa42501058102a1b080710011d70cf574225802a6b41280e300e3d07912442504c58452a1f080a10011dc0fd7d422533880642281030113dba764140400248025006581d2a1f080c10011df082d1422533d11642281030123dfff28e4240024802500858172a1d080d1da0c672422500933042281d301e3d7c111443400248025038581b20bb02280930b1b302',1764186544,1764192957,1535109519,1535109519,8,X'01',NULL);
INSERT INTO DriverSessions VALUES(294,16,3,10,3,'seanmul10',5,NULL,'Ferrari',0,0,2502304,0,'1:8,2:12,2:16',67287,2,29,15,0,0,0,0,0,0,0,1,72,190,'seanmul10',36,0,0,X'010a1e080110011a0408dcb80422040887a1012a04088ff501320408c5a201380f0a1e080210011a0408a09104220408e881012a0408eced01320408cba101380f0a1d080310011a0408c19304220308ef7f2a0408d3f001320408fea201380f0a1e080410011a0408bda004220408f484012a0408fff301320408c9a701380f0a1e080510011a0408bd9804220408ac82012a0408f5f1013204089aa401380f0a1e080610011a0408c49a042204089587012a040887f101320408a6a201380f0a1e080710011a0408829704220408d284012a040898f00132040897a201380f0a1e080810011a0408ba9c04220408a387012a0408f4f101320408a2a301380f0a1e080910021a0408ffb904220408de86012a0408eff201320408b1c001380f0a1e080a10021a0408879005220408c781022a0408adf001320408929e01380f0a1e080b10021a0408a98e042204089482012a0408deec01320408b79f01380f0a1e080c10021a0408859104220408ef84012a0408f1ec01320408a49f01380f0a1e080d10021a0408a79804220408e485012a0408adf20132040896a001380f0a1e080e10021a04089197042204088483012a040883f00132040889a401380f0a1e080f10021a0408958f042204089c81012a0408c4ee01320408b59f01380f0a1e081010021a0408ab9504220408ed83012a0408a3f0013204089aa101380f0a1e081110021a0408af9604220408c984012a0408bcef01320408a9a201380f0a1e081210021a0408c09304220408fc82012a0408deef01320408e6a001380f0a1e081310021a0408b19204220408bb81012a0408cdf001320408a8a001380f0a1e081410021a0408a09704220408fe80012a0408f6f301320408aba201380f0a1e081510021a04088dce04220408fc83012a0408d48b02320408bdbe01380f0a1e081610021a0408e686052204088fff012a0408ffea01320408d69c01380f0a1e081710021a0408f38f04220408bc83012a040885ed01320408b19f01380f0a1e081810021a0408888e04220408c883012a0408a7ed01320408999d01380f0a1e081910021a04088c9004220408f283012a040897ee01320408839e01380f0a1e081a10021a0408c79004220408b284012a0408eded01320408a79e01380f0a1e081b10021a0408b79104220408ee85012a0408faec01320408cd9e01380f0a1e081c10021a0408a09204220408d683012a0408a5ee01320408a4a001380f0a1e081d10021a0408d78d042204089e81012a0408d9ec01320408df9f01380f0a1e081e10021a0408839604220408e685012a040892f00132040889a001380f0a1e081f10021a0408de9404220408d985012a0408fbee0132040888a001380f0a1e082010021a0408989504220408f384012a0408ebef01320408b9a001380f0a1e082110021a0408e594042204089185012a0408b2ef01320408a2a001380f0a1e082210021a0408fe99042204088386012a0408cdef01320408ada401380f0a1e082310021a0408fc9504220408a385012a0408c2f00132040896a001380f0a1e082410021a0408a59e042204089982012a0408f6f70132040895a401380f129b0108011553a4c13f1d63c7613f20062a19080d10011d28c5f04125269f9d41280330033d3fff9c43580e2a19080910011d19e6144325f6400a43280330053d2c180e4458122a17080c10011d6fc33143258f9f0c43280330053df02313432a1d080110011d707b954225a0371242280e300f3d728c93434002500c58472a1d080d1de0e6e342252a3dac42281330153d8375114340024802501b58221ab601080115f804183f1dbbae2b3f20052a19080910011d889630422543cf0442280530053d3eca2d4058182a19080e10011d01b437432538cc1343280330053d0bc4924058142a19080d10011db4f35a4325d9d81343280330063d61be1f4258162a17080c10011d9819a64225cd9c6541280530063d1debde412a1d080d1de0ff47422580f52042280c300d3d0612b94240024802500858072a1d08051da034e842256a83d442281330153dc816264240024802501b581b20bc022800303c',1764186544,1764192962,1535109519,1535109519,11,X'01',NULL);
INSERT INTO DriverSessions VALUES(295,16,4,11,9,'p1Xx',2,NULL,'Racing Bulls',0,0,2507534,0,'1:8,2:13,2:15',67002,2,27,15,0,0,0,0,0,0,0,1,41,58,'p1Xx Retardmaxxing',36,0,0,X'010a1e080110011a0408bed104220408e9af012a0408a2f601320408b3ab01380f0a1e080210011a0408f38f04220408bd81012a0408cbec01320408eaa101380f0a1e080310011a04089f9604220408b580012a040893f401320408d6a101380f0a1e080410011a0408939c04220408f880012a0408a6f201320408f4a801380f0a1e080510011a0408c59b04220408d781012a0408acf201320408c1a701380f0a1e080610011a0408dc9c042204088683012a0408f6f201320408dfa601380f0a1e080710011a0408e89d042204088483012a040884f501320408dea501380f0a1e080810011a0408d69b04220408e381012a0408e4f4013204088fa501380f0a1e080910021a04089aba042204089683012a0408d7f301320408acc301380f0a1e080a10021a0408ec8a052204088bff012a0408eaeb01320408f69f01380f0a1e080b10021a0408b293042204088d81012a0408dcef01320408c9a201380f0a1e080c10021a0408cc8d042204089180012a0408baed0132040880a001380f0a1e080d10021a0408ff9304220408ae84012a0408c8ef0132040887a001380f0a1e080e10021a0408b69504220408af83012a0408e3f001320408a4a101380f0a1e080f10021a0408ad96042204089c83012a0408c5f101320408cba101380f0a1e081010021a0408d994042204089b82012a0408e7ef01320408d6a201380f0a1e081110021a0408b29704220408b884012a0408c3f001320408b7a201380f0a1e081210021a0408fa9c04220408ec84012a0408b6f301320408d6a401380f0a1e081310021a0408c29c04220408a786012a04089ff301320408fba201380f0a1e081410021a0408bb9404220408bd80012a0408bef101320408bfa201380f0a1e081510021a0408e696042204088081012a04088cf301320408d9a201380f0a1e081610021a0408aeb704220408fc81012a0408e4f301320408cdc101380f0a1e081710021a04089c8d05220408a885022a0408fde901320408f69d01380f0a1e081810021a0408cd8b04220408a281012a040888ed01320408a29d01380f0a1e081910021a0408ab8e04220408c782012a0408eeec01320408f59e01380f0a1e081a10021a0408c49204220408a284012a0408a2ed01320408ffa001380f0a1e081b10021a0408ba8b042204089f81012a0408c5eb01320408d59e01380f0a1e081c10021a0408989304220408fc83012a040882ee0132040899a101380f0a1e081d10021a04089c9304220408a883012a0408baee01320408b9a101380f0a1e081e10021a0408849604220408ff82012a040880f10132040884a201380f0a1e081f10021a0408f29404220408ec82012a0408e7f0013204089ea101380f0a1e082010021a0408bc9704220408e982012a0408dcf101320408f5a201380f0a1e082110021a0408c39c042204089a84012a04088ff60132040899a201380f0a1e082210021a0408b89804220408ea82012a0408c4f20132040889a301380f0a1e082310021a0408c29704220408e381012a040891f201320408cda301380f0a1e082410021a0408899804220408c783012a0408f2f101320408cfa201380f12fa0108011508e722401d9d07893f20082a1908011d671c00432546ee8e41280330043dddbdfd40501458102a1b080210011d83341b432598eaff42280330053d3d06bf43501558142a1b080a10011d2c9aa942251c828d42280530063de7c2be43501e58212a19080e1da8b1c2422586bdd641280830093d7208a8405035582f2a1908011d7833c94225129db542280830093dbf1eeb42503558292a1f080110011dc0018d422540271a42281a301b3d5478fb4240024802500f58232a1d080e1de054c642257a248e42282130223df1ceb04240024802503158352a1f080710011de072574325a0cead42282030233d7684654340024802502f583c1afc010801158a36153f1d3721af3e20032a1b080310011d75753d4325e0ee3b42280330053dc55da23f501658162a1710011d2c1135432567c02543280330053d1a03bd4150182a19080c10011d285c1f42250df66341280630073d87dba13d50262a1b080a10011d7833c942258a9a8a42280830093d415acd41503558352a1d08081d60c775422520cd0742281230133d0ad0be42400248025026580e2a1d080e1d50db3d4325c037b942281e30213d3ac54e42400248025028582b2a1f080710011d006071422566b8c041282330243d1f86824140024802503758422a1f080110011d0002fe4125e69afd41282430243d9254e34140024802503c584a20bd0228003000',1764186544,1764192967,1535109519,1535109519,4,X'01',NULL);
INSERT INTO DriverSessions VALUES(296,16,5,12,7,'Dimitris Stavroulis',7,NULL,'McLaren',2,0,2508166,0,'1:14,2:22',67469,2,23,15,0,0,0,0,0,0,0,1,26,86,'Dimitris Stavroulis',36,0,0,X'010a1c080110011a0408dfca04220408fead012a040890f701320408d0a5010a1c080210011a0408849204220408e781012a0408f6ec01320408a6a3010a1d080310011a0408f39004220308e67f2a040892ef01320408f9a101380f0a1e080410011a0408ac9904220408c582012a0408a3f101320408c4a501380f0a1e080510011a04088ca1042204088181012a0408a9f901320408e1a601380f0a1e080610011a0408aca0042204089f83012a0408eff7013204089da501380f0a1e080710011a0408cb9b04220408ce81012a0408d5f401320408a7a501380f0a1e080810011a0408be9b04220408e781012a0408baf5013204089da401380f0a1e080910011a0408ca9d04220408a382012a0408a0f40132040886a701380f0a1e080a10011a0408be9b04220408c780012a040896f501320408e0a501380f0a1e080b10011a0408aaa0042204089e83012a04088ff501320408fba701380f0a1e080c10011a0408bac604220408e985012a040884f601320408ccca01380f0a1e080d10011a0408f9b1042204089e86012a04089af601320408c0b501380f0a1e080e10011a040897a804220408c487012a0408fff801320408d2a701380f0a1e080f10021a0408f0c304220408f685012a0408bffa01320408bac301380f0a1e081010021a0408f5a0052204088084022a04088bf601320408eaa601380f0a1e081110021a0408cf9304220408c281012a0408aef001320408dea101380f0a1e081210021a0408cb9004220408fd81012a0408a4ee01320408aaa001380f0a1e081310021a0408e59104220408bd81012a0408e9ef01320408bea001380f0a1e081410021a0408c993042204088284012a0408c0ee0132040886a101380f0a1e081510021a0408f09704220408e181012a0408a0f101320408eda401380f0a1e081610021a04089d91042204089786012a0408a6ed01320408df9d01380f0a1e081710021a04088d8f04220408a580012a0408bcee01320408aba001380f0a1e081810021a0408909304220408d680012a040884f001320408b5a201380f0a1e081910021a0408c49a042204088384012a0408aef20132040892a401380f0a1e081a10021a0408a49d042204088b83012a0408e0f501320408b8a401380f0a1e081b10021a0408d394042204088c85012a0408faef01320408cb9f01380f0a1e081c10021a0408959204220408c481012a0408f8ee01320408d7a101380f0a1e081d10021a0408d09204220408a281012a0408f7ef01320408b6a101380f0a1e081e10021a04088d9504220408eb81012a0408eef001320408b3a201380f0a1e081f10021a0408969604220408cc81012a0408d8f101320408f0a201380f0a1d082010021a0408959c04220308e17e2a0408e6f601320408cda601380f0a1e082110021a0408a89804220408f182012a0408b2f00132040884a501380f0a1d082210021a0408dd9704220308c77f2a04089df301320408f7a401380f0a1e082310021a0408b39904220408c582012a0408a6f201320408c6a401380f0a1d082410021a0408d09504220308e67f2a040881f301320408e8a201380f12e1010801159461bb3f1dad0fc23f20072a1b080a10011d6bf2124325e8b30843280330053d20a90a44501058172a1b080910011db0d31642258d404441280530053db6027c43501758182a19080c10011d700361422543062a42280530063daf008143501b2a1d08061dc0028b422580e56241281530163d1e835f4240024802500f58352a1d080e1d708f104325f3585942282030223de782964340024802503e58312a1f080710011d207fc6422500827442282230233d3f9b954340024802504358402a1d08041d0002fe4125e69afd41282430243d1b47754240024802504a583c1add010801152b7f353f1d2c1f4d3f20062a1b080410011d671c0043251e548941280330053d1efa7f3f501058142a1b080210011d2c718e4325b68fdb42280330073de5d4aa415015581a2a1b080410011d7833c94225c261b6422808300a3d67d82d41502958352a1b080d1d50c97c422590e93042280e300f3df473924248025047580d2a1b080b1d706073422570ca3a42280e300f3d6bcab64048025048580c2a1d08041dc0018d422520314042281a301b3def0ce542400248025023580f2a1d080e1d007e1e432530190443281e30203db86b0242400248025036582820cc0228003000',1764186544,1764192973,1535109519,1535109519,1,X'01',NULL);
INSERT INTO DriverSessions VALUES(297,16,6,13,5,'Pub_Dogg',8,NULL,'Mercedes',0,0,2510937,0,'1:14,2:22',67225,1,2,15,0,0,0,0,0,0,0,1,97,228,'Pub_Dogg',36,0,0,X'010a1e080110011a0408f3a904220408ed9a012a0408f4ee0132040890a001380f0a1d080210011a0408998d04220308f57f2a040885ed013204089ea001380f0a1e080310011a0408d39304220408a782012a0408c6ed01320408e5a301380f0a1e080410011a0408929904220408f181012a0408a8f301320408f8a301380f0a1e080510011a0408dd98042204088e81012a0408bcf40132040892a301380f0a1e080610011a0408c29a042204088283012a0408b8f30132040887a401380f0a1e080710011a0408dd9b042204089784012a0408a1f301320408a3a401380f0a1e080810011a0408a49e04220408ac82012a0408c9f701320408aea401380f0a1e080910011a0408cb9c04220408a583012a0408b6f301320408eea501380f0a1e080a10011a0408c29e042204089f84012a0408aaf401320408f7a501380f0a1e080b10011a040892a1042204089e83012a0408a5f601320408cfa701380f0a1e080c10011a0408b2a804220408a682012a040880fb013204088aab01380f0a1e080d10011a04088ba904220408b486012a0408a3fc01320408b3a601380f0a1e080e10011a0408bea7042204089c85012a0408eafb01320408b7a601380f0a1e080f10021a0408ffc204220408e286012a0408b5fa01320408e7c101380f0a1e081010021a0408ce8f05220408bafe012a0408f0f001320408a3a001380f0a1e081110021a0408fc95042204088282012a040890f301320408e9a001380f0a1d081210021a0408809904220308df7f2a0408b4f101320408eca701380f0a1e081310021a0408c39f042204089682012a0408edfa01320408bfa201380f0a1e081410021a0408b69c042204088183012a0408fbf401320408b8a401380f0a1e081510021a0408a29404220408d381012a040884f001320408caa201380f0a1e081610021a0408ea9a04220408af86012a0408e9f101320408d1a201380f0a1e081710021a0408b89804220408af84012a0408acf301320408dca001380f0a1e081810021a0408a29b042204088a85012a040882f20132040895a401380f0a1e081910021a0408f99404220408b881012a0408a7f20132040899a101380f0a1e081a10021a0408e699042204088987012a0408fff201320408dd9f01380f0a1e081b10021a0408a29904220408c886012a040880f101320408d9a101380f0a1e081c10021a0408bd9904220408d485012a0408b7f201320408b0a101380f0a1e081d10021a0408db9b042204088a87012a0408fef201320408d2a101380f0a1e081e10021a0408839c04220408de86012a0408bdf201320408e7a201380f0a1e081f10021a0408929b04220408aa85012a040881f401320408e5a101380f0a1e082010021a0408a49c04220408de86012a0408fef401320408c7a001380f0a1e082110021a0408a99c04220408ef85012a0408b3f30132040887a301380f0a1e082210021a0408b89f04220408ad85012a0408f1f70132040899a201380f0a1e082310021a0408d9a804220408d486012a0408eafb013204089aa601380f0a1e082410021a0408eea404220408e786012a0408eaf7013204089ca601380f12eb01080115eca8ba3f1d8d41b73e20042a1b080e1d38950843259aacf742281130133d944f6d434002500758112a1d10011d60973a4225d3371242281330143db641934340024802500b58192a1f080310011d40afb7422500cca142281330143d564d364340024802500d58342a1f080c10011d60ce42422560e10342281430153d9da82b4240024802500f58212a1f080a10011de016ba422510b89242281430153d2d01bd4240024802500e582d2a1d080d1dc0623c4225e6fe87412819301a3dd030074240024802501f580a2a1d08041d00607142256661bb41282330243d873e354240024802504258371aa2020801150a45983f1de3ba8c3f20082a16080e1dd04a95422520d55742281030114002500358092a1d10011da048d542251ab38642281430153d80e8954040024802500f581c2a1f080310011d801e92422533024642281430153d74f6d63f40024802501058392a1d080d1de03a244225a0680f42281830183d81da984240024802501c58052a1f080a10011d803f36422500039241281830193d3590084140024802501c58402a1d080e1de099a7422560b38542282130223d6093f24240024802503c58322a1d08041de072574325e01fbe42282030233d6f91234340024802503c582f2a1d08011d207fc64225c0689142282230233de7c80d4140024802504058432a1d10011dc0370b4225736a0a42282430243d6ceee642400248025046582520c6022802309d20',1764186544,1764192979,1535109519,1535109519,7,X'01',NULL);
INSERT INTO DriverSessions VALUES(298,16,7,4,27,'PhantomFox456',1,NULL,'Sauber',0,0,2514368,0,'1:13,1:9,2:14',66399,1,16,15,9,0,0,0,0,0,0,1,19,228,'PhantomFox456',36,0,0,X'010a1e080110011a040889bd04220408d3a7012a0408ccf201320408e8a201380f0a1e080210011a0408c092042204088482012a0408d9ed01320408e3a201380f0a1e080310011a0408859404220408d080012a0408d6ee01320408dea401380f0a1e080410011a0408e69d04220408f681012a0408c4f501320408aca601380f0a1e080510011a0408daa3042204088683012a0408daf901320408f9a601380f0a1e080610011a0408ff9a04220408f281012a040887f70132040884a201380f0a1e080710011a0408aaa1042204089986012a04088bf50132040885a601380f0a1e080810011a0408939d04220408ca81012a040885f401320408c3a701380f0a1c080910011a0408ef9704220408fa81012a0408dbf2013204089aa3010a1c080a10011a0408f99b04220408aa83012a0408e2f301320408eda4010a1e080b10011a0408a1a3042204089985012a040898f601320408efa701380f0a1e080c10011a040880ab04220408d885012a0408ecfc01320408bca801380f0a1e080d10011a040894aa04220408cf86012a0408caf901320408faa901380f0a1e080e10011a04089ac404220408db86012a0408b1f9013204088cc401380f0a1e080f10011a0408a48905220408cdf9012a0408f3eb01320408e3a301380f0a1d081010011a0408df8604220308f77e2a0408f9ea01320408ee9c01380f0a1d081110011a0408dc8d04220308b17f2a0408b6ed01320408f3a001380f0a1d081210011a0408e09504220308f97f2a0408cff10132040897a401380f0a1e081310011a0408c69a042204088083012a0408a3f101320408a3a601380f0a1e081410011a0408c790042204089a82012a0408dcec01320408d0a101380f0a1e081510011a0408b39704220408d383012a0408daf00132040884a301380f0a1e081610011a0408f69604220408d783012a0408cef101320408d0a101380f0a1e081710021a04089db104220408a183012a0408aef101320408cdbc01380f0a1e081810021a0408808205220408c1f8012a0408c6ea01320408f89e01380f0a1e081910021a0408ed8a04220408ea81012a0408ceea01320408b49e01380f0a1c081a10021a0408858b04220408f280012a040886ec013204088b9e010a1c081b10021a0408d58e04220408ce83012a0408f6eb01320408909f010a1e081c10021a0408e78e04220408ad82012a0408c7ec01320408f29f01380f0a1e081d10021a0408c18e04220408da82012a0408d0ec01320408979f01380f0a1e081e10021a0408e78e04220408d982012a0408b8ed01320408d59e01380f0a1c081f10021a0408a19304220408b981012a0408a2f101320408c5a0010a1e082010021a0408b293042204088980012a040888f101320408a0a201380f0a1e082110021a0408929204220408b381012a0408f3ef01320408eaa001380f0a1e082210021a0408cf9004220408ca80012a04088df001320408f79f01380f0a1e082310021a0408e396042204088783012a0408aaf201320408b1a101380f0a1e082410021a04088995042204089884012a0408e9ef0132040886a101380f12970308011566d416401d3c5b3040200e2a1b080910011d28e73743254e8cce42280330053d5d498543501558132a17080b1d01b4374325fdbe1243280330053d552c444250142a1b080d10011d11c2714325f93c5e43280330063d1e223044501658152a19080c10011d90679042256bb01b42280530063dfefe2043501d2a1d080910011d20d72e42256630ff41280f30103d86e8ab434802500358282a1d080210011d00957b4225e0051e42280f30103d900392434802500358212a1d080710011dd04a95422500a92f42281030113dff13ac434802500958032a1b10011d508f0e4325909fbd42281030123d96a7ca434802500f58142a1d080310011d4099cd4225c0025242281130133d3adc9c4348025011582c2a1d080c10011d009b4b4225736e2042281330143d283fbd4348025019581e2a1f080110011d007e1e432540bbe542281e30203d3e97b04340024802502858362a1f080410011d50db3d43258030bf42281e30213de6a89c4340024802502b58282a1f080710011de099a7422580bf5042282130223dc5d40a43400248025032583c1a9d030801154021573f1d833b453f20052a1b080a10011dd61a824325b5653443280330063d89d582415017581b2a19080d1d983d6f4225cb707042280630073d8512ae42502058202a1b080410011db8edc34225a659e2412808300a3d5ebbcf3f502f58352a1d080910011de09703422566dd8d41281030103d4ed3bb3f48025005582a2a1d080210011d40f04e4225e63bf241281030113d8baf11424802500758252a1d080710011d38950843259a46f842281130133d124cd2414802501158072a1b10011de09741422593cf0c42281230133ddd6ad83f4802501558172a1d080310011db00290422593942f42281330143da0f6af3e4802501a58332a1d080a10011dc0e49e422513dd3e42281330143de65fc2404802501b582a2a1d080c10011d80cb4742252613a141281430143d5fe807424802501d58202a1f080110011db0f50f43253a9e9942282030223df1d80141400248025031583e2a1f080410011de054c642259ad78e42282130223de043ab4140024802503558312a1f080710011dc0788a422533340b42282230233dee762d42400248025037583f20c50228003000',1764186544,1764192985,1535109519,1535109519,14,X'01',NULL);
INSERT INTO DriverSessions VALUES(299,16,8,3,8,'owise11',10,NULL,'Williams',0,0,2517131,0,'1:8,2:12,2:16',66699,2,11,15,6,0,0,0,0,0,0,1,41,230,'owise11',36,0,0,X'010a1e080110011a040893d304220408f8ad012a0408d4fa01320408c6aa01380f0a1e080210011a0408c591042204088682012a040887ef01320408b7a001380f0a1d080310011a0408829704220308d67f2a0408cff601320408dca001380f0a1e080410011a0408d59a04220408cd80012a040885f30132040882a701380f0a1e080510011a0408efb404220408c881012a04089ff60132040887bd01380f0a1e080610011a0408d59b04220408e484012a0408c9f201320408a7a401380f0a1e080710011a0408989b042204088184012a0408ecf101320408aaa501380f0a1e080810011a04088e9a04220408b483012a0408ddf201320408fca301380f0a1e080910021a0408cfb8042204088285012a0408c0f4013204088cbf01380f0a1e080a10021a040896c105220408a4ad022a0408e1f20132040890a101380f0a1e080b10021a04088b8904220408cb80012a0408bfea01320408809e01380f0a1e080c10021a0408cf8f04220408ad81012a0408c9ed01320408d9a001380f0a1e080d10021a0408b49304220408b080012a0408e8f1013204089ba101380f0a1e080e10021a0408d28f042204088f81012a0408dfed01320408e3a001380f0a1e080f10021a0408b49004220408a982012a0408bbed01320408cfa001380f0a1e081010021a0408a392042204089183012a040882ef013204088ea001380f0a1e081110021a0408f69104220408a882012a0408c6ed0132040888a201380f0a1e081210021a0408979f042204088f83012a0408c1f301320408c6a801380f0a1e081310021a040885a004220408be84012a040881f701320408c5a401380f0a1e081410021a0408f4a2042204088586012a0408c8f701320408a7a501380f0a1e081510021a0408b0c104220408e187012a0408aef6013204089fc301380f0a1e081610021a0408f487052204088dfe012a0408f7eb01320408ef9d01380f0a1d081710021a04088b8c04220308887f2a0408daec01320408a8a001380f0a1e081810021a0408b59204220408da80012a0408aaef01320408b0a201380f0a1e081910021a0408e78904220408f080012a040886eb01320408f09d01380f0a1e081a10021a0408de8d042204088b82012a0408b4ed013204089d9e01380f0a1e081b10021a0408e38e042204089d82012a0408bced01320408899f01380f0a1e081c10021a04089f8e04220408b182012a0408a2ed01320408ca9e01380f0a1e081d10021a04088d9104220408e483012a040888ed013204089fa001380f0a1e081e10021a0408ff8f04220408b682012a0408dfed01320408e99f01380f0a1e081f10021a0408b89304220408dc82012a0408c5ef0132040896a101380f0a1e082010021a0408f69104220408d782012a0408a3ef01320408fb9f01380f0a1c082110021a04088a9104220408ce82012a0408d7ed01320408e4a0010a1c082210021a0408829704220408e383012a0408cef201320408d0a0010a1e082310021a0408c092042204089482012a0408baef01320408f1a001380f0a1e082410021a04089e9c04220408c683012a0408d8f401320408ffa301380f12910308011557582d401d7f24a13f200a2a1708041dacaa34432575732543280330053d331c844358182a1708021d7ee3284325488c0043280330053dab43af4258182a15080c1d489b0d422500fc7b41280730083d874943422a1d080610011d609f60422553623842280a300b3d105527434802500158072a1f080910011d40da3a4225809c0f42280c300d3d1e00a643400248025008581c2a1f080210011d4033074225460dbe41280d300e3d5228f94240024802500a58192a1d080a1d50cef64225807b5a42281130133d56da8f4040024802501558242a1d080c1dc066a842250080e641281230133d3bd3a53f400248025016581b2a1d08071da048d542251ab38642281430153de79da74240024802501c580f2a1d080a1d08c21a432520ce4842281330153d0627474040024802501b582d2a1d08031d28342743255dce1843281330153d8dc9234340024802501b58372a1d080c1da0fe42422520fd3d42281530153d442ca84240024802501d58232a1d08071dc0370b4225736a0a42282430243d8a86c44240024802502558461abb010801159f1cc43e1d2c1f4d3f20062a1708031dce6636432566242d43280330053d8683f34158162a19080310011d2034094225a625db41280830093dc9af6042582d2a1f080910011de0d25e4225c6dcca41280d300e3de051874040024802500b58222a16080e1d508f0e4325807ad2422810301240025014580f2a1d08071d60973a422513061942281330143d0cd70e41400248025019580b2a1f080310011d2019e94225664ae3412819301a3d40070a4140024802500a580e20bb0228003000',1764186544,1764192989,1535109519,1535109519,0,X'01',NULL);
INSERT INTO DriverSessions VALUES(300,16,9,1,2,'CUCCO_7',5,NULL,'Ferrari',0,0,2525456,0,'1:4,2:15,2:17',67119,2,22,15,3,0,0,0,0,0,0,1,46,108,'CUCCO_7',36,0,0,X'010a1e080110011a0408e0b304220408d89e012a040881f10132040886a401380f0a1e080210011a0408d88f042204089e80012a0408b3ed0132040886a201380f0a1e080310011a0408879704220408db81012a0408aaf20132040881a301380f0a1e080410011a0408e7a004220408c983012a0408dcf501320408c1a701380f0a1e080510021a0408d4ec042204088d86012a0408b58a0232040891dc01380f0a1e080610021a040887c305220408faaf022a0408fdf2013204088ea001380f0a1e080710021a0408eb8f042204089682012a04088cee01320408c89f01380f0a1e080810021a0408d59204220408e482012a0408d9ee0132040897a101380f0a1e080910021a0408cd9204220408ff83012a0408bcee0132040892a001380f0a1e080a10021a0408fb9204220408be82012a0408a1ef013204089ba10138060a1c080b10021a0408bc9504220408ec84012a0408d7ee01320408f8a1010a1e080c10021a040888a3042204089f85012a04088cf901320408dca401380f0a1e080d10021a0408ff9b042204089484012a0408f8f401320408f2a201380f0a1e080e10021a0408ed98042204088e83012a040881f401320408dca101380f0a1e080f10021a0408ba9704220408a581012a04089bf101320408f9a401380f0a1e081010021a0408969f04220408ac86012a0408e8f50132040880a301380f0a1e081110021a0408cc9704220408db83012a0408eaf10132040886a201380f0a1e081210021a04088c9b04220408c082012a0408fcf301320408d0a401380f0a1e081310021a0408e5a104220408e382012a0408f8f80132040888a601380f0a1e081410021a040897c8042204088c88012a0408f0f6013204089ac901380f0a1e081510021a0408818005220408a1f8012a0408e5eb01320408fa9b01380f0a1e081610021a0408af8c042204089282012a040889ec01320408939e01380f0a1e081710021a0408b78c04220408af84012a0408b6eb01320408d19c01380f0a1e081810021a0408909004220408ba83012a040896ee01320408c09e01380f0a1e081910021a0408f68e04220408ca80012a0408bbee01320408f09f01380f0a1e081a10021a0408b78e04220408a880012a0408a6ed01320408e9a001380f0a1e081b10021a04088298042204088581012a040889f401320408f3a201380f0a1e081c10021a0408e495042204089c83012a0408baf1013204088da101380f0a1e081d10021a0408c39604220408e283012a0408fff301320408e19e01380f0a1e081e10021a0408e99304220408da82012a0408e2f001320408aca001380f0a1e081f10021a0408eb93042204089e80012a0408ecf201320408e0a001380f0a1e082010021a0408d59704220408a981012a0408f0f601320408bb9f01380f0a1e082110021a040897a8042204089f81012a0408868502320408f2a101380f0a1e082210021a0408e098042204088385012a0408daf10132040882a201380f0a1e082310021a0408a99a04220408b284012a0408e4f20132040892a301380f0a1e082410021a0408d4a104220408b485012a0408eaf701320408b5a401380f12f8010801153d1e37401d82e1d03f200a2a17080b1db0952d422543cf0442280530053d0c04604250182a17080c1d01b4374325ca9b2c43280330053dd6c0b74350132a1b1de0d25e4225e6ddc841280d300e3d8bfa3842400248025022580b2a1b080e1da09806422566448e41281030103d48f999414002502a58052a1f080210011d4028844325404b2143280f30133d07859c4340024802502f58292a1d08021da06e694225d3cc4b42281430143d0e37904240024802503b58392a1d080c1d80fa31422580cc8641282030213d890af43f40024802502e581c2a1d080a1dcc858b4325ad8f5243281d30213d5a38a543400248025028581a1aaf02080115f2712b3f1dac8fdb3f200c2a17080b1d19e6144325e1400a43280330053d12d97f4150122a19080d1d3d8d364325f8be3043280330053db2af5941501358142a19080e1d28e7374325f219e142280330053d9b59273f501358152a1908011db0d3164225760eac41280530053d5731093d501858172a1b1d40da3a4225300d3a42280c300d3d7e26104140024802501c58082a16080e1d20d72e422593100242280f30104002502858032a1d08021dc0385d422513633742281330143dc6f4dd4240024802503858352a1f080610011d6005604225c0208e41281430143dc6b4f54040024802503b58322a1f080310011df01ba84225a6d09441281d301e3dc256084140024802502458232a1f080310011dc032454225007f5541282430243d3c44c94140024802503d584020c60228003000',1764186544,1764192995,1535109519,1535109519,9,X'01',NULL);
INSERT INTO DriverSessions VALUES(301,16,10,2,17,'BazokaJo',8,NULL,'Mercedes',0,0,2526333,0,'1:7,2:14,2:15',67594,2,25,15,3,0,0,0,0,0,0,1,86,83,'BazokaJo',36,0,0,X'010a1e080110011a04089fd004220408e0aa012a04088dfa01320408b1ab01380f0a1e080210011a04088e9a04220408fd84012a040893f401320408fea001380f0a1e080310011a0408f197042204088e81012a0408baf301320408a8a301380f0a1e080410011a0408be97042204089c81012a0408d9ef01320408c9a601380f0a1e080510011a040896b504220408fc82012a0408bdf501320408dcbc01380f0a1e080610011a0408f99c042204088583012a0408cef401320408a5a501380f0a1e080710011a0408a69b04220408a483012a040881f30132040880a501380f0a1e080810021a0408a9b404220408cb81012a0408f9f401320408e4bd01380f0a1e080910021a0408868d05220408ccfb012a0408bdef01320408fba101380f0a1e080a10021a0408dc9104220408f480012a04089aee01320408cca201380f0a1e080b10021a04089c9704220408fb83012a0408b1ef01320408efa301380f0a1e080c10021a0408839704220408ac83012a0408f3ef01320408e3a301380f0a1e080d10021a0408bf97042204088a83012a0408eff001320408c5a301380f0a1e080e10021a0408f69704220408e183012a0408efef01320408a4a401380f0a1e080f10021a0408c79604220408fd83012a0408f2ef01320408d7a201380f0a1e081010021a0408a89a04220408b782012a0408d8f20132040898a501380f0a1e081110021a0408809904220408ba82012a0408e9f301320408dda201380f0a1e081210021a0408d49f04220408b482012a0408aef701320408f1a501380f0a1e081310021a040898a204220408e385012a0408bcf601320408f7a501380f0a1e081410021a0408f4a304220408f881012a040899f701320408e2aa01380f0a1e081510021a0408b89e042204088f83012a0408eff501320408b9a501380f0a1e081610021a0408abb904220408a582012a0408f4f50132040891c101380f0a1e081710021a0408fe8405220408aaf9012a0408faeb01320408da9f01380f0a1e081810021a0408b79104220408ae80012a0408ddee01320408aba201380f0a1e081910021a04088a9004220408f280012a0408a0ee01320408f7a001380f0a1b081a10021a0408ab9104220308e87f2a0408e1ee01320408e2a2010a1c081b10021a0408859404220408bf80012a040882f201320408c2a1010a1e081c10021a04088e9804220408f483012a0408bff101320408daa201380f0a1e081d10021a040899a404220408d585012a0408dffc01320408e4a101380f0a1e081e10021a0408c299042204088883012a040898f201320408a1a401380f0a1e081f10021a0408e198042204089682012a0408eff201320408daa301380f0a1e082010021a0408eb9d042204089f86012a04088bf201320408c1a501380f0a1e082110021a0408b39a04220408b886012a0408d2f101320408a7a201380f0a1e082210021a0408e19a04220408bc82012a0408a2f20132040883a601380f0a1e082310021a04089a9c04220408e483012a04089ef30132040897a501380f0a1e082410021a0408c09804220408a084012a0408b0f101320408efa201380f12e60208011552b6bc3f1d4b5a1d3f20032a1908021d526e214225fafd9941280130023d6ad90842500658072a1908041d83283d432570664042280330053d5430f440501658162a1710011dce66364325893b2343280330053dccfa044450162a1908021da8d45b4225a6caf441280530053de0ea2e40501c581d2a151d2034094225c624d741280830083d30614e42502d2a1d08081de0a0a24225cd014141280f30103d35cba84140024802502258042a1b080e1db002904225d3802942281330143dfa913b4040025033581a2a1f080c10011d788e08432560f66c42281330153d325e864340024802503558202a1d08071d801e924225539b4342281430153d43e5694240024802503958102a1b1d2019e94225a647d9412819301a3d812aa14140024802500e580a2a1d08091d3061ac422566f6a041281d301e3d26111f4240024802502458242a1d08091dc03245422500b26841282430243d41fdc441400248025040583d1a8501080115650c0e3e1d53f0a63f200b2a16080e1d4099cd4225604f7842281130134002502c58112a1d08071d40afb74225d018a342281330143db0b18641400248025034580d2a1d10011d28342743258d9b1943281330163ddd327c41400248025037581b2a1f080c10011d40d4224225e651fd41281530163dc80cf84040024802503b582320c10228003000',1764186544,1764193001,1535109519,1535109519,3,X'01',NULL);
INSERT INTO DriverSessions VALUES(302,16,11,5,18,'LankyBrown5515',6,NULL,'Haas',0,0,2529018,0,'1:6,2:14,2:16',67317,2,26,15,9,0,0,0,0,0,0,1,84,228,'Utente',36,0,0,X'010a1e080110011a0408ddae04220408e59c012a0408a5f101320408d3a001380f0a1e080210011a0408a89004220408d581012a0408bded0132040896a101380f0a1e080310011a0408fe9804220408bd82012a0408dbf101320408e5a401380f0a1e080410011a0408daa004220408a484012a04089af6013204089ba601380f0a1e080510011a0408bba904220408c885012a0408c8fc01320408aaa701380f0a1e080610011a0408bfb4042204088285012a04088b8502320408b1aa01380f0a1e080710021a0408d7c104220408dc85012a040883f701320408f7c401380f0a1e080810021a0408e18705220408ebf8012a0408f8ec01320408fca101380f0a1e080910021a0408c19204220408e282012a0408e8ed01320408f7a101380f0a1e080a10021a0408aa9204220408d481012a0408e2ee01320408f4a101380f0a1e080b10021a0408f895042204088d83012a0408abef01320408bfa301380f0a1e080c10021a0408ea9a042204089884012a0408f7f201320408dba301380f0a1e080d10021a0408f295042204089683012a0408dcef01320408ffa201380f0a1e080e10021a0408f69b04220408a984012a0408daf201320408f1a401380f0a1c080f10021a0408859904220408eb82012a0408d3f101320408c5a4010a1c081010021a0408dd9f04220408f183012a0408b7f701320408b4a4010a1e081110021a0408e399042204088180012a04088ff301320408d1a601380f0a1e081210021a0408b6a1042204088f86012a0408c2f501320408e4a501380f0a1e081310021a0408fb9e04220408bf84012a0408e1f401320408daa501380f0a1e081410021a04089ca304220408a486012a0408e9f5013204088ea701380f0a1e081510021a040889c7042204088b85012a0408818102320408fbc001380f0a1e081610021a0408c38605220408d1f9012a0408e2ec013204088fa001380f0a1c081710021a0408de8f04220408eb80012a0408d1ee01320408a1a0010a1c081810021a04088b9304220408e183012a0408a5ed0132040884a2010a1e081910021a04089793042204089f84012a040886ef01320408f19f01380f0a1d081a10021a0408f58d04220308817f2a0408e6ee013204088da001380f0a1d081b10021a04088f8f04220308d37e2a0408a5f00132040896a001380f0a1c081c10021a0408d19104220408fb80012a04088fef01320408c6a1010a1c081d10021a0408ea9704220408dc84012a0408cbef01320408c2a3010a1e081e10021a0408d398042204088684012a0408c2f1013204088ba301380f0a1e081f10021a0408f29704220408d182012a040885f3013204089ba201380f0a1e082010021a0408d39c04220408fd83012a040880f401320408d4a401380f0a1e082110021a0408cc9c04220408a084012a0408d2f301320408d9a401380f0a1e082210021a0408919e04220408a685012a0408e8f30132040883a501380f0a1e082310021a04089e9c042204088684012a040882f30132040895a501380f0a1e082410021a0408d09b04220408f183012a0408aef301320408b0a401380f12d501080115df296a3f1d7948153f20082a19080d10011d609d204225e6e1f041280630063d841ff242581d2a1708041d285c1f42252dc56c41280630073d62c56b3f58262a1708021d0063fc41255688cd41280730073de68e504258292a1d08081df082d1422513051642281030113d2b03b64240024802501758082a1b080e1d205b624225e6d99141281430153d400de3414002501f581d2a1d080a1d0000494225e642c941281530153d4b74094240024802502358322a1d08031d40d42242252652ff41281530153d67808842400248025023583b1aee0308011505ec28401dc9a5274020112a15080b1d6fc331432550d41f43280330053ddcfccc422a19080910011d43f43843251c0f2d43280330053d10148d4358132a17080d1d3f0f4e4325df291243280330063d4b0e114258152a17080e1d90679042252a019142280530063d23f13e41581d2a1708011d70036142255bdf5942280630063d6468d73e581b2a17080a1d18d1234225a0217741280630063df453c03c58242a1510011d489b0d4225a0977d41280730073de84409412a1d08081d80e583422580c77a42280f30103dfbe3234240024802501458032a1d080a1db0c13d432505a83d43280f30123d70825f43400248025016581d2a1d10011dc066a842258019e641281230133db531bf3e40024802501b58162a16080e1d009b4b4225f3922942281330144002501e58192a1d080a1da096f842253acee842281330153de3afa84240024802501f582c2a1d08071d60ce42422560af0b42281430153d42faf840400248025021580f2a1d08031d788e08432500286542281330153dd6c5734040024802502058352a1d10011da0fe424225c0c93c42281530153d4fb36c41400248025023581d2a1f080910011d80fa31422500348941282030213d243e934040024802501c582e2a1f080a10011d80d8314225f3d73142282430243dc72b0843400248025025583220bf0228003000',1764186544,1764193021,1535109519,1535109519,12,X'01',NULL);
INSERT INTO DriverSessions VALUES(303,16,12,6,16,'ossidrei93',1,NULL,'Sauber',0,0,2529652,0,NULL,67342,NULL,0,0,9,0,0,0,0,0,0,1,32,14,'ossidrei93',36,0,0,X'0112d702080115606a29401d81eec73f20092a1b080210011de23613422545c70042280230023d8ce37943500d580b2a19080e1df2cd814325d1183443280330063dac513e43501b58172a19080d1dd0db714325bc6e9a42280330073d83aff740501d58182a1908041d7833c94225c2668842280830093d016df242503558352a1d08081dc0fd7d422553ee0642281030113dd5efee4140024802501d58062a1f080c10011db0c13d4325d5cf3143280f30123d4655e94340024802501d58162a1b080e1dc0e39b4225f3984442281330143d7385c5424002502a581b2a1f080c10011da096f842257a80e442281330153d683a5a4340024802502c581f2a1d080d1da06b184225cd245741281830183d71abf14140024802504058052a1d08071d803f364225c0349341281830183d0fc17741400248025040581c2a1d080c1d80d8314225f3d73142282430243ddac70d4340024802503258251abc020801156a1c753f1daaf4d83f200b2a1b080210011dc602f5422533d00c42280330043db69b9240501658142a1908011d6bf2124325383f1343280330053d621d8c42501758102a1908041d2c9aa942259cbaa242280530063d809e23415021581e2a1b080210011d0063fc4125e66ca641280730083d78fcbc40502c58292a1d08081d00a0644225f3974442280f30103d5dc3e94040024802501958022a1d10011d206cde4225c0674f42281130133deb23c83e40024802502558162a1d10011d50b5ea4225203c2342281330153d9329973e40024802502c581a2a1d08071de016ba422560529742281430153d6e940d4140024802502d580e2a1f080c10011d00004942252678d041281530163d8bebcd4040024802503258232a1f080910011dcc858b4325d55c5343281d30213dcc8f384340024802501a582820c00228003000',1764186544,1764193028,1535109519,1535109519,10,X'01',NULL);
INSERT INTO DriverSessions VALUES(304,16,13,13,21,'akosin',10,NULL,'Williams',2,0,2553791,0,'1:6,2:14,2:13,0:3',65715,2,23,15,9,0,0,0,0,0,0,1,77,228,'akosin',36,0,0,X'010a1e080110011a040881c2042204089cab012a0408b3f501320408b1a101380f0a1e080210011a0408f499042204089082012a0408c3ee013204089fa901380f0a1e080310011a0408c39904220408da81012a04088af201320408dea501380f0a1e080410011a0408b69b04220408a880012a0408d2f301320408baa701380f0a1e080510011a0408d0a104220408e484012a0408c1f501320408aba701380f0a1e080610011a0408b5a104220408d082012a0408f4f601320408f0a701380f0a1e080710021a0408c0be04220408a483012a040883f70132040898c401380f0a1e080810021a0408dcc1052204088bb1022a0408ffef01320408d0a001380f0a1e080910021a0408c69204220408a180012a0408c4f101320408dfa001380f0a1d080a10021a0408959104220308ef7f2a040890ef0132040896a201380f0a1e080b10021a0408f79604220408c483012a0408c8ef01320408eba301380f0a1d080c10021a0408ce9804220308947f2a040885f501320408b3a401380f0a1e080d10021a0408849704220408b384012a0408c9f00132040888a201380f0a1e080e10021a0408d49b04220408bd85012a0408b1f201320408e5a301380f0a1e080f10021a0408dc9904220408da80012a040895f401320408eca401380f0a1e081010021a0408f99804220408eb83012a040895f201320408f8a201380f0a1e081110021a0408ac9b04220408a883012a0408bdf301320408c6a401380f0a1c081210021a0408ea9e04220408e984012a0408d4f301320408aca6010a1c081310021a0408daa5042204089586012a0408bcf80132040888a7010a1c081410021a0408c49f04220408d385012a0408b3f401320408bea5010a1e081510021a0408adb604220408f784012a04088af401320408abbd01380f0a1e081610021a0408eb9f05220408d995022a040881ec01320408909e01380f0a1e081710021a0408fe8f04220408d584012a0408deea01320408caa001380f0a1e081810021a0408bc9204220408f282012a0408aced013204089da201380f0a1e081910021a0408a494042204089f83012a0408edee0132040897a201380f0a1e081a10021a0408ed9204220408a583012a0408bced013204088aa201380f0a1e081b10021a0408b39504220408fd83012a040888ee01320408ada301380f0a1e081c10021a04088b9504220408fb83012a040893ef01320408fca101380f0a1e081d10021a0408c299042204089884012a0408d1f001320408d8a401380f0a1e081e10021a04088d9804220408a983012a0408b8f101320408aba301380f0a1e081f10021a04089a9804220408ab83012a0408bff101320408afa301380f0a1e082010021a0408f498042204088484012a0408f7ef01320408f8a401380f0a1e082110021a0408ff9a042204089385012a0408f8ef01320408f4a501380f0a1c08221a0408b0c004220408a085012a0408d8f301320408b7c701380f0a1c08231a04089893052204088084022a0408a1ee01320408f7a001380f0a1308241a00220308937f2a0408e8e5013200380f129d01080115127b943f1d02e8473f20062a19080a1dc602f54225ff6a1342280330043d98990c41501458162a1908011d18408e43257e42d842280330073d94034b43501a58152a19080a1d0063fc4125b605a041280730073d6d8012425029582c2a1b080e1d2058514225a680ee41281030113d390e56424002502558072a1f080910011dc0385d4225738d1642281330143d5a94214340024802503558381aa7020801157acfa03f1db02c7e3f20082a1b080310011d16c422422526cc9e41280130023d32080f40500758062a19080a1de236134225b9c02842280230023d08cf1f41500b580d2a1908041d83341b4325b6000b43280330053d04a8b442501458152a1710011deed62943255a8c0043280330053d7885204150182a1b080310011da8d45b42259665fa41280530063d9d81673e501d581c2a19080c10011d0063fc41255624d341280730073de7974e4150292a1b1d403307422573660842280d300e3d111faf42400248025019580a2a16080e1d00957b4225e0f72a42280f30104002502158032a1d08091d4028844325f0b32a43280f30133ddf6b7e43400248025029582f2a1f080910011da06e69422553de4e42281430153d212e7d42400248025039583b20bf0228003000',1764186544,1764193380,1535109519,1535109519,2,X'01',NULL);
INSERT INTO DriverSessions VALUES(305,16,14,14,14,'maxi0903',7,NULL,'McLaren',0,0,0,0,'1:7,2:13,2:7,0:6,0:3',66296,0,30,15,0,0,0,0,0,0,0,1,77,14,'maxl0903',35,0,0,X'010a1e080110011a04088c8505220408d9a7012a040896b4023204089ca901380f0a1e080210011a0408c19804220408d386012a0408f0ed01320408fda301380f0a1e080310011a04088c9a04220408e684012a0408ccf101320408d9a301380f0a1e080410011a0408c699042204088084012a0408bbf1013204088aa401380f0a1e080510011a0408e1a0042204088a87012a04088ff301320408c8a601380f0a1e080610011a0408a29c04220408cc83012a0408d4f30132040881a501380f0a1e080710011a0408c2a504220408ea84012a0408fdf501320408daaa01380f0a1e080810021a040890ba04220408e683012a0408f0f601320408b9bf01380f0a1e080910021a0408df8f05220408b9fc012a04088bf1013204089aa201380f0a1e080a10021a04089f9604220408c384012a0408f2ef01320408e9a101380f0a1e080b10021a0408959404220408f483012a0408a2ef01320408fea001380f0a1e080c10021a0408c79504220408b483012a04088aef0132040888a301380f0a1e080d10021a0408b99604220408b082012a04089cf101320408eca201380f0a1e080e10021a0408879a042204089f83012a04089bf301320408cca301380f0a1e080f10021a0408b19e042204088883012a040881f601320408a6a501380f0a1e081010021a0408f19a04220408dd84012a04088df20132040886a401380f0a1e081110021a04088e9d04220408f184012a0408b2f201320408eaa501380f0a1e081210021a0408e09904220408f083012a040883f101320408eda401380f0a1e081310021a0408a49d04220408f083012a0408bff401320408f4a401380f0a1e081410021a0408f5a004220408a283012a04088af401320408c8a901380f0a1e081510021a0408debd042204089384012a0408e2f201320408e7c601380f0a1e081610021a0408dae1052204089fd2022a0408d2f001320408e89e01380f0a1e081710021a0408c993042204089083012a0408deef01320408daa001380f0a1e081810021a04089c9004220408b982012a0408c4ee013204089d9f01380f0a1e081910021a0408da9004220408bb83012a0408a3ed01320408fb9f01380f0a1e081a10021a0408b39204220408b582012a0408c4ef01320408b8a001380f0a1e081b10021a0408e19d04220408a882012a0408a9f60132040890a501380f0a1c081c1a0408c4b804220408ee85012a0408caf3013204088bbf01380f0a1c081d1a0408e88905220408f3fa012a0408e2ed0132040892a101380f0a1b081e1a0408f88504220308ad7f2a0408fde701320408cd9e01380f0a1c081f1a0408fb9f04220408d185012a0408eff301320408baa601380f0a1c08201a0408fc9f04220408b885012a0408fdf501320408c6a401380f0a1c08211a0408d19904220408fb80012a0408f8f301320408dea401380f0a1c08221a0408d9c204220408f284012a0408ebf801320408fcc401380f0a1c08231a0408d3a005220408ce88022a0408dbf301320408a8a401380f122d0801152665733e1de19a4b3d20012a1d08091d600560422540218a41281430153d66771042400248025032583b1a4a080115e32bfb3e1d36c91d3e20012a191d609f60422593d26142280a300b3daa16de424002500758012a1f080110011dc0028b42250061ad41281530153d540cc042400248025035580f20c60228003000',1764186544,1764193046,1535109519,1535109519,6,X'01',NULL);
INSERT INTO DriverSessions VALUES(306,16,15,0,4,'the_real_Sulli',2,NULL,'Racing Bulls',2,2,3000,0,'1:11,2:22,0:2',67219,1,3,15,3,0,0,0,0,0,0,1,26,108,'the_real_Sulli',35,0,0,X'010a1e080110011a0408daa404220408fc96012a0408deef01320408ff9d01380f0a1e080210011a04088e8f04220408a282012a0408b8eb01320408b2a101380f0a1e080310011a0408938d04220408a681012a040881eb01320408eba001380f0a1e080410011a0408d09904220408d686012a0408d2f001320408a6a201380f0a1e080510011a0408ec97042204089985012a04088bf101320408c7a101380f0a1e080610011a0408d29c042204088086012a0408d8f101320408faa401380f0a1e080710011a0408cea0042204088285012a0408a2f701320408a9a401380f0a1e080810011a0408a29e04220408f882012a0408e6f501320408c4a501380f0a1e080910011a0408df9c042204089a82012a0408b3f30132040891a701380f0a1e080a10011a0408d69e042204089983012a0408cdf401320408efa601380f0a1e080b10011a0408e49f042204089883012a0408ccf601320408ffa501380f0a1e080c10021a040894c004220408cd83012a040893fa01320408b2c201380f0a1e080d10021a0408e78705220408a0fc012a0408afed01320408969e01380f0a1e080e10021a0408cc9304220408dc87012a04089eed01320408d19e01380f0a1e080f10021a0408fd8d04220408e681012a040894ec0132040882a001380f0a1e081010021a0408c99304220408fb85012a0408f8ed01320408d59f01380f0a1e081110021a0408f29404220408a083012a0408b5ef013204089ca201380f0a1e081210021a0408d49304220408d581012a04089af101320408e4a001380f0a1e081310021a0408c69104220408af81012a040890f00132040886a001380f0a1e081410021a04089a9804220408d281012a0408faf201320408cca301380f0a1e081510021a0408cc97042204088883012a0408cef301320408f5a001380f0a1e081610021a0408a59704220408de83012a0408a5f101320408a0a201380f0a1e081710021a0408989504220408ec83012a0408daf101320408d29f01380f0a1e081810021a0408ee9904220408a786012a0408c1f10132040885a201380f0a1e081910021a04088897042204088e84012a0408b2f001320408c7a201380f0a1e081a10021a0408c99a04220408a087012a04088df2013204089ba101380f0a1e081b10021a0408f09804220408f684012a040887f101320408f3a201380f0a1e081c10021a0408989904220408b285012a0408a6f101320408bfa201380f0a1e081d10021a0408d09c04220408a585012a04089cf4013204088fa301380f0a1e081e10021a0408ce9b04220408aa86012a0408a1f20132040882a301380f0a1e081f10021a0408ee9b042204088085012a0408daf20132040893a401380f0a1e082010021a0408c6a104220408d286012a0408abf501320408c9a501380f0a1e082110021a040895a104220408d485012a0408d7f501320408e9a501380f0a1b08221a0408a6910b220408c589022a040883da013203089c04380f124c0801158d221b3f1dadb7993e20032a1b080810011db8f9f5412556dc8341280330033dc4e42443501058102a1f080b10011da034e842251ae1d342281330153d1b6e804340024802501b581b1a4a08011519f1f43f1d8890ad3e20032a1908081da4e087432593d48243280330073d3a711544501c581b2a1f080d10011dc00e9c422580ab4842282130223db2594a4340024802504f582a20ba02281030cbfa03',1764190503,0,1535109519,0,5,X'01',NULL);
INSERT INTO DriverSessions VALUES(307,20,1,1,13,'JillsValentine',3,NULL,'Alpine',0,0,0,0,NULL,0,NULL,0,0,0,0,0,0,0,0,0,0,0,0,NULL,0,0,0,NULL,1764350290,1764350759,1535109519,1535109519,NULL,NULL,NULL);
INSERT INTO DriverSessions VALUES(308,20,2,2,8,'owise11',8,NULL,'Mercedes',0,0,0,0,NULL,0,NULL,0,0,0,0,0,0,0,0,0,0,0,0,NULL,0,0,0,NULL,1764350304,1764350490,1535109519,1535109519,NULL,NULL,NULL);
INSERT INTO DriverSessions VALUES(309,20,3,3,9,'p1Xx',2,NULL,'Racing Bulls',0,0,0,0,NULL,0,NULL,0,0,0,0,0,0,0,0,0,0,0,0,NULL,0,0,0,NULL,1764350311,1764350411,1535109519,1535109519,NULL,NULL,NULL);
CREATE TABLE IF NOT EXISTS "LineUps" (
    "Id" INTEGER NOT NULL CONSTRAINT "PK_LineUps" PRIMARY KEY AUTOINCREMENT,
    "LineupsBasedType" INTEGER NOT NULL,
    "SeatType" INTEGER NOT NULL,
    "TeamId" INTEGER NULL,
    "CarId" INTEGER NULL,
    "DriverId" INTEGER NULL,
    "SeatPosition" INTEGER NOT NULL,
    "ReservePosition" INTEGER NOT NULL,
    "Badge" TEXT NULL,
    "SeasonId" INTEGER NOT NULL,
    "CreatedAt" INTEGER NOT NULL,
    "UpdatedAt" INTEGER NOT NULL,
    "UserCreated" INTEGER NOT NULL,
    "UserUpdated" INTEGER NOT NULL, "LiveryVariant" TEXT NULL, "DriverFeatures" INTEGER NULL,
    CONSTRAINT "FK_LineUps_Cars_CarId" FOREIGN KEY ("CarId") REFERENCES "Cars" ("Id") ON DELETE RESTRICT,
    CONSTRAINT "FK_LineUps_Drivers_DriverId" FOREIGN KEY ("DriverId") REFERENCES "Drivers" ("Id") ON DELETE RESTRICT,
    CONSTRAINT "FK_LineUps_Seasons_SeasonId" FOREIGN KEY ("SeasonId") REFERENCES "Seasons" ("Id") ON DELETE RESTRICT,
    CONSTRAINT "FK_LineUps_Teams_TeamId" FOREIGN KEY ("TeamId") REFERENCES "Teams" ("Id") ON DELETE RESTRICT
);
INSERT INTO LineUps VALUES(1,0,0,7,NULL,12,1,0,NULL,1,1764007018,0,1535109519,0,NULL,NULL);
INSERT INTO LineUps VALUES(2,0,0,7,NULL,14,2,0,NULL,1,1764007021,0,1535109519,0,NULL,NULL);
INSERT INTO LineUps VALUES(3,0,0,5,NULL,2,1,0,NULL,1,1764007023,0,1535109519,0,NULL,NULL);
INSERT INTO LineUps VALUES(4,0,0,5,NULL,3,2,0,NULL,1,1764007027,0,1535109519,0,NULL,NULL);
INSERT INTO LineUps VALUES(5,0,0,9,NULL,11,1,0,NULL,1,1764007043,0,1535109519,0,NULL,NULL);
INSERT INTO LineUps VALUES(6,0,0,9,NULL,15,2,0,NULL,1,1764007045,0,1535109519,0,NULL,NULL);
INSERT INTO LineUps VALUES(7,0,0,8,NULL,17,1,0,NULL,1,1764007048,0,1535109519,0,NULL,NULL);
INSERT INTO LineUps VALUES(8,0,0,8,NULL,5,2,0,NULL,1,1764007051,0,1535109519,0,NULL,NULL);
INSERT INTO LineUps VALUES(9,0,0,4,NULL,6,1,0,NULL,1,1764007056,0,1535109519,0,NULL,NULL);
INSERT INTO LineUps VALUES(10,0,0,3,NULL,28,1,0,NULL,1,1764007062,1764091768,1535109519,1535109519,NULL,NULL);
INSERT INTO LineUps VALUES(11,0,0,6,NULL,1,1,0,NULL,1,1764007065,0,1535109519,0,NULL,NULL);
INSERT INTO LineUps VALUES(12,0,0,6,NULL,18,2,0,NULL,1,1764007067,0,1535109519,0,NULL,NULL);
INSERT INTO LineUps VALUES(13,0,0,2,NULL,9,1,0,NULL,1,1764007072,0,1535109519,0,NULL,NULL);
INSERT INTO LineUps VALUES(14,0,0,10,NULL,19,1,0,NULL,1,1764007074,0,1535109519,0,NULL,NULL);
INSERT INTO LineUps VALUES(15,0,0,10,NULL,8,2,0,NULL,1,1764007082,0,1535109519,0,NULL,NULL);
INSERT INTO LineUps VALUES(16,0,0,1,NULL,16,1,0,NULL,1,1764007090,0,1535109519,0,NULL,NULL);
INSERT INTO LineUps VALUES(17,0,0,7,NULL,23,1,0,NULL,2,1764090382,1764091009,1535109519,1535109519,NULL,NULL);
INSERT INTO LineUps VALUES(18,0,0,5,NULL,28,1,0,NULL,2,1764091015,0,1535109519,0,NULL,NULL);
INSERT INTO LineUps VALUES(19,0,0,5,NULL,22,2,0,NULL,2,1764091019,0,1535109519,0,NULL,NULL);
INSERT INTO LineUps VALUES(20,0,0,9,NULL,12,1,0,NULL,2,1764091024,0,1535109519,0,NULL,NULL);
INSERT INTO LineUps VALUES(21,0,0,9,NULL,13,2,0,NULL,2,1764091028,0,1535109519,0,NULL,NULL);
INSERT INTO LineUps VALUES(22,0,0,8,NULL,8,1,0,NULL,2,1764091031,0,1535109519,0,NULL,NULL);
INSERT INTO LineUps VALUES(23,0,0,8,NULL,19,2,0,NULL,2,1764091034,0,1535109519,0,NULL,NULL);
INSERT INTO LineUps VALUES(24,0,0,4,NULL,30,1,0,NULL,2,1764091038,0,1535109519,0,NULL,NULL);
INSERT INTO LineUps VALUES(25,0,0,3,NULL,10,1,0,NULL,2,1764091044,0,1535109519,0,NULL,NULL);
INSERT INTO LineUps VALUES(26,0,0,6,NULL,29,1,0,NULL,2,1764091048,0,1535109519,0,NULL,NULL);
INSERT INTO LineUps VALUES(27,0,0,6,NULL,17,2,0,NULL,2,1764091051,0,1535109519,0,NULL,NULL);
INSERT INTO LineUps VALUES(28,0,0,2,NULL,9,1,0,NULL,2,1764091059,0,1535109519,0,NULL,NULL);
INSERT INTO LineUps VALUES(29,0,0,2,NULL,25,2,0,NULL,2,1764091069,0,1535109519,0,NULL,NULL);
INSERT INTO LineUps VALUES(30,0,0,10,NULL,20,1,0,NULL,2,1764091071,0,1535109519,0,NULL,NULL);
INSERT INTO LineUps VALUES(31,0,0,10,NULL,18,2,0,NULL,2,1764091073,0,1535109519,0,NULL,NULL);
INSERT INTO LineUps VALUES(32,0,0,1,NULL,14,1,0,NULL,2,1764091079,0,1535109519,0,NULL,NULL);
INSERT INTO LineUps VALUES(33,0,0,1,NULL,16,2,0,NULL,2,1764091142,0,1535109519,0,NULL,NULL);
INSERT INTO LineUps VALUES(34,0,0,4,NULL,31,2,0,NULL,1,1764091758,0,1535109519,0,NULL,NULL);
INSERT INTO LineUps VALUES(35,0,0,3,NULL,29,2,0,NULL,1,1764091763,0,1535109519,0,NULL,NULL);
INSERT INTO LineUps VALUES(36,0,0,2,NULL,20,2,0,NULL,1,1764091772,0,1535109519,0,NULL,NULL);
INSERT INTO LineUps VALUES(37,0,0,1,NULL,27,2,0,NULL,1,1764091779,0,1535109519,0,NULL,NULL);
CREATE TABLE IF NOT EXISTS "PenaltySystems" (
    "Id" INTEGER NOT NULL CONSTRAINT "PK_PenaltySystems" PRIMARY KEY AUTOINCREMENT,
    "Name" TEXT NULL,
    "DropPolicyType1" INTEGER NULL,
    "DropPolicyValue1" INTEGER NULL,
    "DropPolicyDropValue1" INTEGER NULL,
    "DropPolicyType2" INTEGER NULL,
    "DropPolicyValue2" INTEGER NULL,
    "DropPolicyDropValue2" INTEGER NULL,
    "DropPolicyType3" INTEGER NULL,
    "DropPolicyValue3" INTEGER NULL,
    "DropPolicyDropValue3" INTEGER NULL,
    "ApplyPenaltyPointsAfterWarningsReached" INTEGER NULL,
    "SumOfPenaltyPointsApplyingAfterWarnings" INTEGER NULL,
    "IsRemoveWarningsWhenPenaltyPointsWasRemoved" INTEGER NOT NULL,
    "PenaltyPointsArea" INTEGER NOT NULL,
    "IsConfirmFromUserWhenPenaltyActionRaised" INTEGER NOT NULL,
    "IsApplyAllChainOfThresholds" INTEGER NOT NULL,
    "IsApplyMultiplierForRepeatedPenalty" INTEGER NOT NULL,
    "PenaltyBackwardZone" INTEGER NULL,
    "PenaltyBackwardZoneValue" INTEGER NULL,
    "PenaltyMultiplier" INTEGER NULL,
    "PenaltyProgressiveMultiplier" INTEGER NULL,
    "IsAutoSaveOffenses" INTEGER NOT NULL,
    "CreatedAt" INTEGER NOT NULL,
    "UpdatedAt" INTEGER NOT NULL,
    "UserCreated" INTEGER NOT NULL,
    "UserUpdated" INTEGER NOT NULL
, "CleanSessionDefinition" INTEGER NOT NULL DEFAULT 0, "IsAutoCancelPenaltyActionAfterRemoving" INTEGER NOT NULL DEFAULT 1, "IsConfirmFromUserWhenFutureActionApplyForDriverSession" INTEGER NOT NULL DEFAULT 1, "IsDisableProcessingFutureActionForLiveDriverSession" INTEGER NOT NULL DEFAULT 1, "IsEnableSilentModeWhenFutureActionApplyForLiveDriverSession" INTEGER NOT NULL DEFAULT 1, "IsExcludeArchiveDriversFromProcessing" INTEGER NOT NULL DEFAULT 1, "IsExcludeArchiveSeasonsFromArea" INTEGER NOT NULL DEFAULT 1, "IsExcludeCompletedSeasonsAfterStartCurrentForPenaltyActionsArea" INTEGER NOT NULL DEFAULT 0, "IsExcludeCompletedSeasonsAfterStartCurrentForPenaltyPointsArea" INTEGER NOT NULL DEFAULT 0, "IsExcludeCompletedSeasonsAfterStartCurrentForWarningsArea" INTEGER NOT NULL DEFAULT 0, "IsExcludeCompletedSeasonsBeforeStartCurrentForPenaltyActionsArea" INTEGER NOT NULL DEFAULT 0, "IsExcludeCompletedSeasonsBeforeStartCurrentForPenaltyPointsArea" INTEGER NOT NULL DEFAULT 0, "IsExcludeCompletedSeasonsBeforeStartCurrentForWarningsArea" INTEGER NOT NULL DEFAULT 0, "IsExcludeSeasonsStartedAfterOriginSeasonWasCompletedForFutureActions" INTEGER NOT NULL DEFAULT 0, "IsExcludeSeasonsWhereDriverIsNotLineupsForFutureActions" INTEGER NOT NULL DEFAULT 0, "IsExcludeSeasonsWhereDriverIsNotPrimaryLineupsForFutureActions" INTEGER NOT NULL DEFAULT 1, "IsIncludeAllDriversFromOtherSeasonsArea" INTEGER NOT NULL DEFAULT 1, "IsIncludeMinorRacesForActionsDriverSessionHistory" INTEGER NOT NULL DEFAULT 0, "IsIncludeNonChampSessionsForActionsDriverSessionHistory" INTEGER NOT NULL DEFAULT 0, "IsIncludeSafetyRacesForActionsDriverSessionHistory" INTEGER NOT NULL DEFAULT 0, "IsNotifyUserWhenFutureActionApplyForDriverSession" INTEGER NOT NULL DEFAULT 0, "IsRequireOtherSeasonsHaveSameArea" INTEGER NOT NULL DEFAULT 0, "IsUserChooseSeasonForPenaltyAction" INTEGER NOT NULL DEFAULT 0, "PenaltyActionsArea" INTEGER NOT NULL DEFAULT 0, "WarningsArea" INTEGER NOT NULL DEFAULT 0, "IsSetAsAppliedAllWarningsWhenLimitWasReached" INTEGER NOT NULL DEFAULT 1, "IsAutoSetAsAppliedManualFutureActions" INTEGER NOT NULL DEFAULT 1);
CREATE TABLE IF NOT EXISTS "PenaltyOffenses" (
    "Id" INTEGER NOT NULL CONSTRAINT "PK_PenaltyOffenses" PRIMARY KEY AUTOINCREMENT,
    "Position" INTEGER NOT NULL,
    "Paragraph" TEXT NULL,
    "Offense" TEXT NULL,
    "Description" TEXT NULL,
    "PenaltyPoints" INTEGER NOT NULL,
    "PenaltySeconds" INTEGER NOT NULL,
    "PenaltyPositions" INTEGER NOT NULL,
    "PenaltyWarnings" INTEGER NOT NULL,
    "PenaltyActionType" INTEGER NULL,
    "PenaltyActionValue" INTEGER NULL,
    "PenaltySystemId" INTEGER NULL,
    "CreatedAt" INTEGER NOT NULL,
    "UpdatedAt" INTEGER NOT NULL,
    "UserCreated" INTEGER NOT NULL,
    "UserUpdated" INTEGER NOT NULL, "IsDisqualification" INTEGER NOT NULL DEFAULT 0, "PenaltyActionType2" INTEGER NULL, "PenaltyActionValue2" INTEGER NULL,
    CONSTRAINT "FK_PenaltyOffenses_PenaltySystems_PenaltySystemId" FOREIGN KEY ("PenaltySystemId") REFERENCES "PenaltySystems" ("Id") ON DELETE RESTRICT
);
CREATE TABLE IF NOT EXISTS "PenaltyPointsThresholds" (
    "Id" INTEGER NOT NULL CONSTRAINT "PK_PenaltyPointsThresholds" PRIMARY KEY AUTOINCREMENT,
    "PenaltySystemId" INTEGER NOT NULL,
    "Value" INTEGER NOT NULL,
    "Type" INTEGER NOT NULL,
    "PenaltyTypeValue" INTEGER NOT NULL,
    "AdditionalType" INTEGER NOT NULL,
    "AdditionalPenaltyTypeValue" INTEGER NOT NULL,
    "IsAutoApplying" INTEGER NOT NULL,
    "IsClearPenaltyPoints" INTEGER NOT NULL,
    "Description" TEXT NULL,
    "CreatedAt" INTEGER NOT NULL,
    "UpdatedAt" INTEGER NOT NULL,
    "UserCreated" INTEGER NOT NULL,
    "UserUpdated" INTEGER NOT NULL,
    CONSTRAINT "FK_PenaltyPointsThresholds_PenaltySystems_PenaltySystemId" FOREIGN KEY ("PenaltySystemId") REFERENCES "PenaltySystems" ("Id") ON DELETE RESTRICT
);
CREATE TABLE IF NOT EXISTS "Championships" (
    "Id" INTEGER NOT NULL CONSTRAINT "PK_Championships" PRIMARY KEY AUTOINCREMENT,
    "BaseChampionshipString" TEXT NULL,
    "CarsRaw" BLOB NULL,
    "CreatedAt" INTEGER NOT NULL,
    "DefaultCarId" INTEGER NULL,
    "DefaultCarStringId" TEXT NULL,
    "FastestLapPointsPositionEdge" INTEGER NOT NULL,
    "GamesRaw" BLOB NULL,
    "GridSize" INTEGER NOT NULL,
    "IgnoreWorstEventsEachDriver" INTEGER NOT NULL,
    "IsMinorRacesEqualsMajor" INTEGER NOT NULL,
    "LineupsBasedType" INTEGER NOT NULL,
    "Name" TEXT NULL,
    "PenaltySystemId" INTEGER NULL,
    "PracticesCount" INTEGER NOT NULL,
    "QualType1" INTEGER NOT NULL,
    "QualType2" INTEGER NOT NULL,
    "QualType3" INTEGER NOT NULL,
    "QualsCount" INTEGER NOT NULL,
    "RaceType1" INTEGER NOT NULL,
    "RaceType2" INTEGER NOT NULL,
    "RaceType3" INTEGER NOT NULL,
    "RacesCount" INTEGER NOT NULL,
    "SeatsPerTeam" INTEGER NOT NULL,
    "SeatsReserve" INTEGER NOT NULL,
    "TeamsRaw" BLOB NULL,
    "TracksRaw" BLOB NULL,
    "UniqueName" TEXT NULL,
    "UpdatedAt" INTEGER NOT NULL,
    "UserCreated" INTEGER NOT NULL,
    "UserUpdated" INTEGER NOT NULL, "MaxTimePercentQualClassificationCriteria" INTEGER NOT NULL DEFAULT 0, "MinDistanceMetersRaceClassificationCriteria" INTEGER NOT NULL DEFAULT 0, "MinDistancePercentRaceClassificationCriteria" INTEGER NOT NULL DEFAULT 0, "MinLapsPercentRaceClassificationCriteria" INTEGER NOT NULL DEFAULT 0, "MinLapsRaceClassificationCriteria" INTEGER NOT NULL DEFAULT 0, "MinTimeMinutesRaceClassificationCriteria" INTEGER NOT NULL DEFAULT 0, "MinTimePercentRaceClassificationCriteria" INTEGER NOT NULL DEFAULT 0, "EventFormatJson" TEXT NULL, "MulticlassConfigurationJson" TEXT NULL,
    CONSTRAINT "FK_Championships_PenaltySystems_PenaltySystemId" FOREIGN KEY ("PenaltySystemId") REFERENCES "PenaltySystems" ("Id") ON DELETE RESTRICT
);
INSERT INTO Championships VALUES(1,'f1.2025',X'0100000002000000030000000400000005000000060000000700000008000000090000000a000000',1764005353,NULL,NULL,20,X'11000000',20,0,0,0,'F1 2025',NULL,0,0,0,0,0,0,0,0,0,2,20,X'0100000002000000030000000400000005000000060000000700000008000000090000000a000000',X'0100000002000000030000000400000005000000060000000700000008000000090000000a0000000b0000000c0000000d0000000e0000000f000000100000001100000012000000130000001400000015000000160000001700000018000000190000001a0000001b0000001c0000001d0000001e0000001f0000002000000021000000','f1.2025',1764093028,1535109519,1535109519,0,0,0,0,0,0,0,'{"Presets":[{"Name":"Short qualification","Sessions":[{"SessionType":"Qualification","RaceType":"Regular","QualificationType":"Regular"},{"SessionType":"Race","RaceType":"Main","QualificationType":"Regular"}]},{"Name":"Full qualification","Sessions":[{"SessionType":"Qualification","RaceType":"Regular","QualificationType":"Q1"},{"SessionType":"Qualification","RaceType":"Regular","QualificationType":"Q2"},{"SessionType":"Qualification","RaceType":"Regular","QualificationType":"Q3"},{"SessionType":"Race","RaceType":"Main","QualificationType":"Regular"}]},{"Name":"Sprint, 1 short qualification","Sessions":[{"SessionType":"Qualification","RaceType":"Regular","QualificationType":"Regular"},{"SessionType":"Race","RaceType":"Sprint","QualificationType":"Regular"},{"SessionType":"Race","RaceType":"Main","QualificationType":"Regular"}]},{"Name":"Sprint, 2 shorts qualifications","Sessions":[{"SessionType":"Qualification","RaceType":"Regular","QualificationType":"Regular"},{"SessionType":"Race","RaceType":"Sprint","QualificationType":"Regular"},{"SessionType":"Qualification","RaceType":"Regular","QualificationType":"Regular"},{"SessionType":"Race","RaceType":"Main","QualificationType":"Regular"}]}]}',NULL);
CREATE TABLE IF NOT EXISTS "PenaltyItems" (
    "Id" INTEGER NOT NULL CONSTRAINT "PK_PenaltyItems" PRIMARY KEY AUTOINCREMENT,
    "CarId" INTEGER NULL,
    "CreatedAt" INTEGER NOT NULL,
    "Date" TEXT NULL,
    "Description" TEXT NULL,
    "DriverId" INTEGER NOT NULL,
    "DriverSessionActionAppliedId" INTEGER NULL,
    "DriverSessionId" INTEGER NULL,
    "DriversInvolvedRaw" BLOB NULL,
    "IsCancelled" INTEGER NOT NULL,
    "IsCreatedByUser" INTEGER NOT NULL,
    "IsNoPunishment" INTEGER NOT NULL,
    "IsPenaltyActionApplied" INTEGER NULL,
    "IsPenaltyPointsApplied" INTEGER NOT NULL,
    "IsWarningsApplied" INTEGER NOT NULL,
    "IssuerId" INTEGER NULL,
    "Lap" TEXT NULL,
    "Offense" TEXT NULL,
    "PenaltyActionSourceDriverSessionId" INTEGER NULL,
    "PenaltyActionSourcePenaltyItemId" INTEGER NULL,
    "PenaltyActionType" INTEGER NULL,
    "PenaltyActionValue" INTEGER NULL,
    "PenaltyId" TEXT NULL,
    "PenaltyOffenseId" INTEGER NULL,
    "PenaltyPoints" INTEGER NOT NULL,
    "PenaltyPositions" INTEGER NOT NULL,
    "PenaltySeconds" INTEGER NOT NULL,
    "PenaltyWarnings" INTEGER NOT NULL,
    "SameOffenseRepeatedCount" INTEGER NULL,
    "SeasonId" INTEGER NULL,
    "SessionResultId" INTEGER NULL,
    "SubmitterId" INTEGER NULL,
    "TeamId" INTEGER NULL,
    "Turn" TEXT NULL,
    "UpdatedAt" INTEGER NOT NULL,
    "UserCreated" INTEGER NOT NULL,
    "UserUpdated" INTEGER NOT NULL,
    "Verdict" TEXT NULL, "IsDisqualified" INTEGER NOT NULL DEFAULT 0, "SourcePenaltyActionId" INTEGER NULL, "SourcePenaltyItemId" INTEGER NULL, "SourcePenaltyThresholdId" INTEGER NULL, "WarningsAppliedCount" INTEGER NOT NULL DEFAULT 0,
    CONSTRAINT "FK_PenaltyItems_Cars_CarId" FOREIGN KEY ("CarId") REFERENCES "Cars" ("Id") ON DELETE RESTRICT,
    CONSTRAINT "FK_PenaltyItems_DriverSessions_DriverSessionActionAppliedId" FOREIGN KEY ("DriverSessionActionAppliedId") REFERENCES "DriverSessions" ("Id") ON DELETE RESTRICT,
    CONSTRAINT "FK_PenaltyItems_DriverSessions_DriverSessionId" FOREIGN KEY ("DriverSessionId") REFERENCES "DriverSessions" ("Id") ON DELETE RESTRICT,
    CONSTRAINT "FK_PenaltyItems_Drivers_DriverId" FOREIGN KEY ("DriverId") REFERENCES "Drivers" ("Id") ON DELETE RESTRICT,
    CONSTRAINT "FK_PenaltyItems_Drivers_IssuerId" FOREIGN KEY ("IssuerId") REFERENCES "Drivers" ("Id") ON DELETE RESTRICT,
    CONSTRAINT "FK_PenaltyItems_Drivers_SubmitterId" FOREIGN KEY ("SubmitterId") REFERENCES "Drivers" ("Id") ON DELETE RESTRICT,
    CONSTRAINT "FK_PenaltyItems_PenaltyOffenses_PenaltyOffenseId" FOREIGN KEY ("PenaltyOffenseId") REFERENCES "PenaltyOffenses" ("Id") ON DELETE RESTRICT,
    CONSTRAINT "FK_PenaltyItems_Seasons_SeasonId" FOREIGN KEY ("SeasonId") REFERENCES "Seasons" ("Id") ON DELETE RESTRICT,
    CONSTRAINT "FK_PenaltyItems_SessionResults_SessionResultId" FOREIGN KEY ("SessionResultId") REFERENCES "SessionResults" ("Id") ON DELETE RESTRICT,
    CONSTRAINT "FK_PenaltyItems_Teams_TeamId" FOREIGN KEY ("TeamId") REFERENCES "Teams" ("Id") ON DELETE RESTRICT
);
CREATE TABLE IF NOT EXISTS "DatabaseChanges" (
    "Id" INTEGER NOT NULL CONSTRAINT "PK_DatabaseChanges" PRIMARY KEY AUTOINCREMENT,
    "Change" TEXT NULL,
    "Method" INTEGER NOT NULL,
    "IsLocalChange" INTEGER NOT NULL,
    "DatabaseCategory" INTEGER NOT NULL,
    "LeagueCategoriesRaw" BLOB NULL,
    "SeasonId" INTEGER NULL,
    "SessionResultId" INTEGER NULL,
    "DriverId" INTEGER NULL,
    "UserName" TEXT NULL,
    "UniqueId" TEXT NULL,
    "AltVersion" INTEGER NOT NULL,
    "CreatedAt" INTEGER NOT NULL,
    "UpdatedAt" INTEGER NOT NULL,
    "UserCreated" INTEGER NOT NULL,
    "UserUpdated" INTEGER NOT NULL
);
INSERT INTO DatabaseChanges VALUES(611,'session Race / Silverstone',0,0,256,X'03000000',2,0,NULL,'CUCCO_7','1YoZGy',0,1764094595,0,1535109519,0);
INSERT INTO DatabaseChanges VALUES(612,'#Silverstone () > #1 Flavours',0,0,256,X'03000000',2,7,29,'CUCCO_7','cMCKTQ',0,1764094600,0,1535109519,0);
INSERT INTO DatabaseChanges VALUES(613,'#Silverstone () > #2 owise11',0,0,256,X'03000000',2,7,8,'CUCCO_7','VcMEEG',0,1764094605,0,1535109519,0);
INSERT INTO DatabaseChanges VALUES(614,'event ''Spielberg''',0,0,128,X'03000000',2,NULL,NULL,'CUCCO_7','zo2XHG',0,1764098510,0,1535109519,0);
INSERT INTO DatabaseChanges VALUES(615,'sessions (2)',0,0,256,X'03000000',2,0,NULL,'CUCCO_7','VusLWB',0,1764098510,0,1535109519,0);
INSERT INTO DatabaseChanges VALUES(616,'event ''Spielberg''',1,0,128,X'03000000',2,NULL,NULL,'CUCCO_7','LbAMJJ',0,1764098516,0,1535109519,0);
INSERT INTO DatabaseChanges VALUES(617,'session Qualification / (unknown)',0,1,256,NULL,NULL,0,NULL,'CUCCO_7','CaZ3uL',0,1764100353,0,1535109519,0);
INSERT INTO DatabaseChanges VALUES(618,'driver results (20)',0,1,256,X'0200000003000000',NULL,10,NULL,'CUCCO_7','bjUNAs',0,1764100353,0,1535109519,0);
INSERT INTO DatabaseChanges VALUES(619,'session Qualification / Spielberg',1,0,256,X'03000000',2,8,NULL,'CUCCO_7','Ur7TDn',0,1764100353,0,1535109519,0);
INSERT INTO DatabaseChanges VALUES(620,'driver results (20)',0,0,256,X'03000000',2,8,NULL,'CUCCO_7','dGsNST',0,1764100353,0,1535109519,0);
INSERT INTO DatabaseChanges VALUES(621,'session Qualification / (unknown)',1,0,256,NULL,NULL,10,NULL,'CUCCO_7','VsbqWh',0,1764100353,0,1535109519,0);
INSERT INTO DatabaseChanges VALUES(622,'session Qualification / Spielberg',1,0,256,X'03000000',2,8,NULL,'CUCCO_7','wsjAbZ',0,1764100353,0,1535109519,0);
INSERT INTO DatabaseChanges VALUES(623,'session Qualification / Spielberg',1,0,256,X'03000000',2,8,NULL,'CUCCO_7','o9BR5U',0,1764100353,0,1535109519,0);
INSERT INTO DatabaseChanges VALUES(624,'event ''Spielberg''',1,0,128,X'03000000',2,NULL,NULL,'CUCCO_7','g4Rymr',0,1764100526,0,1535109519,0);
INSERT INTO DatabaseChanges VALUES(625,'session Race / (unknown)',0,1,256,NULL,NULL,0,NULL,'CUCCO_7','PdhxRT',0,1764103245,0,1535109519,0);
INSERT INTO DatabaseChanges VALUES(626,'driver results (15)',0,1,256,X'0200000003000000',NULL,11,NULL,'CUCCO_7','6TyRgc',0,1764103245,0,1535109519,0);
INSERT INTO DatabaseChanges VALUES(627,'session Race / Spielberg',1,0,256,X'03000000',2,9,NULL,'CUCCO_7','3rkHwy',0,1764103245,0,1535109519,0);
INSERT INTO DatabaseChanges VALUES(628,'driver results (15)',0,0,256,X'03000000',2,9,NULL,'CUCCO_7','fWgbKd',0,1764103245,0,1535109519,0);
INSERT INTO DatabaseChanges VALUES(629,'session Race / (unknown)',1,0,256,NULL,NULL,11,NULL,'CUCCO_7','40TgvQ',0,1764103245,0,1535109519,0);
INSERT INTO DatabaseChanges VALUES(630,'session Race / Spielberg',1,0,256,X'03000000',2,9,NULL,'CUCCO_7','AUBeji',0,1764103245,0,1535109519,0);
INSERT INTO DatabaseChanges VALUES(631,'session Race / Spielberg',1,0,256,X'03000000',2,9,NULL,'CUCCO_7','ZwdsiR',0,1764103245,0,1535109519,0);
INSERT INTO DatabaseChanges VALUES(632,'driver ''maxi0903''',1,0,16,X'0200000003000000',NULL,NULL,14,'CUCCO_7','XpRDUi',0,1764104483,0,1535109519,0);
INSERT INTO DatabaseChanges VALUES(633,'#Spielberg () > #5 maxi0903',1,0,256,X'03000000',2,9,14,'CUCCO_7','ZCJBVr',0,1764104483,0,1535109519,0);
INSERT INTO DatabaseChanges VALUES(634,'driver ''Flavours''',1,0,16,X'0300000002000000',NULL,NULL,29,'CUCCO_7','bMeaHq',0,1764104486,0,1535109519,0);
INSERT INTO DatabaseChanges VALUES(635,'#Spielberg () > #6 Flavours',1,0,256,X'03000000',2,9,29,'CUCCO_7','X7xRTa',0,1764104486,0,1535109519,0);
INSERT INTO DatabaseChanges VALUES(636,'driver ''HarleyJL18''',1,0,16,X'03000000',NULL,NULL,23,'CUCCO_7','7jvTSc',0,1764104488,0,1535109519,0);
INSERT INTO DatabaseChanges VALUES(637,'#Spielberg () > #8 HarleyJL18',1,0,256,X'03000000',2,9,23,'CUCCO_7','pkNnLc',0,1764104488,0,1535109519,0);
INSERT INTO DatabaseChanges VALUES(638,'driver ''Marcellio''',1,0,16,X'03000000',NULL,NULL,22,'CUCCO_7','pxsV2L',0,1764104492,0,1535109519,0);
INSERT INTO DatabaseChanges VALUES(639,'#Spielberg () > #9 Marcellio',1,0,256,X'03000000',2,9,22,'CUCCO_7','5FVuZh',0,1764104492,0,1535109519,0);
INSERT INTO DatabaseChanges VALUES(640,'#Spielberg () > #11 empty driver',1,0,256,X'03000000',2,9,NULL,'CUCCO_7','m3oWrD',0,1764104500,0,1535109519,0);
INSERT INTO DatabaseChanges VALUES(641,'driver ''The Kaiser''',0,0,16,NULL,NULL,NULL,0,'CUCCO_7','sarwJM',0,1764104536,0,1535109519,0);
INSERT INTO DatabaseChanges VALUES(642,'driver ''The Kaiser''',1,0,16,NULL,NULL,NULL,32,'CUCCO_7','eNDx0R',0,1764104548,0,1535109519,0);
INSERT INTO DatabaseChanges VALUES(643,'#Spielberg () > #11 The Kaiser',1,0,256,X'03000000',2,9,32,'CUCCO_7','qEP33H',0,1764104549,0,1535109519,0);
INSERT INTO DatabaseChanges VALUES(644,'driver ''thomas_k04''',1,0,16,X'03000000',NULL,NULL,30,'CUCCO_7','TO8wJ0',0,1764104553,0,1535109519,0);
INSERT INTO DatabaseChanges VALUES(645,'#Spielberg () > #14 thomas_k04',1,0,256,X'03000000',2,9,30,'CUCCO_7','aMvnc4',0,1764104553,0,1535109519,0);
INSERT INTO DatabaseChanges VALUES(646,'driver ''DcViiral''',1,0,16,X'0200000003000000',NULL,NULL,12,'CUCCO_7','g15zWJ',0,1764104581,0,1535109519,0);
INSERT INTO DatabaseChanges VALUES(647,'driver ''ossidrei93''',1,0,16,X'0200000003000000',NULL,NULL,16,'CUCCO_7','udxl8R',0,1764104581,0,1535109519,0);
INSERT INTO DatabaseChanges VALUES(648,'driver ''Mihai''',1,0,16,X'0200000003000000',NULL,NULL,20,'CUCCO_7','8vkmTE',0,1764104581,0,1535109519,0);
INSERT INTO DatabaseChanges VALUES(649,'driver ''LankyBrown5515''',1,0,16,X'0200000003000000',NULL,NULL,18,'CUCCO_7','1VGLry',0,1764104581,0,1535109519,0);
INSERT INTO DatabaseChanges VALUES(650,'driver ''owise11''',1,0,16,X'0200000003000000',NULL,NULL,8,'CUCCO_7','wd73VS',0,1764104581,0,1535109519,0);
INSERT INTO DatabaseChanges VALUES(651,'driver ''BazokaJo''',1,0,16,X'0200000003000000',NULL,NULL,17,'CUCCO_7','yxB2xT',0,1764104581,0,1535109519,0);
INSERT INTO DatabaseChanges VALUES(652,'driver ''p1Xx''',1,0,16,X'0200000003000000',NULL,NULL,9,'CUCCO_7','185cAJ',0,1764104581,0,1535109519,0);
INSERT INTO DatabaseChanges VALUES(653,'driver ''AlexG_IV2''',1,0,16,X'03000000',NULL,NULL,10,'CUCCO_7','IbYsB5',0,1764104581,0,1535109519,0);
INSERT INTO DatabaseChanges VALUES(654,'driver ''edwinlfc''',1,0,16,X'0300000002000000',NULL,NULL,28,'CUCCO_7','mXp686',0,1764104581,0,1535109519,0);
INSERT INTO DatabaseChanges VALUES(655,'session Race / Spielberg',1,0,256,X'03000000',2,9,NULL,'CUCCO_7','FHIKNn',0,1764104581,0,1535109519,0);
INSERT INTO DatabaseChanges VALUES(656,'#Silverstone () > #3 p1Xx',0,0,256,X'03000000',2,7,9,'CUCCO_7','RrgN1Y',0,1764110941,0,1535109519,0);
INSERT INTO DatabaseChanges VALUES(657,'#Silverstone () > #4 Dimitris Stavroulis',0,0,256,X'03000000',2,7,7,'CUCCO_7','hXRIP2',0,1764110944,0,1535109519,0);
INSERT INTO DatabaseChanges VALUES(658,'#Silverstone () > #4 empty driver',1,0,256,X'03000000',2,7,NULL,'CUCCO_7','t0ISQg',0,1764110946,0,1535109519,0);
INSERT INTO DatabaseChanges VALUES(659,'#Silverstone () > #4 Mihai',1,0,256,X'03000000',2,7,20,'CUCCO_7','WLsTQh',0,1764110947,0,1535109519,0);
INSERT INTO DatabaseChanges VALUES(660,'#Silverstone () > #5 DcViiral',0,0,256,X'03000000',2,7,12,'CUCCO_7','fRJJnw',0,1764110950,0,1535109519,0);
INSERT INTO DatabaseChanges VALUES(661,'#Silverstone () > #6 ossidrei93',0,0,256,X'03000000',2,7,16,'CUCCO_7','CA1Zly',0,1764110955,0,1535109519,0);
INSERT INTO DatabaseChanges VALUES(662,'#Silverstone () > #7 LankyBrown5515',0,0,256,X'03000000',2,7,18,'CUCCO_7','hfZItV',0,1764110959,0,1535109519,0);
INSERT INTO DatabaseChanges VALUES(663,'#Silverstone () > #8 maxi0903',0,0,256,X'03000000',2,7,14,'CUCCO_7','fzTv72',0,1764110965,0,1535109519,0);
INSERT INTO DatabaseChanges VALUES(664,'#Silverstone () > #9 AlexG_IV2',0,0,256,X'03000000',2,7,10,'CUCCO_7','BJ8sSW',0,1764110969,0,1535109519,0);
INSERT INTO DatabaseChanges VALUES(665,'#Silverstone () > #10 ActionRik',0,0,256,X'03000000',2,7,19,'CUCCO_7','zndlVM',0,1764110972,0,1535109519,0);
INSERT INTO DatabaseChanges VALUES(666,'#Silverstone () > #11 empty driver',0,0,256,X'03000000',2,7,NULL,'CUCCO_7','EyBWdD',0,1764110976,0,1535109519,0);
INSERT INTO DatabaseChanges VALUES(667,'#Silverstone () > #11 JillsValentine',1,0,256,X'03000000',2,7,13,'CUCCO_7','E5wApe',0,1764110977,0,1535109519,0);
INSERT INTO DatabaseChanges VALUES(668,'#Silverstone () > #12 akosin',0,0,256,X'03000000',2,7,21,'CUCCO_7','SRxmj0',0,1764110981,0,1535109519,0);
INSERT INTO DatabaseChanges VALUES(669,'#Silverstone () > #12 akosin',1,0,256,X'03000000',2,7,21,'CUCCO_7','SRyYtB',0,1764110985,0,1535109519,0);
INSERT INTO DatabaseChanges VALUES(670,'#Silverstone () > #13 OllieBowers',0,0,256,X'03000000',2,7,24,'CUCCO_7','5OoYss',0,1764110989,0,1535109519,0);
INSERT INTO DatabaseChanges VALUES(671,'#Silverstone () > #13 OllieBowers',1,0,256,X'03000000',2,7,24,'CUCCO_7','rrQ1iA',0,1764110990,0,1535109519,0);
INSERT INTO DatabaseChanges VALUES(672,'#Silverstone () > #14 BazokaJo',0,0,256,X'03000000',2,7,17,'CUCCO_7','HEqRHC',0,1764110994,0,1535109519,0);
INSERT INTO DatabaseChanges VALUES(673,'#Silverstone () > #15 Marcellio',0,0,256,X'03000000',2,7,22,'CUCCO_7','LkCcNc',0,1764111018,0,1535109519,0);
INSERT INTO DatabaseChanges VALUES(674,'#Silverstone () > #16 HarleyJL18',0,0,256,X'03000000',2,7,23,'CUCCO_7','yrC5vS',0,1764111021,0,1535109519,0);
INSERT INTO DatabaseChanges VALUES(675,'#Silverstone () > #17 XtraDavido',0,0,256,X'03000000',2,7,25,'CUCCO_7','ncnNuS',0,1764111027,0,1535109519,0);
INSERT INTO DatabaseChanges VALUES(676,'#Silverstone () > #18 NemesisVR69',0,0,256,X'03000000',2,7,26,'CUCCO_7','5EqqTo',0,1764111034,0,1535109519,0);
INSERT INTO DatabaseChanges VALUES(677,'#Silverstone () > #18 NemesisVR69',1,0,256,X'03000000',2,7,26,'CUCCO_7','Odnzjh',0,1764111037,0,1535109519,0);
INSERT INTO DatabaseChanges VALUES(678,'session Race / Silverstone',1,0,256,X'03000000',2,7,NULL,'CUCCO_7','Yjvefj',0,1764111044,0,1535109519,0);
INSERT INTO DatabaseChanges VALUES(679,'session Race / Silverstone',1,0,256,X'03000000',2,7,NULL,'CUCCO_7','9VOS62',0,1764111044,0,1535109519,0);
INSERT INTO DatabaseChanges VALUES(680,'session Race / Silverstone',1,0,256,X'03000000',2,7,NULL,'CUCCO_7','KcdpI0',0,1764111052,0,1535109519,0);
INSERT INTO DatabaseChanges VALUES(681,'session Race / Silverstone',1,0,256,X'03000000',2,7,NULL,'CUCCO_7','DOZzBE',0,1764111055,0,1535109519,0);
INSERT INTO DatabaseChanges VALUES(682,'session Race / Silverstone',1,0,256,X'03000000',2,7,NULL,'CUCCO_7','PU2d1M',0,1764111055,0,1535109519,0);
INSERT INTO DatabaseChanges VALUES(683,'session Race / Silverstone',1,0,256,X'03000000',2,7,NULL,'CUCCO_7','DewDzL',0,1764111056,0,1535109519,0);
INSERT INTO DatabaseChanges VALUES(684,'session Race / Silverstone',1,0,256,X'03000000',2,7,NULL,'CUCCO_7','RDmFOw',0,1764111056,0,1535109519,0);
INSERT INTO DatabaseChanges VALUES(685,'session Race / Silverstone',1,0,256,X'03000000',2,7,NULL,'CUCCO_7','R46qTG',0,1764111057,0,1535109519,0);
INSERT INTO DatabaseChanges VALUES(686,'session Race / Silverstone',1,0,256,X'03000000',2,7,NULL,'CUCCO_7','MLjZFq',0,1764111057,0,1535109519,0);
INSERT INTO DatabaseChanges VALUES(687,'session Race / Silverstone',1,0,256,X'03000000',2,7,NULL,'CUCCO_7','AkOhYG',0,1764111057,0,1535109519,0);
INSERT INTO DatabaseChanges VALUES(688,'session Race / Silverstone',1,0,256,X'03000000',2,7,NULL,'CUCCO_7','oqDxNV',0,1764111057,0,1535109519,0);
INSERT INTO DatabaseChanges VALUES(689,'session Race / Silverstone',1,0,256,X'03000000',2,7,NULL,'CUCCO_7','Omx8hB',0,1764111066,0,1535109519,0);
INSERT INTO DatabaseChanges VALUES(690,'session Race / Silverstone',1,0,256,X'03000000',2,7,NULL,'CUCCO_7','2vGSDc',0,1764111090,0,1535109519,0);
INSERT INTO DatabaseChanges VALUES(691,'#Spielberg () > #3 maxi0903',1,0,256,X'03000000',2,8,14,'CUCCO_7','v5DG2J',0,1764111138,0,1535109519,0);
INSERT INTO DatabaseChanges VALUES(692,'#Spielberg () > #6 Flavours',1,0,256,X'03000000',2,8,29,'CUCCO_7','oe2PaN',0,1764111142,0,1535109519,0);
INSERT INTO DatabaseChanges VALUES(693,'#Spielberg () > #18 empty driver',1,0,256,X'03000000',2,8,NULL,'CUCCO_7','yOxPAt',0,1764111150,0,1535109519,0);
INSERT INTO DatabaseChanges VALUES(694,'driver ''thomas_k04''',1,0,16,X'03000000',NULL,NULL,30,'CUCCO_7','Ghwask',0,1764111155,0,1535109519,0);
INSERT INTO DatabaseChanges VALUES(695,'#Spielberg () > #18 thomas_k04',1,0,256,X'03000000',2,8,30,'CUCCO_7','A8JmKY',0,1764111155,0,1535109519,0);
INSERT INTO DatabaseChanges VALUES(696,'#Spielberg () > #16 empty driver',1,0,256,X'03000000',2,8,NULL,'CUCCO_7','3fcLQ4',0,1764111174,0,1535109519,0);
INSERT INTO DatabaseChanges VALUES(697,'#Spielberg () > #17 empty driver',1,0,256,X'03000000',2,8,NULL,'CUCCO_7','1yY32b',0,1764111178,0,1535109519,0);
INSERT INTO DatabaseChanges VALUES(698,'#Spielberg () > #18 thomas_k04',1,0,256,X'03000000',2,8,30,'CUCCO_7','djjAMv',0,1764111180,0,1535109519,0);
INSERT INTO DatabaseChanges VALUES(699,'#Spielberg () > #19 empty driver',1,0,256,X'03000000',2,8,NULL,'CUCCO_7','070z1V',0,1764111180,0,1535109519,0);
INSERT INTO DatabaseChanges VALUES(700,'#Spielberg () > #20 empty driver',1,0,256,X'03000000',2,8,NULL,'CUCCO_7','yI8Dgp',0,1764111181,0,1535109519,0);
INSERT INTO DatabaseChanges VALUES(701,'#Spielberg () > #18 empty driver',1,0,256,X'03000000',2,8,NULL,'CUCCO_7','GbcI7q',0,1764111183,0,1535109519,0);
INSERT INTO DatabaseChanges VALUES(702,'#Spielberg () > #16 empty driver',1,0,256,X'03000000',2,8,NULL,'CUCCO_7','SKsRrg',0,1764111185,0,1535109519,0);
INSERT INTO DatabaseChanges VALUES(703,'#Spielberg () > #17 empty driver',1,0,256,X'03000000',2,8,NULL,'CUCCO_7','aiBYSj',0,1764111187,0,1535109519,0);
INSERT INTO DatabaseChanges VALUES(704,'#Spielberg () > #18 empty driver',1,0,256,X'03000000',2,8,NULL,'CUCCO_7','q0ZyFT',0,1764111187,0,1535109519,0);
INSERT INTO DatabaseChanges VALUES(705,'#Spielberg () > #19 empty driver',1,0,256,X'03000000',2,8,NULL,'CUCCO_7','xbEX8D',0,1764111189,0,1535109519,0);
INSERT INTO DatabaseChanges VALUES(706,'#Spielberg () > #20 empty driver',1,0,256,X'03000000',2,8,NULL,'CUCCO_7','WJnClh',0,1764111190,0,1535109519,0);
INSERT INTO DatabaseChanges VALUES(707,'driver ''thomas_k04''',1,0,16,X'03000000',NULL,NULL,30,'CUCCO_7','ThSSIg',0,1764111198,0,1535109519,0);
INSERT INTO DatabaseChanges VALUES(708,'#Spielberg () > #12 thomas_k04',1,0,256,X'03000000',2,8,30,'CUCCO_7','svFoKQ',0,1764111198,0,1535109519,0);
INSERT INTO DatabaseChanges VALUES(709,'#Spielberg () > #11 Marcellio',1,0,256,X'03000000',2,8,22,'CUCCO_7','lqxA4S',0,1764111209,0,1535109519,0);
INSERT INTO DatabaseChanges VALUES(710,'#Spielberg () > #7 HarleyJL18',1,0,256,X'03000000',2,8,23,'CUCCO_7','QrVDBe',0,1764111214,0,1535109519,0);
INSERT INTO DatabaseChanges VALUES(711,'#Spielberg () > #13 The Kaiser',1,0,256,X'03000000',2,8,32,'CUCCO_7','dnzpJq',0,1764111223,0,1535109519,0);
INSERT INTO DatabaseChanges VALUES(712,'driver ''edwinlfc''',1,0,16,X'0300000002000000',NULL,NULL,28,'CUCCO_7','R1ALb6',0,1764111224,0,1535109519,0);
INSERT INTO DatabaseChanges VALUES(713,'session Qualification / Spielberg',1,0,256,X'03000000',2,8,NULL,'CUCCO_7','hUPrpy',0,1764111224,0,1535109519,0);
INSERT INTO DatabaseChanges VALUES(714,'session Qualification / Spielberg',1,0,256,X'03000000',2,8,NULL,'CUCCO_7','CFEIkn',0,1764111225,0,1535109519,0);
INSERT INTO DatabaseChanges VALUES(715,'session Qualification / Spielberg',1,0,256,X'03000000',2,8,NULL,'CUCCO_7','hCf7IV',0,1764111289,0,1535109519,0);
INSERT INTO DatabaseChanges VALUES(716,'session Qualification / Spielberg',1,0,256,X'03000000',2,8,NULL,'CUCCO_7','rd9ktE',0,1764111290,0,1535109519,0);
INSERT INTO DatabaseChanges VALUES(717,'session Qualification / Spielberg',1,0,256,X'03000000',2,8,NULL,'CUCCO_7','0pX7Gk',0,1764111290,0,1535109519,0);
INSERT INTO DatabaseChanges VALUES(718,'session Qualification / Spielberg',1,0,256,X'03000000',2,8,NULL,'CUCCO_7','z905nR',0,1764111290,0,1535109519,0);
INSERT INTO DatabaseChanges VALUES(719,'event ''Silverstone''',1,0,128,X'03000000',2,NULL,NULL,'CUCCO_7','Q4UTvU',0,1764111470,0,1535109519,0);
INSERT INTO DatabaseChanges VALUES(720,'#Silverstone () > #8 empty driver',1,0,256,X'03000000',2,7,NULL,'CUCCO_7','NxIUpF',0,1764111491,0,1535109519,0);
INSERT INTO DatabaseChanges VALUES(721,'#Silverstone () > #8 empty driver',1,0,256,X'03000000',2,7,NULL,'CUCCO_7','WZnV0Z',0,1764111493,0,1535109519,0);
INSERT INTO DatabaseChanges VALUES(722,'#Silverstone () > #8 empty driver',1,0,256,X'03000000',2,7,NULL,'CUCCO_7','SdoPbo',0,1764111495,0,1535109519,0);
INSERT INTO DatabaseChanges VALUES(723,'#Silverstone () > #9 empty driver',1,0,256,X'03000000',2,7,NULL,'CUCCO_7','jOXcw1',0,1764111496,0,1535109519,0);
INSERT INTO DatabaseChanges VALUES(724,'#Silverstone () > #9 empty driver',1,0,256,X'03000000',2,7,NULL,'CUCCO_7','HwKSxH',0,1764111497,0,1535109519,0);
INSERT INTO DatabaseChanges VALUES(725,'#Silverstone () > #10 empty driver',1,0,256,X'03000000',2,7,NULL,'CUCCO_7','71drqv',0,1764111498,0,1535109519,0);
INSERT INTO DatabaseChanges VALUES(726,'#Silverstone () > #10 empty driver',1,0,256,X'03000000',2,7,NULL,'CUCCO_7','FIxlXE',0,1764111499,0,1535109519,0);
INSERT INTO DatabaseChanges VALUES(727,'#Silverstone () > #11 empty driver',1,0,256,X'03000000',2,7,NULL,'CUCCO_7','A20mLx',0,1764111500,0,1535109519,0);
INSERT INTO DatabaseChanges VALUES(728,'#Silverstone () > #11 empty driver',1,0,256,X'03000000',2,7,NULL,'CUCCO_7','f4N2M0',0,1764111501,0,1535109519,0);
INSERT INTO DatabaseChanges VALUES(729,'#Silverstone () > #12 empty driver',1,0,256,X'03000000',2,7,NULL,'CUCCO_7','dOT7fl',0,1764111501,0,1535109519,0);
INSERT INTO DatabaseChanges VALUES(730,'#Silverstone () > #12 empty driver',1,0,256,X'03000000',2,7,NULL,'CUCCO_7','bEaNez',0,1764111502,0,1535109519,0);
INSERT INTO DatabaseChanges VALUES(731,'#Silverstone () > #13 empty driver',1,0,256,X'03000000',2,7,NULL,'CUCCO_7','Q65Jou',0,1764111503,0,1535109519,0);
INSERT INTO DatabaseChanges VALUES(732,'#Silverstone () > #13 empty driver',1,0,256,X'03000000',2,7,NULL,'CUCCO_7','WXMW2j',0,1764111504,0,1535109519,0);
INSERT INTO DatabaseChanges VALUES(733,'#Silverstone () > #8 AlexG_IV2',1,0,256,X'03000000',2,7,10,'CUCCO_7','dgFVZu',0,1764111507,0,1535109519,0);
INSERT INTO DatabaseChanges VALUES(734,'#Silverstone () > #9 ActionRik',1,0,256,X'03000000',2,7,19,'CUCCO_7','bzV4yp',0,1764111511,0,1535109519,0);
INSERT INTO DatabaseChanges VALUES(735,'#Silverstone () > #10 empty driver',1,0,256,X'03000000',2,7,NULL,'CUCCO_7','rYSPGI',0,1764111515,0,1535109519,0);
INSERT INTO DatabaseChanges VALUES(736,'#Silverstone () > #10 JillsValentine',1,0,256,X'03000000',2,7,13,'CUCCO_7','TGZ5rQ',0,1764111517,0,1535109519,0);
INSERT INTO DatabaseChanges VALUES(737,'#Silverstone () > #11 akosin',1,0,256,X'03000000',2,7,21,'CUCCO_7','clX6ij',0,1764111524,0,1535109519,0);
INSERT INTO DatabaseChanges VALUES(738,'#Silverstone () > #12 empty driver',1,0,256,X'03000000',2,7,NULL,'CUCCO_7','7aaw9S',0,1764111581,0,1535109519,0);
INSERT INTO DatabaseChanges VALUES(739,'#Silverstone () > #12 OllieBowers',1,0,256,X'03000000',2,7,24,'CUCCO_7','rM08fa',0,1764111584,0,1535109519,0);
INSERT INTO DatabaseChanges VALUES(740,'#Silverstone () > #13 maxi0903',1,0,256,X'03000000',2,7,14,'CUCCO_7','oGtsBk',0,1764111597,0,1535109519,0);
INSERT INTO DatabaseChanges VALUES(741,'#Silverstone () > #12 OllieBowers',1,0,256,X'03000000',2,7,24,'CUCCO_7','mL56YO',0,1764111599,0,1535109519,0);
INSERT INTO DatabaseChanges VALUES(742,'#Silverstone () > #11 akosin',1,0,256,X'03000000',2,7,21,'CUCCO_7','TF1H3Z',0,1764111602,0,1535109519,0);
INSERT INTO DatabaseChanges VALUES(743,'session Race / Silverstone',1,0,256,X'03000000',2,7,NULL,'CUCCO_7','9HBgbJ',0,1764111608,0,1535109519,0);
INSERT INTO DatabaseChanges VALUES(744,'session Race / Silverstone',1,0,256,X'03000000',2,7,NULL,'CUCCO_7','FAQPAi',0,1764111609,0,1535109519,0);
INSERT INTO DatabaseChanges VALUES(745,'session Race / Silverstone',1,0,256,X'03000000',2,7,NULL,'CUCCO_7','NErcPa',0,1764111609,0,1535109519,0);
INSERT INTO DatabaseChanges VALUES(746,'session Race / Silverstone',1,0,256,X'03000000',2,7,NULL,'CUCCO_7','r1upc1',0,1764111609,0,1535109519,0);
INSERT INTO DatabaseChanges VALUES(747,'session Race / Silverstone',1,0,256,X'03000000',2,7,NULL,'CUCCO_7','ENvK5Y',0,1764111609,0,1535109519,0);
INSERT INTO DatabaseChanges VALUES(748,'session Race / Silverstone',1,0,256,X'03000000',2,7,NULL,'CUCCO_7','kj5Ayd',0,1764111609,0,1535109519,0);
INSERT INTO DatabaseChanges VALUES(749,'session Race / Silverstone',1,0,256,X'03000000',2,7,NULL,'CUCCO_7','vZTPJo',0,1764111609,0,1535109519,0);
INSERT INTO DatabaseChanges VALUES(750,'event ''Las Vegas''',0,0,128,X'03000000',2,NULL,NULL,'CUCCO_7','9nMnrL',0,1764111645,0,1535109519,0);
INSERT INTO DatabaseChanges VALUES(751,'sessions (2)',0,0,256,X'03000000',2,0,NULL,'CUCCO_7','6qf5CE',0,1764111645,0,1535109519,0);
INSERT INTO DatabaseChanges VALUES(752,'#Las Vegas () > #1 edwinlfc',0,0,256,X'03000000',2,12,28,'CUCCO_7','uuhRWC',0,1764111763,0,1535109519,0);
INSERT INTO DatabaseChanges VALUES(753,'#Las Vegas () > #2 DcViiral',0,0,256,X'03000000',2,12,12,'CUCCO_7','b9257s',0,1764111766,0,1535109519,0);
INSERT INTO DatabaseChanges VALUES(754,'#Las Vegas () > #3 Flavours',0,0,256,X'03000000',2,12,29,'CUCCO_7','l9LOdQ',0,1764111768,0,1535109519,0);
INSERT INTO DatabaseChanges VALUES(755,'#Las Vegas () > #4 Mihai',0,0,256,X'03000000',2,12,20,'CUCCO_7','wuVPql',0,1764111772,0,1535109519,0);
INSERT INTO DatabaseChanges VALUES(756,'#Las Vegas () > #5 maxi0903',0,0,256,X'03000000',2,12,14,'CUCCO_7','Cn7FZB',0,1764111776,0,1535109519,0);
INSERT INTO DatabaseChanges VALUES(757,'#Las Vegas () > #6 owise11',0,0,256,X'03000000',2,12,8,'CUCCO_7','4pcpik',0,1764111779,0,1535109519,0);
INSERT INTO DatabaseChanges VALUES(758,'#Las Vegas () > #7 LankyBrown5515',0,0,256,X'03000000',2,12,18,'CUCCO_7','INrpzw',0,1764111784,0,1535109519,0);
INSERT INTO DatabaseChanges VALUES(759,'#Las Vegas () > #8 ossidrei93',0,0,256,X'03000000',2,12,16,'CUCCO_7','tfdH7R',0,1764111788,0,1535109519,0);
INSERT INTO DatabaseChanges VALUES(760,'#Las Vegas () > #9 akosin',0,0,256,X'03000000',2,12,21,'CUCCO_7','Jlv0LE',0,1764111791,0,1535109519,0);
INSERT INTO DatabaseChanges VALUES(761,'#Las Vegas () > #10 JillsValentine',0,0,256,X'03000000',2,12,13,'CUCCO_7','YNPUn0',0,1764111794,0,1535109519,0);
INSERT INTO DatabaseChanges VALUES(762,'#Las Vegas () > #9 akosin',1,0,256,X'03000000',2,12,21,'CUCCO_7','7SEHUa',0,1764111798,0,1535109519,0);
INSERT INTO DatabaseChanges VALUES(763,'#Las Vegas () > #11 BazokaJo',0,0,256,X'03000000',2,12,17,'CUCCO_7','kpd15i',0,1764111804,0,1535109519,0);
INSERT INTO DatabaseChanges VALUES(764,'#Las Vegas () > #12 p1Xx',0,0,256,X'03000000',2,12,9,'CUCCO_7','wEJhq8',0,1764111807,0,1535109519,0);
INSERT INTO DatabaseChanges VALUES(765,'#Las Vegas () > #13 Marcellio',0,0,256,X'03000000',2,12,22,'CUCCO_7','tCD0Va',0,1764111810,0,1535109519,0);
INSERT INTO DatabaseChanges VALUES(766,'#Las Vegas () > #14 HarleyJL18',0,0,256,X'03000000',2,12,23,'CUCCO_7','szfyOV',0,1764111813,0,1535109519,0);
INSERT INTO DatabaseChanges VALUES(767,'#Las Vegas () > #15 ActionRik',0,0,256,X'03000000',2,12,19,'CUCCO_7','2ocb5N',0,1764111827,0,1535109519,0);
INSERT INTO DatabaseChanges VALUES(768,'#Las Vegas () > #16 OllieBowers',0,0,256,X'03000000',2,12,24,'CUCCO_7','MEYy81',0,1764111829,0,1535109519,0);
INSERT INTO DatabaseChanges VALUES(769,'#Las Vegas () > #16 OllieBowers',1,0,256,X'03000000',2,12,24,'CUCCO_7','fc6UPh',0,1764111833,0,1535109519,0);
INSERT INTO DatabaseChanges VALUES(770,'session Qualification / Las Vegas',1,0,256,X'03000000',2,12,NULL,'CUCCO_7','kaKcEX',0,1764111835,0,1535109519,0);
INSERT INTO DatabaseChanges VALUES(771,'session Qualification / Las Vegas',1,0,256,X'03000000',2,12,NULL,'CUCCO_7','qtBqMq',0,1764111835,0,1535109519,0);
INSERT INTO DatabaseChanges VALUES(772,'session Qualification / Las Vegas',1,0,256,X'03000000',2,12,NULL,'CUCCO_7','MuFYwd',0,1764111836,0,1535109519,0);
INSERT INTO DatabaseChanges VALUES(773,'session Qualification / Las Vegas',1,0,256,X'03000000',2,12,NULL,'CUCCO_7','0cYm86',0,1764111836,0,1535109519,0);
INSERT INTO DatabaseChanges VALUES(774,'session Qualification / Las Vegas',1,0,256,X'03000000',2,12,NULL,'CUCCO_7','5XZUNf',0,1764111836,0,1535109519,0);
INSERT INTO DatabaseChanges VALUES(775,'#Las Vegas () > #1 DcViiral',0,0,256,X'03000000',2,13,12,'CUCCO_7','IwzaUp',0,1764111879,0,1535109519,0);
INSERT INTO DatabaseChanges VALUES(776,'#Las Vegas () > #2 edwinlfc',0,0,256,X'03000000',2,13,28,'CUCCO_7','oKPj0O',0,1764111882,0,1535109519,0);
INSERT INTO DatabaseChanges VALUES(777,'#Las Vegas () > #3 edwinlfc',0,0,256,X'03000000',2,13,28,'CUCCO_7','hKIOJL',0,1764111885,0,1535109519,0);
INSERT INTO DatabaseChanges VALUES(778,'#Las Vegas () > #3 empty driver',1,0,256,X'03000000',2,13,NULL,'CUCCO_7','Ha9FB8',0,1764111889,0,1535109519,0);
INSERT INTO DatabaseChanges VALUES(779,'#Las Vegas () > #3 maxi0903',1,0,256,X'03000000',2,13,14,'CUCCO_7','45Jlqh',0,1764111890,0,1535109519,0);
INSERT INTO DatabaseChanges VALUES(780,'#Las Vegas () > #3 maxi0903',1,0,256,X'03000000',2,13,14,'CUCCO_7','0Fom16',0,1764111898,0,1535109519,0);
INSERT INTO DatabaseChanges VALUES(781,'#Las Vegas () > #4 Flavours',0,0,256,X'03000000',2,13,29,'CUCCO_7','etJw5i',0,1764111901,0,1535109519,0);
INSERT INTO DatabaseChanges VALUES(782,'#Las Vegas () > #5 ossidrei93',0,0,256,X'03000000',2,13,16,'CUCCO_7','GtYXwI',0,1764111905,0,1535109519,0);
INSERT INTO DatabaseChanges VALUES(783,'#Las Vegas () > #6 BazokaJo',0,0,256,X'03000000',2,13,17,'CUCCO_7','uXH3XE',0,1764111910,0,1535109519,0);
INSERT INTO DatabaseChanges VALUES(784,'#Las Vegas () > #7 LankyBrown5515',0,0,256,X'03000000',2,13,18,'CUCCO_7','HiJqQ8',0,1764111914,0,1535109519,0);
INSERT INTO DatabaseChanges VALUES(785,'#Las Vegas () > #8 owise11',0,0,256,X'03000000',2,13,8,'CUCCO_7','liNzSy',0,1764111918,0,1535109519,0);
INSERT INTO DatabaseChanges VALUES(786,'#Las Vegas () > #9 p1Xx',0,0,256,X'03000000',2,13,9,'CUCCO_7','1Wd4sw',0,1764111922,0,1535109519,0);
INSERT INTO DatabaseChanges VALUES(787,'#Las Vegas () > #10 akosin',0,0,256,X'03000000',2,13,21,'CUCCO_7','QqtuQs',0,1764111926,0,1535109519,0);
INSERT INTO DatabaseChanges VALUES(788,'#Las Vegas () > #10 akosin',1,0,256,X'03000000',2,13,21,'CUCCO_7','R2i8O6',0,1764111929,0,1535109519,0);
INSERT INTO DatabaseChanges VALUES(789,'#Las Vegas () > #11 ActionRik',0,0,256,X'03000000',2,13,19,'CUCCO_7','f8zQuB',0,1764111934,0,1535109519,0);
INSERT INTO DatabaseChanges VALUES(790,'#Las Vegas () > #12 Marcellio',0,0,256,X'03000000',2,13,22,'CUCCO_7','vMUkHY',0,1764111938,0,1535109519,0);
INSERT INTO DatabaseChanges VALUES(791,'#Las Vegas () > #13 JillsValentine',0,0,256,X'03000000',2,13,13,'CUCCO_7','LpwyPS',0,1764111940,0,1535109519,0);
INSERT INTO DatabaseChanges VALUES(792,'#Las Vegas () > #14 Mihai',0,0,256,X'03000000',2,13,20,'CUCCO_7','6oLUrK',0,1764111944,0,1535109519,0);
INSERT INTO DatabaseChanges VALUES(793,'session Race / Las Vegas',1,0,256,X'03000000',2,13,NULL,'CUCCO_7','pcPZaq',0,1764111956,0,1535109519,0);
INSERT INTO DatabaseChanges VALUES(794,'session Race / Las Vegas',1,0,256,X'03000000',2,13,NULL,'CUCCO_7','YXyMPo',0,1764111958,0,1535109519,0);
INSERT INTO DatabaseChanges VALUES(795,'session Race / Las Vegas',1,0,256,X'03000000',2,13,NULL,'CUCCO_7','vzY1iT',0,1764111958,0,1535109519,0);
INSERT INTO DatabaseChanges VALUES(796,'session Race / Las Vegas',1,0,256,X'03000000',2,13,NULL,'CUCCO_7','yU6Tdj',0,1764111959,0,1535109519,0);
INSERT INTO DatabaseChanges VALUES(797,'session Race / Las Vegas',1,0,256,X'03000000',2,13,NULL,'CUCCO_7','ONkwH7',0,1764111959,0,1535109519,0);
INSERT INTO DatabaseChanges VALUES(798,'session Race / Las Vegas',1,0,256,X'03000000',2,13,NULL,'CUCCO_7','AlaTf2',0,1764111959,0,1535109519,0);
INSERT INTO DatabaseChanges VALUES(799,'session Race / Las Vegas',1,0,256,X'03000000',2,13,NULL,'CUCCO_7','JcYGam',0,1764111959,0,1535109519,0);
INSERT INTO DatabaseChanges VALUES(800,'session Race / Las Vegas',1,0,256,X'03000000',2,13,NULL,'CUCCO_7','SuUdeY',0,1764111960,0,1535109519,0);
INSERT INTO DatabaseChanges VALUES(801,'session Race / Las Vegas',1,0,256,X'03000000',2,13,NULL,'CUCCO_7','YFFCkK',0,1764111960,0,1535109519,0);
INSERT INTO DatabaseChanges VALUES(802,'session Race / Las Vegas',1,0,256,X'03000000',2,13,NULL,'CUCCO_7','vGd8Pq',0,1764111963,0,1535109519,0);
INSERT INTO DatabaseChanges VALUES(803,'session Race / Las Vegas',1,0,256,X'03000000',2,13,NULL,'CUCCO_7','4o2dNL',0,1764111974,0,1535109519,0);
INSERT INTO DatabaseChanges VALUES(804,'session Race / Las Vegas',1,0,256,X'03000000',2,13,NULL,'CUCCO_7','5uujrH',0,1764111975,0,1535109519,0);
INSERT INTO DatabaseChanges VALUES(805,'#Las Vegas () > #4 empty driver',1,0,256,X'03000000',2,13,NULL,'CUCCO_7','92wzyn',0,1764112016,0,1535109519,0);
INSERT INTO DatabaseChanges VALUES(806,'driver results (14)',2,0,256,X'03000000',2,13,NULL,'CUCCO_7','GAKzkh',0,1764112024,0,1535109519,0);
INSERT INTO DatabaseChanges VALUES(807,'sessions (1)',2,0,256,X'03000000',2,13,NULL,'CUCCO_7','9Z51xW',0,1764112024,0,1535109519,0);
INSERT INTO DatabaseChanges VALUES(808,'session Race / Las Vegas',0,0,256,X'03000000',2,0,NULL,'CUCCO_7','vTrpg5',0,1764112026,0,1535109519,0);
INSERT INTO DatabaseChanges VALUES(809,'#Las Vegas () > #1 DcViiral',0,0,256,X'03000000',2,14,12,'CUCCO_7','Jlwixr',0,1764112030,0,1535109519,0);
INSERT INTO DatabaseChanges VALUES(810,'#Las Vegas () > #2 edwinlfc',0,0,256,X'03000000',2,14,28,'CUCCO_7','pp7tSi',0,1764112032,0,1535109519,0);
INSERT INTO DatabaseChanges VALUES(811,'#Las Vegas () > #3 maxi0903',0,0,256,X'03000000',2,14,14,'CUCCO_7','JFx9ck',0,1764112036,0,1535109519,0);
INSERT INTO DatabaseChanges VALUES(812,'#Las Vegas () > #4 Mihai',0,0,256,X'03000000',2,14,20,'CUCCO_7','ATe4ys',0,1764112039,0,1535109519,0);
INSERT INTO DatabaseChanges VALUES(813,'#Las Vegas () > #5 Flavours',0,0,256,X'03000000',2,14,29,'CUCCO_7','O98tjF',0,1764112041,0,1535109519,0);
INSERT INTO DatabaseChanges VALUES(814,'#Las Vegas () > #6 ossidrei93',0,0,256,X'03000000',2,14,16,'CUCCO_7','uXuoXA',0,1764112046,0,1535109519,0);
INSERT INTO DatabaseChanges VALUES(815,'#Las Vegas () > #7 BazokaJo',0,0,256,X'03000000',2,14,17,'CUCCO_7','WxidKY',0,1764112049,0,1535109519,0);
INSERT INTO DatabaseChanges VALUES(816,'#Las Vegas () > #8 LankyBrown5515',0,0,256,X'03000000',2,14,18,'CUCCO_7','apsn6Z',0,1764112053,0,1535109519,0);
INSERT INTO DatabaseChanges VALUES(817,'#Las Vegas () > #9 owise11',0,0,256,X'03000000',2,14,8,'CUCCO_7','FCYroT',0,1764112056,0,1535109519,0);
INSERT INTO DatabaseChanges VALUES(818,'#Las Vegas () > #10 p1Xx',0,0,256,X'03000000',2,14,9,'CUCCO_7','1uoh6b',0,1764112063,0,1535109519,0);
INSERT INTO DatabaseChanges VALUES(819,'#Las Vegas () > #11 akosin',0,0,256,X'03000000',2,14,21,'CUCCO_7','4rwhWF',0,1764112067,0,1535109519,0);
INSERT INTO DatabaseChanges VALUES(820,'#Las Vegas () > #11 akosin',1,0,256,X'03000000',2,14,21,'CUCCO_7','o4F2Ym',0,1764112071,0,1535109519,0);
INSERT INTO DatabaseChanges VALUES(821,'#Las Vegas () > #12 ActionRik',0,0,256,X'03000000',2,14,19,'CUCCO_7','8217vL',0,1764112075,0,1535109519,0);
INSERT INTO DatabaseChanges VALUES(822,'#Las Vegas () > #13 Marcellio',0,0,256,X'03000000',2,14,22,'CUCCO_7','jaycKV',0,1764112080,0,1535109519,0);
INSERT INTO DatabaseChanges VALUES(823,'#Las Vegas () > #14 JillsValentine',0,0,256,X'03000000',2,14,13,'CUCCO_7','PMLbTs',0,1764112084,0,1535109519,0);
INSERT INTO DatabaseChanges VALUES(824,'#Las Vegas () > #15 HarleyJL18',0,0,256,X'03000000',2,14,23,'CUCCO_7','Ht1n0V',0,1764112088,0,1535109519,0);
INSERT INTO DatabaseChanges VALUES(825,'#Las Vegas () > #16 OllieBowers',0,0,256,X'03000000',2,14,24,'CUCCO_7','ItWXd9',0,1764112091,0,1535109519,0);
INSERT INTO DatabaseChanges VALUES(826,'#Las Vegas () > #16 OllieBowers',1,0,256,X'03000000',2,14,24,'CUCCO_7','KC5rQj',0,1764112093,0,1535109519,0);
INSERT INTO DatabaseChanges VALUES(827,'#Las Vegas () > #15 HarleyJL18',1,0,256,X'03000000',2,14,23,'CUCCO_7','RBmD1o',0,1764112095,0,1535109519,0);
INSERT INTO DatabaseChanges VALUES(828,'#Las Vegas () > #16 OllieBowers',1,0,256,X'03000000',2,14,24,'CUCCO_7','0H2WSd',0,1764112096,0,1535109519,0);
INSERT INTO DatabaseChanges VALUES(829,'session Race / Las Vegas',1,0,256,X'03000000',2,14,NULL,'CUCCO_7','lG3OaI',0,1764112101,0,1535109519,0);
INSERT INTO DatabaseChanges VALUES(830,'session Race / Las Vegas',1,0,256,X'03000000',2,14,NULL,'CUCCO_7','9uplFQ',0,1764112102,0,1535109519,0);
INSERT INTO DatabaseChanges VALUES(831,'session Race / Las Vegas',1,0,256,X'03000000',2,14,NULL,'CUCCO_7','EJNgTX',0,1764112103,0,1535109519,0);
INSERT INTO DatabaseChanges VALUES(832,'session Race / Las Vegas',1,0,256,X'03000000',2,14,NULL,'CUCCO_7','SzNOo9',0,1764112103,0,1535109519,0);
INSERT INTO DatabaseChanges VALUES(833,'session Race / Las Vegas',1,0,256,X'03000000',2,14,NULL,'CUCCO_7','sp3r0M',0,1764112104,0,1535109519,0);
INSERT INTO DatabaseChanges VALUES(834,'session Race / Las Vegas',1,0,256,X'03000000',2,14,NULL,'CUCCO_7','U8KQue',0,1764112104,0,1535109519,0);
INSERT INTO DatabaseChanges VALUES(835,'session Race / Las Vegas',1,0,256,X'03000000',2,14,NULL,'CUCCO_7','Cwl4OC',0,1764112104,0,1535109519,0);
INSERT INTO DatabaseChanges VALUES(836,'session Race / Las Vegas',1,0,256,X'03000000',2,14,NULL,'CUCCO_7','zm4ITi',0,1764112105,0,1535109519,0);
INSERT INTO DatabaseChanges VALUES(837,'session Race / Las Vegas',1,0,256,X'03000000',2,14,NULL,'CUCCO_7','hShnSz',0,1764112105,0,1535109519,0);
INSERT INTO DatabaseChanges VALUES(838,'session Race / Las Vegas',1,0,256,X'03000000',2,14,NULL,'CUCCO_7','IQTnZI',0,1764112107,0,1535109519,0);
INSERT INTO DatabaseChanges VALUES(839,'session Race / Las Vegas',1,0,256,X'03000000',2,14,NULL,'CUCCO_7','NtbKfF',0,1764112111,0,1535109519,0);
INSERT INTO DatabaseChanges VALUES(840,'session Race / Las Vegas',1,0,256,X'03000000',2,14,NULL,'CUCCO_7','dIvrZ4',0,1764112113,0,1535109519,0);
INSERT INTO DatabaseChanges VALUES(841,'session Race / Las Vegas',1,0,256,X'03000000',2,14,NULL,'CUCCO_7','D431Xg',0,1764112113,0,1535109519,0);
INSERT INTO DatabaseChanges VALUES(842,'league category ''DIVISION 3''',1,0,8,NULL,NULL,NULL,NULL,'CUCCO_7','3Up2zK',0,1764112201,0,1535109519,0);
INSERT INTO DatabaseChanges VALUES(843,'league category ''DIVISION 3''',1,0,8,NULL,NULL,NULL,NULL,'CUCCO_7','OL31Wj',0,1764112201,0,1535109519,0);
INSERT INTO DatabaseChanges VALUES(844,'league category ''DIVISION 3''',1,0,8,NULL,NULL,NULL,NULL,'CUCCO_7','oSbpYX',0,1764112204,0,1535109519,0);
INSERT INTO DatabaseChanges VALUES(845,'event ''Spielberg''',0,0,128,X'02000000',1,NULL,NULL,'CUCCO_7','tejvDj',0,1764184713,0,1535109519,0);
INSERT INTO DatabaseChanges VALUES(846,'sessions (2)',0,0,256,X'02000000',1,0,NULL,'CUCCO_7','GkK0Gc',0,1764184714,0,1535109519,0);
INSERT INTO DatabaseChanges VALUES(847,'session Qualification / (unknown)',0,1,256,NULL,NULL,0,NULL,'CUCCO_7','PURjDO',0,1764187057,0,1535109519,0);
INSERT INTO DatabaseChanges VALUES(848,'driver results (15)',0,1,256,NULL,NULL,17,NULL,'CUCCO_7','rciaCH',0,1764187111,0,1535109519,0);
INSERT INTO DatabaseChanges VALUES(849,'session Qualification / Spielberg',1,0,256,X'02000000',1,15,NULL,'CUCCO_7','OR6N0P',0,1764187111,0,1535109519,0);
INSERT INTO DatabaseChanges VALUES(850,'driver results (15)',0,0,256,X'02000000',1,15,NULL,'CUCCO_7','9ChLir',0,1764187111,0,1535109519,0);
INSERT INTO DatabaseChanges VALUES(851,'session Qualification / (unknown)',1,0,256,NULL,NULL,17,NULL,'CUCCO_7','ErL53y',0,1764187111,0,1535109519,0);
INSERT INTO DatabaseChanges VALUES(852,'session Qualification / Spielberg',1,0,256,X'02000000',1,15,NULL,'CUCCO_7','4lwSiF',0,1764187111,0,1535109519,0);
INSERT INTO DatabaseChanges VALUES(853,'session Race / (unknown)',0,1,256,NULL,NULL,0,NULL,'CUCCO_7','JuaCSs',0,1764190503,0,1535109519,0);
INSERT INTO DatabaseChanges VALUES(854,'driver results (15)',0,1,256,X'02000000',NULL,18,NULL,'CUCCO_7','iYAWYb',0,1764190503,0,1535109519,0);
INSERT INTO DatabaseChanges VALUES(855,'session Race / Spielberg',1,0,256,X'02000000',1,16,NULL,'CUCCO_7','WnBcso',0,1764190503,0,1535109519,0);
INSERT INTO DatabaseChanges VALUES(856,'driver results (15)',0,0,256,X'02000000',1,16,NULL,'CUCCO_7','Rq2z0m',0,1764190503,0,1535109519,0);
INSERT INTO DatabaseChanges VALUES(857,'session Race / (unknown)',1,0,256,NULL,NULL,18,NULL,'CUCCO_7','gtJWBk',0,1764190503,0,1535109519,0);
INSERT INTO DatabaseChanges VALUES(858,'session Race / Spielberg',1,0,256,X'02000000',1,16,NULL,'CUCCO_7','3jAXRm',0,1764190503,0,1535109519,0);
INSERT INTO DatabaseChanges VALUES(859,'driver ''Borbodinio''',1,0,16,X'02000000',NULL,NULL,31,'CUCCO_7','RiFdmD',0,1764190511,0,1535109519,0);
INSERT INTO DatabaseChanges VALUES(860,'#Spielberg () > #2 Borbodinio',1,0,256,X'02000000',1,16,31,'CUCCO_7','6P8WYh',0,1764190511,0,1535109519,0);
INSERT INTO DatabaseChanges VALUES(861,'driver ''Dimitris Stavroulis''',1,0,16,NULL,NULL,NULL,7,'CUCCO_7','OX8mTz',0,1764190517,0,1535109519,0);
INSERT INTO DatabaseChanges VALUES(862,'#Spielberg () > #5 Dimitris Stavroulis',1,0,256,X'02000000',1,16,7,'CUCCO_7','ULiw2h',0,1764190517,0,1535109519,0);
INSERT INTO DatabaseChanges VALUES(863,'driver ''BSGabry_''',1,0,16,X'02000000',NULL,NULL,1,'CUCCO_7','ujk79y',0,1764190595,0,1535109519,0);
INSERT INTO DatabaseChanges VALUES(864,'driver ''seanmul10''',1,0,16,X'02000000',NULL,NULL,3,'CUCCO_7','odyy6y',0,1764190595,0,1535109519,0);
INSERT INTO DatabaseChanges VALUES(865,'driver ''PhantomFox456''',1,0,16,X'02000000',NULL,NULL,27,'CUCCO_7','f9zStQ',0,1764190595,0,1535109519,0);
INSERT INTO DatabaseChanges VALUES(866,'driver ''CUCCO_7''',1,0,16,X'0200000001000000',NULL,NULL,2,'CUCCO_7','I5qAX8',0,1764190595,0,1535109519,0);
INSERT INTO DatabaseChanges VALUES(867,'driver ''akosin''',1,0,16,X'03000000',NULL,NULL,21,'CUCCO_7','gCDm8O',0,1764190595,0,1535109519,0);
INSERT INTO DatabaseChanges VALUES(868,'driver ''the_real_Sulli''',1,0,16,NULL,NULL,NULL,4,'CUCCO_7','byi6kg',0,1764190595,0,1535109519,0);
INSERT INTO DatabaseChanges VALUES(869,'session Race / Spielberg',1,0,256,X'02000000',1,16,NULL,'CUCCO_7','YbP2bD',0,1764190595,0,1535109519,0);
INSERT INTO DatabaseChanges VALUES(870,'session Race / Spielberg',1,0,256,X'02000000',1,16,NULL,'CUCCO_7','yp2qiJ',0,1764190595,0,1535109519,0);
INSERT INTO DatabaseChanges VALUES(871,'driver ''Pub_Dogg''',1,0,16,X'02000000',NULL,NULL,5,'CUCCO_7','phJQ80',0,1764190610,0,1535109519,0);
INSERT INTO DatabaseChanges VALUES(872,'#Spielberg () > #6 Pub_Dogg',1,0,256,X'02000000',1,16,5,'CUCCO_7','THG9Qn',0,1764190610,0,1535109519,0);
INSERT INTO DatabaseChanges VALUES(873,'session Race / Spielberg',1,0,256,X'02000000',1,16,NULL,'CUCCO_7','TqMnVz',0,1764190612,0,1535109519,0);
INSERT INTO DatabaseChanges VALUES(874,'driver ''maxi0903''',1,0,16,X'0200000003000000',NULL,NULL,14,'CUCCO_7','6IESzo',0,1764192678,0,1535109519,0);
INSERT INTO DatabaseChanges VALUES(875,'#Spielberg () > #14 maxi0903',1,0,256,X'02000000',1,16,14,'CUCCO_7','i6BT22',0,1764192678,0,1535109519,0);
INSERT INTO DatabaseChanges VALUES(876,'session Race / Spielberg',1,0,256,X'02000000',1,16,NULL,'CUCCO_7','d8g3DD',0,1764192683,0,1535109519,0);
INSERT INTO DatabaseChanges VALUES(877,'#Spielberg () > #1 BSGabry_',1,0,256,X'02000000',1,16,1,'CUCCO_7','edPrSc',0,1764192952,0,1535109519,0);
INSERT INTO DatabaseChanges VALUES(878,'#Spielberg () > #2 Borbodinio',1,0,256,X'02000000',1,16,31,'CUCCO_7','Rcsw2z',0,1764192957,0,1535109519,0);
INSERT INTO DatabaseChanges VALUES(879,'#Spielberg () > #3 seanmul10',1,0,256,X'02000000',1,16,3,'CUCCO_7','BoPE8z',0,1764192962,0,1535109519,0);
INSERT INTO DatabaseChanges VALUES(880,'#Spielberg () > #4 p1Xx',1,0,256,X'02000000',1,16,9,'CUCCO_7','LodKIn',0,1764192967,0,1535109519,0);
INSERT INTO DatabaseChanges VALUES(881,'#Spielberg () > #5 Dimitris Stavroulis',1,0,256,X'02000000',1,16,7,'CUCCO_7','Bojjia',0,1764192973,0,1535109519,0);
INSERT INTO DatabaseChanges VALUES(882,'#Spielberg () > #6 Pub_Dogg',1,0,256,X'02000000',1,16,5,'CUCCO_7','zdigb7',0,1764192979,0,1535109519,0);
INSERT INTO DatabaseChanges VALUES(883,'#Spielberg () > #7 PhantomFox456',1,0,256,X'02000000',1,16,27,'CUCCO_7','oImZoF',0,1764192985,0,1535109519,0);
INSERT INTO DatabaseChanges VALUES(884,'#Spielberg () > #8 owise11',1,0,256,X'02000000',1,16,8,'CUCCO_7','N5KUh1',0,1764192989,0,1535109519,0);
INSERT INTO DatabaseChanges VALUES(885,'#Spielberg () > #9 CUCCO_7',1,0,256,X'02000000',1,16,2,'CUCCO_7','gTZ202',0,1764192995,0,1535109519,0);
INSERT INTO DatabaseChanges VALUES(886,'#Spielberg () > #10 BazokaJo',1,0,256,X'02000000',1,16,17,'CUCCO_7','sHSwTo',0,1764193001,0,1535109519,0);
INSERT INTO DatabaseChanges VALUES(887,'#Spielberg () > #11 LankyBrown5515',1,0,256,X'02000000',1,16,18,'CUCCO_7','sRSRUb',0,1764193006,0,1535109519,0);
INSERT INTO DatabaseChanges VALUES(888,'#Spielberg () > #11 LankyBrown5515',1,0,256,X'02000000',1,16,18,'CUCCO_7','xz3QMI',0,1764193021,0,1535109519,0);
INSERT INTO DatabaseChanges VALUES(889,'#Spielberg () > #12 ossidrei93',1,0,256,X'02000000',1,16,16,'CUCCO_7','0SPD0M',0,1764193028,0,1535109519,0);
INSERT INTO DatabaseChanges VALUES(890,'#Spielberg () > #13 akosin',1,0,256,X'02000000',1,16,21,'CUCCO_7','I5eCba',0,1764193036,0,1535109519,0);
INSERT INTO DatabaseChanges VALUES(891,'#Spielberg () > #14 maxi0903',1,0,256,X'02000000',1,16,14,'CUCCO_7','kXNxpp',0,1764193046,0,1535109519,0);
INSERT INTO DatabaseChanges VALUES(892,'session Race / Spielberg',1,0,256,X'02000000',1,16,NULL,'CUCCO_7','SOV60z',0,1764193058,0,1535109519,0);
INSERT INTO DatabaseChanges VALUES(893,'session Race / Spielberg',1,0,256,X'02000000',1,16,NULL,'CUCCO_7','z01nOl',0,1764193074,0,1535109519,0);
INSERT INTO DatabaseChanges VALUES(894,'#Spielberg () > #1 Borbodinio',1,0,256,X'02000000',1,15,31,'CUCCO_7','ZSiQfu',0,1764193147,0,1535109519,0);
INSERT INTO DatabaseChanges VALUES(895,'#Spielberg () > #3 Pub_Dogg',1,0,256,X'02000000',1,15,5,'CUCCO_7','lq9kHM',0,1764193151,0,1535109519,0);
INSERT INTO DatabaseChanges VALUES(896,'#Spielberg () > #9 maxi0903',1,0,256,X'02000000',1,15,14,'CUCCO_7','dVsFF1',0,1764193176,0,1535109519,0);
INSERT INTO DatabaseChanges VALUES(897,'#Spielberg () > #13 Dimitris Stavroulis',1,0,256,X'02000000',1,15,7,'CUCCO_7','RTm44d',0,1764193180,0,1535109519,0);
INSERT INTO DatabaseChanges VALUES(898,'driver ''PhantomFox456''',1,0,16,X'02000000',NULL,NULL,27,'CUCCO_7','C40psF',0,1764193182,0,1535109519,0);
INSERT INTO DatabaseChanges VALUES(899,'session Qualification / Spielberg',1,0,256,X'02000000',1,15,NULL,'CUCCO_7','cpeedc',0,1764193182,0,1535109519,0);
INSERT INTO DatabaseChanges VALUES(900,'session Qualification / Spielberg',1,0,256,X'02000000',1,15,NULL,'CUCCO_7','SFUpu4',0,1764193182,0,1535109519,0);
INSERT INTO DatabaseChanges VALUES(901,'session Qualification / Spielberg',1,0,256,X'02000000',1,15,NULL,'CUCCO_7','4xS1P0',0,1764193182,0,1535109519,0);
INSERT INTO DatabaseChanges VALUES(902,'#Spielberg () > #13 akosin',1,0,256,X'02000000',1,16,21,'CUCCO_7','rLfV4e',0,1764193380,0,1535109519,0);
INSERT INTO DatabaseChanges VALUES(903,'session Race / Spielberg',1,0,256,X'02000000',1,16,NULL,'CUCCO_7','eXRyDW',0,1764193382,0,1535109519,0);
INSERT INTO DatabaseChanges VALUES(904,'session Race / Spielberg',1,0,256,X'02000000',1,16,NULL,'CUCCO_7','yS0ze2',0,1764193383,0,1535109519,0);
INSERT INTO DatabaseChanges VALUES(905,'session Race / Spielberg',1,0,256,X'02000000',1,16,NULL,'CUCCO_7','7874of',0,1764193383,0,1535109519,0);
INSERT INTO DatabaseChanges VALUES(906,'session Race / Spielberg',1,0,256,X'02000000',1,16,NULL,'CUCCO_7','nNkQ4o',0,1764193384,0,1535109519,0);
INSERT INTO DatabaseChanges VALUES(907,'session Race / Spielberg',1,0,256,X'02000000',1,16,NULL,'CUCCO_7','HB2SF4',0,1764193384,0,1535109519,0);
INSERT INTO DatabaseChanges VALUES(908,'session Race / Spielberg',1,0,256,X'02000000',1,16,NULL,'CUCCO_7','KeQBS3',0,1764193385,0,1535109519,0);
INSERT INTO DatabaseChanges VALUES(909,'session Race / Spielberg',1,0,256,X'02000000',1,16,NULL,'CUCCO_7','A4M7dp',0,1764193387,0,1535109519,0);
INSERT INTO DatabaseChanges VALUES(910,'session Race / Spielberg',1,0,256,X'02000000',1,16,NULL,'CUCCO_7','MmMRCG',0,1764193387,0,1535109519,0);
INSERT INTO DatabaseChanges VALUES(911,'session Race / Spielberg',1,0,256,X'02000000',1,16,NULL,'CUCCO_7','fQIgLd',0,1764193387,0,1535109519,0);
INSERT INTO DatabaseChanges VALUES(912,'session Race / Spielberg',1,0,256,X'02000000',1,16,NULL,'CUCCO_7','O6i0Ss',0,1764193390,0,1535109519,0);
INSERT INTO DatabaseChanges VALUES(913,'session Race / Spielberg',1,0,256,X'02000000',1,16,NULL,'CUCCO_7','jsd0bp',0,1764193390,0,1535109519,0);
INSERT INTO DatabaseChanges VALUES(914,'session Race / Spielberg',1,0,256,X'02000000',1,16,NULL,'CUCCO_7','srXgCg',0,1764193390,0,1535109519,0);
INSERT INTO DatabaseChanges VALUES(915,'session Race / Spielberg',1,0,256,X'02000000',1,16,NULL,'CUCCO_7','fClKfT',0,1764193390,0,1535109519,0);
INSERT INTO DatabaseChanges VALUES(916,'driver ''PhantomFox456''',1,0,16,X'02000000',NULL,NULL,27,'CUCCO_7','w6zvFc',0,1764193392,0,1535109519,0);
INSERT INTO DatabaseChanges VALUES(917,'session Race / Spielberg',1,0,256,X'02000000',1,16,NULL,'CUCCO_7','kOFeNG',0,1764193392,0,1535109519,0);
INSERT INTO DatabaseChanges VALUES(918,'session Race / Spielberg',1,0,256,X'02000000',1,16,NULL,'CUCCO_7','joxdus',0,1764193393,0,1535109519,0);
INSERT INTO DatabaseChanges VALUES(919,'change league setting (image)',1,0,2,NULL,NULL,NULL,NULL,'CUCCO_7','blAhHv',0,1764193993,0,1535109519,0);
INSERT INTO DatabaseChanges VALUES(920,'event ''Spielberg''',1,0,128,X'03000000',2,NULL,NULL,'CUCCO_7','zmfQMI',0,1764194431,0,1535109519,0);
INSERT INTO DatabaseChanges VALUES(921,'session Race / Spielberg',1,0,256,X'02000000',1,16,NULL,'CUCCO_7','p7V9VJ',0,1764196718,0,1535109519,0);
INSERT INTO DatabaseChanges VALUES(922,'nation {United Kingdom}',1,0,262144,NULL,NULL,NULL,NULL,'seanmul10','4NcLXt',0,1764198945,0,912554677,0);
INSERT INTO DatabaseChanges VALUES(923,'change league settings ''ThemeSetups'' to ''{"Setups":[{"Setup":{"UsedThemes":[{"ThemeId":"sirotkin.default_theme","Version":"1.1","UserProperties":{"Properties":{}},"IsActive":false},{"ThemeId":"F1TotalDiv1","Version":"1.0","UserProperties":{"Properties":{}},"IsActive":false},{"ThemeId":"F1TotalDiv2","Version":"1.0","UserProperties":{"Properties":{}},"IsActive":true}],"LayoutMappings":[]},"LeagueCategoryId":1},{"Setup":{"Name":"setup","UsedThemes":[],"LayoutMappings":[]}}]}''',1,0,2,NULL,NULL,NULL,NULL,'seanmul10','eTaYmg',0,1764253513,0,912554677,0);
INSERT INTO DatabaseChanges VALUES(924,'change league settings ''ThemeSetups'' to ''{"Setups":[{"Setup":{"UsedThemes":[{"ThemeId":"F1TotalDiv1","Version":"1.0","UserProperties":{"Properties":{}},"IsActive":true},{"ThemeId":"F1TotalDiv2","Version":"1.0","UserProperties":{"Properties":{}},"IsActive":true},{"ThemeId":"F1TotalDiv3","Version":"1.0","UserProperties":{"Properties":{}},"IsActive":true}],"LayoutMappings":[]},"LeagueCategoryId":1}]}''',1,0,2,NULL,NULL,NULL,NULL,'seanmul10','kJ74zA',0,1764253554,0,912554677,0);
INSERT INTO DatabaseChanges VALUES(925,'change league settings ''ThemeSetups'' to ''{"Setups":[{"Setup":{"UsedThemes":[{"ThemeId":"F1TotalDiv1","Version":"1.0","UserProperties":{"Properties":{}},"IsActive":true},{"ThemeId":"F1TotalDiv2","Version":"1.0","UserProperties":{"Properties":{}},"IsActive":false},{"ThemeId":"F1TotalDiv3","Version":"1.0","UserProperties":{"Properties":{}},"IsActive":false}],"LayoutMappings":[]},"LeagueCategoryId":1}]}''',1,0,2,NULL,NULL,NULL,NULL,'seanmul10','7ljECP',0,1764253750,0,912554677,0);
INSERT INTO DatabaseChanges VALUES(926,'change league settings ''ThemeSetups'' to ''{"Setups":[{"Setup":{"UsedThemes":[{"ThemeId":"F1TotalDiv1","Version":"1.0","UserProperties":{"Properties":{}},"IsActive":true},{"ThemeId":"F1TotalDiv2","Version":"1.0","UserProperties":{"Properties":{}},"IsActive":false},{"ThemeId":"F1TotalDiv3","Version":"1.0","UserProperties":{"Properties":{}},"IsActive":false}],"LayoutMappings":[]},"LeagueCategoryId":1}]}''',1,0,2,NULL,NULL,NULL,NULL,'seanmul10','Zg8oe4',0,1764253750,0,912554677,0);
INSERT INTO DatabaseChanges VALUES(927,'change league settings ''ThemeSetups'' to ''{"Setups":[{"Setup":{"UsedThemes":[{"ThemeId":"F1TotalDiv1","Version":"1.0","UserProperties":{"Properties":{}},"IsActive":false},{"ThemeId":"F1TotalDiv2","Version":"1.0","UserProperties":{"Properties":{}},"IsActive":true},{"ThemeId":"F1TotalDiv3","Version":"1.0","UserProperties":{"Properties":{}},"IsActive":false}],"LayoutMappings":[]},"LeagueCategoryId":1}]}''',1,0,2,NULL,NULL,NULL,NULL,'seanmul10','yDCrlU',0,1764253751,0,912554677,0);
INSERT INTO DatabaseChanges VALUES(928,'change league settings ''ThemeSetups'' to ''{"Setups":[{"Setup":{"UsedThemes":[{"ThemeId":"F1TotalDiv1","Version":"1.0","UserProperties":{"Properties":{}},"IsActive":false},{"ThemeId":"F1TotalDiv2","Version":"1.0","UserProperties":{"Properties":{}},"IsActive":true},{"ThemeId":"F1TotalDiv3","Version":"1.0","UserProperties":{"Properties":{}},"IsActive":false}],"LayoutMappings":[]},"LeagueCategoryId":1}]}''',1,0,2,NULL,NULL,NULL,NULL,'seanmul10','Moqy4x',0,1764253751,0,912554677,0);
INSERT INTO DatabaseChanges VALUES(929,'change league settings ''ThemeSetups'' to ''{"Setups":[{"Setup":{"UsedThemes":[{"ThemeId":"F1TotalDiv1","Version":"1.0","UserProperties":{"Properties":{}},"IsActive":false},{"ThemeId":"F1TotalDiv2","Version":"1.0","UserProperties":{"Properties":{}},"IsActive":false},{"ThemeId":"F1TotalDiv3","Version":"1.0","UserProperties":{"Properties":{}},"IsActive":true}],"LayoutMappings":[]},"LeagueCategoryId":1}]}''',1,0,2,NULL,NULL,NULL,NULL,'seanmul10','SH7IPC',0,1764253751,0,912554677,0);
INSERT INTO DatabaseChanges VALUES(930,'change league settings ''ThemeSetups'' to ''{"Setups":[{"Setup":{"UsedThemes":[{"ThemeId":"F1TotalDiv1","Version":"1.0","UserProperties":{"Properties":{}},"IsActive":true},{"ThemeId":"F1TotalDiv2","Version":"1.0","UserProperties":{"Properties":{}},"IsActive":false},{"ThemeId":"F1TotalDiv3","Version":"1.0","UserProperties":{"Properties":{}},"IsActive":false}],"LayoutMappings":[]},"LeagueCategoryId":1}]}''',1,0,2,NULL,NULL,NULL,NULL,'seanmul10','g6CxDc',0,1764253752,0,912554677,0);
INSERT INTO DatabaseChanges VALUES(931,'change league settings ''ThemeSetups'' to ''{"Setups":[{"Setup":{"UsedThemes":[{"ThemeId":"F1TotalDiv1","Version":"1.0","UserProperties":{"Properties":{}},"IsActive":true},{"ThemeId":"F1TotalDiv2","Version":"1.0","UserProperties":{"Properties":{}},"IsActive":false},{"ThemeId":"F1TotalDiv3","Version":"1.0","UserProperties":{"Properties":{}},"IsActive":false}],"LayoutMappings":[]},"LeagueCategoryId":1}]}''',1,0,2,NULL,NULL,NULL,NULL,'seanmul10','kE64iy',0,1764253752,0,912554677,0);
INSERT INTO DatabaseChanges VALUES(932,'change league settings ''ThemeSetups'' to ''{"Setups":[{"Setup":{"UsedThemes":[{"ThemeId":"F1TotalDiv1","Version":"1.0","UserProperties":{"Properties":{}},"IsActive":true},{"ThemeId":"F1TotalDiv2","Version":"1.0","UserProperties":{"Properties":{}},"IsActive":true},{"ThemeId":"F1TotalDiv3","Version":"1.0","UserProperties":{"Properties":{}},"IsActive":true}],"LayoutMappings":[]},"LeagueCategoryId":1}]}''',1,0,2,NULL,NULL,NULL,NULL,'seanmul10','vqjLQG',0,1764253756,0,912554677,0);
INSERT INTO DatabaseChanges VALUES(933,'change league settings ''ThemeSetups'' to ''{"Setups":[{"Setup":{"UsedThemes":[{"ThemeId":"F1TotalDiv1","Version":"1.0","UserProperties":{"Properties":{}},"IsActive":false},{"ThemeId":"F1TotalDiv2","Version":"1.0","UserProperties":{"Properties":{}},"IsActive":false},{"ThemeId":"F1TotalDiv3","Version":"1.0","UserProperties":{"Properties":{}},"IsActive":false}],"LayoutMappings":[]},"LeagueCategoryId":1}]}''',1,0,2,NULL,NULL,NULL,NULL,'seanmul10','3bJDzJ',0,1764253765,0,912554677,0);
INSERT INTO DatabaseChanges VALUES(934,'change league settings ''ThemeSetups'' to ''{"Setups":[{"Setup":{"UsedThemes":[{"ThemeId":"F1TotalDiv1","Version":"1.0","UserProperties":{"Properties":{}},"IsActive":true},{"ThemeId":"F1TotalDiv2","Version":"1.0","UserProperties":{"Properties":{}},"IsActive":false},{"ThemeId":"F1TotalDiv3","Version":"1.0","UserProperties":{"Properties":{}},"IsActive":false}],"LayoutMappings":[]},"LeagueCategoryId":1}]}''',1,0,2,NULL,NULL,NULL,NULL,'seanmul10','fyvhrR',0,1764253767,0,912554677,0);
INSERT INTO DatabaseChanges VALUES(935,'change league settings ''ThemeSetups'' to ''{"Setups":[{"Setup":{"UsedThemes":[{"ThemeId":"F1TotalDiv1","Version":"1.0","UserProperties":{"Properties":{}},"IsActive":true},{"ThemeId":"F1TotalDiv2","Version":"1.0","UserProperties":{"Properties":{}},"IsActive":false},{"ThemeId":"F1TotalDiv3","Version":"1.0","UserProperties":{"Properties":{}},"IsActive":false}],"LayoutMappings":[]},"LeagueCategoryId":1},{"Setup":{"Name":"Div 1","UsedThemes":[],"LayoutMappings":[]}}]}''',1,0,2,NULL,NULL,NULL,NULL,'seanmul10','wPGoN8',0,1764253863,0,912554677,0);
INSERT INTO DatabaseChanges VALUES(936,'change league settings ''ThemeSetups'' to ''{"Setups":[{"Setup":{"UsedThemes":[{"ThemeId":"F1TotalDiv1","Version":"1.0","UserProperties":{"Properties":{}},"IsActive":true},{"ThemeId":"F1TotalDiv2","Version":"1.0","UserProperties":{"Properties":{}},"IsActive":false},{"ThemeId":"F1TotalDiv3","Version":"1.0","UserProperties":{"Properties":{}},"IsActive":false}],"LayoutMappings":[]},"LeagueCategoryId":1},{"Setup":{"Name":"Div 1","UsedThemes":[],"LayoutMappings":[]}}]}''',1,0,2,NULL,NULL,NULL,NULL,'seanmul10','LUgE6D',0,1764253878,0,912554677,0);
INSERT INTO DatabaseChanges VALUES(937,'change league settings ''ThemeSetups'' to ''{"Setups":[{"Setup":{"UsedThemes":[{"ThemeId":"F1TotalDiv1","Version":"1.0","UserProperties":{"Properties":{}},"IsActive":true},{"ThemeId":"F1TotalDiv2","Version":"1.0","UserProperties":{"Properties":{}},"IsActive":false},{"ThemeId":"F1TotalDiv3","Version":"1.0","UserProperties":{"Properties":{}},"IsActive":false}],"LayoutMappings":[]},"LeagueCategoryId":1},{"Setup":{"Name":"Div 1","UsedThemes":[],"LayoutMappings":[]}}],"ActiveSetupName":"Div 1"}''',1,0,2,NULL,NULL,NULL,NULL,'seanmul10','aeGHS0',0,1764253882,0,912554677,0);
INSERT INTO DatabaseChanges VALUES(938,'change league settings ''ThemeSetups'' to ''{"Setups":[{"Setup":{"UsedThemes":[{"ThemeId":"F1TotalDiv1","Version":"1.0","UserProperties":{"Properties":{}},"IsActive":true},{"ThemeId":"F1TotalDiv2","Version":"1.0","UserProperties":{"Properties":{}},"IsActive":false},{"ThemeId":"F1TotalDiv3","Version":"1.0","UserProperties":{"Properties":{}},"IsActive":false}],"LayoutMappings":[]},"LeagueCategoryId":1},{"Setup":{"Name":"Div 1","UsedThemes":[],"LayoutMappings":[]}}]}''',1,0,2,NULL,NULL,NULL,NULL,'seanmul10','YZNtGv',0,1764253884,0,912554677,0);
INSERT INTO DatabaseChanges VALUES(939,'change league settings ''ThemeSetups'' to ''{"Setups":[{"Setup":{"UsedThemes":[{"ThemeId":"F1TotalDiv1","Version":"1.0","UserProperties":{"Properties":{}},"IsActive":true},{"ThemeId":"F1TotalDiv2","Version":"1.0","UserProperties":{"Properties":{}},"IsActive":false},{"ThemeId":"F1TotalDiv3","Version":"1.0","UserProperties":{"Properties":{}},"IsActive":false}],"LayoutMappings":[]},"LeagueCategoryId":1},{"Setup":{"Name":"Div 1","UsedThemes":[],"LayoutMappings":[]}}],"ActiveSetupName":"Div 1"}''',1,0,2,NULL,NULL,NULL,NULL,'seanmul10','Ttq5o1',0,1764253886,0,912554677,0);
INSERT INTO DatabaseChanges VALUES(940,'change league settings ''ThemeSetups'' to ''{"Setups":[{"Setup":{"UsedThemes":[{"ThemeId":"F1TotalDiv1","Version":"1.0","UserProperties":{"Properties":{}},"IsActive":true},{"ThemeId":"F1TotalDiv2","Version":"1.0","UserProperties":{"Properties":{}},"IsActive":false},{"ThemeId":"F1TotalDiv3","Version":"1.0","UserProperties":{"Properties":{}},"IsActive":false}],"LayoutMappings":[]},"LeagueCategoryId":1},{"Setup":{"Name":"Div 1","UsedThemes":[{"ThemeId":"F1TotalDiv1","Version":"1.0","UserProperties":{"Properties":{}},"IsActive":true}],"LayoutMappings":[]}}],"ActiveSetupName":"Div 1"}''',1,0,2,NULL,NULL,NULL,NULL,'seanmul10','VioOw9',0,1764253897,0,912554677,0);
INSERT INTO DatabaseChanges VALUES(941,'change league settings ''ThemeSetups'' to ''{"Setups":[{"Setup":{"UsedThemes":[{"ThemeId":"F1TotalDiv1","Version":"1.0","UserProperties":{"Properties":{}},"IsActive":true},{"ThemeId":"F1TotalDiv2","Version":"1.0","UserProperties":{"Properties":{}},"IsActive":false},{"ThemeId":"F1TotalDiv3","Version":"1.0","UserProperties":{"Properties":{}},"IsActive":false}],"LayoutMappings":[]},"LeagueCategoryId":1},{"Setup":{"Name":"Div 1","UsedThemes":[{"ThemeId":"F1TotalDiv1","Version":"1.0","UserProperties":{"Properties":{}},"IsActive":true}],"LayoutMappings":[]}}]}''',1,0,2,NULL,NULL,NULL,NULL,'seanmul10','rRVTGC',0,1764253900,0,912554677,0);
INSERT INTO DatabaseChanges VALUES(942,'change league settings ''ThemeSetups'' to ''{"Setups":[{"Setup":{"UsedThemes":[{"ThemeId":"F1TotalDiv1","Version":"1.0","UserProperties":{"Properties":{}},"IsActive":true},{"ThemeId":"F1TotalDiv2","Version":"1.0","UserProperties":{"Properties":{}},"IsActive":false},{"ThemeId":"F1TotalDiv3","Version":"1.0","UserProperties":{"Properties":{}},"IsActive":false}],"LayoutMappings":[]},"LeagueCategoryId":1},{"Setup":{"Name":"Div 1","UsedThemes":[{"ThemeId":"F1TotalDiv1","Version":"1.0","UserProperties":{"Properties":{}},"IsActive":true}],"LayoutMappings":[]}}],"ActiveSetupName":"Div 1"}''',1,0,2,NULL,NULL,NULL,NULL,'seanmul10','HoNpqC',0,1764253900,0,912554677,0);
INSERT INTO DatabaseChanges VALUES(943,'change league settings ''ThemeSetups'' to ''{"Setups":[{"Setup":{"UsedThemes":[{"ThemeId":"F1TotalDiv1","Version":"1.0","UserProperties":{"Properties":{}},"IsActive":true},{"ThemeId":"F1TotalDiv2","Version":"1.0","UserProperties":{"Properties":{}},"IsActive":false},{"ThemeId":"F1TotalDiv3","Version":"1.0","UserProperties":{"Properties":{}},"IsActive":false}],"LayoutMappings":[]},"LeagueCategoryId":1},{"Setup":{"Name":"Div 1","UsedThemes":[{"ThemeId":"F1TotalDiv1","Version":"1.0","UserProperties":{"Properties":{}},"IsActive":true}],"LayoutMappings":[]}},{"Setup":{"Name":"Div 2","UsedThemes":[],"LayoutMappings":[]}}],"ActiveSetupName":"Div 1"}''',1,0,2,NULL,NULL,NULL,NULL,'seanmul10','DkXDAe',0,1764253908,0,912554677,0);
INSERT INTO DatabaseChanges VALUES(944,'change league settings ''ThemeSetups'' to ''{"Setups":[{"Setup":{"UsedThemes":[{"ThemeId":"F1TotalDiv1","Version":"1.0","UserProperties":{"Properties":{}},"IsActive":true},{"ThemeId":"F1TotalDiv2","Version":"1.0","UserProperties":{"Properties":{}},"IsActive":false},{"ThemeId":"F1TotalDiv3","Version":"1.0","UserProperties":{"Properties":{}},"IsActive":false}],"LayoutMappings":[]},"LeagueCategoryId":1},{"Setup":{"Name":"Div 1","UsedThemes":[{"ThemeId":"F1TotalDiv1","Version":"1.0","UserProperties":{"Properties":{}},"IsActive":true}],"LayoutMappings":[]}},{"Setup":{"Name":"Div 2","UsedThemes":[],"LayoutMappings":[]},"LeagueCategoryId":2}],"ActiveSetupName":"Div 1"}''',1,0,2,NULL,NULL,NULL,NULL,'seanmul10','W0lcgi',0,1764253915,0,912554677,0);
INSERT INTO DatabaseChanges VALUES(945,'change league settings ''ThemeSetups'' to ''{"Setups":[{"Setup":{"UsedThemes":[{"ThemeId":"F1TotalDiv1","Version":"1.0","UserProperties":{"Properties":{}},"IsActive":true},{"ThemeId":"F1TotalDiv2","Version":"1.0","UserProperties":{"Properties":{}},"IsActive":false},{"ThemeId":"F1TotalDiv3","Version":"1.0","UserProperties":{"Properties":{}},"IsActive":false}],"LayoutMappings":[]},"LeagueCategoryId":1},{"Setup":{"Name":"Div 1","UsedThemes":[{"ThemeId":"F1TotalDiv1","Version":"1.0","UserProperties":{"Properties":{}},"IsActive":true}],"LayoutMappings":[]}},{"Setup":{"Name":"Div 2","UsedThemes":[],"LayoutMappings":[]},"LeagueCategoryId":2}],"ActiveSetupName":"Div 2"}''',1,0,2,NULL,NULL,NULL,NULL,'seanmul10','HpQ5jF',0,1764253917,0,912554677,0);
INSERT INTO DatabaseChanges VALUES(946,'change league settings ''ThemeSetups'' to ''{"Setups":[{"Setup":{"UsedThemes":[{"ThemeId":"F1TotalDiv1","Version":"1.0","UserProperties":{"Properties":{}},"IsActive":true},{"ThemeId":"F1TotalDiv2","Version":"1.0","UserProperties":{"Properties":{}},"IsActive":false},{"ThemeId":"F1TotalDiv3","Version":"1.0","UserProperties":{"Properties":{}},"IsActive":false}],"LayoutMappings":[]},"LeagueCategoryId":1},{"Setup":{"Name":"Div 1","UsedThemes":[{"ThemeId":"F1TotalDiv1","Version":"1.0","UserProperties":{"Properties":{}},"IsActive":true}],"LayoutMappings":[]}},{"Setup":{"Name":"Div 2","UsedThemes":[{"ThemeId":"F1TotalDiv2","Version":"1.0","UserProperties":{"Properties":{}},"IsActive":true}],"LayoutMappings":[]},"LeagueCategoryId":2}],"ActiveSetupName":"Div 2"}''',1,0,2,NULL,NULL,NULL,NULL,'seanmul10','Hzjb4V',0,1764253924,0,912554677,0);
INSERT INTO DatabaseChanges VALUES(947,'change league settings ''ThemeSetups'' to ''{"Setups":[{"Setup":{"UsedThemes":[{"ThemeId":"F1TotalDiv1","Version":"1.0","UserProperties":{"Properties":{}},"IsActive":true},{"ThemeId":"F1TotalDiv2","Version":"1.0","UserProperties":{"Properties":{}},"IsActive":false},{"ThemeId":"F1TotalDiv3","Version":"1.0","UserProperties":{"Properties":{}},"IsActive":false}],"LayoutMappings":[]},"LeagueCategoryId":1},{"Setup":{"Name":"Div 1","UsedThemes":[{"ThemeId":"F1TotalDiv1","Version":"1.0","UserProperties":{"Properties":{}},"IsActive":true}],"LayoutMappings":[]}},{"Setup":{"Name":"Div 2","UsedThemes":[{"ThemeId":"F1TotalDiv2","Version":"1.0","UserProperties":{"Properties":{}},"IsActive":true}],"LayoutMappings":[]},"LeagueCategoryId":2}],"ActiveSetupName":"Div 1"}''',1,0,2,NULL,NULL,NULL,NULL,'seanmul10','91HgRL',0,1764253925,0,912554677,0);
INSERT INTO DatabaseChanges VALUES(948,'change league settings ''ThemeSetups'' to ''{"Setups":[{"Setup":{"UsedThemes":[{"ThemeId":"F1TotalDiv1","Version":"1.0","UserProperties":{"Properties":{}},"IsActive":true},{"ThemeId":"F1TotalDiv2","Version":"1.0","UserProperties":{"Properties":{}},"IsActive":false},{"ThemeId":"F1TotalDiv3","Version":"1.0","UserProperties":{"Properties":{}},"IsActive":false}],"LayoutMappings":[]},"LeagueCategoryId":1},{"Setup":{"Name":"Div 1","UsedThemes":[{"ThemeId":"F1TotalDiv1","Version":"1.0","UserProperties":{"Properties":{}},"IsActive":true}],"LayoutMappings":[]}},{"Setup":{"Name":"Div 2","UsedThemes":[{"ThemeId":"F1TotalDiv2","Version":"1.0","UserProperties":{"Properties":{}},"IsActive":true}],"LayoutMappings":[]},"LeagueCategoryId":2}],"ActiveSetupName":"Div 2"}''',1,0,2,NULL,NULL,NULL,NULL,'seanmul10','KPTh62',0,1764253926,0,912554677,0);
INSERT INTO DatabaseChanges VALUES(949,'change league settings ''ThemeSetups'' to ''{"Setups":[{"Setup":{"UsedThemes":[{"ThemeId":"F1TotalDiv1","Version":"1.0","UserProperties":{"Properties":{}},"IsActive":true},{"ThemeId":"F1TotalDiv2","Version":"1.0","UserProperties":{"Properties":{}},"IsActive":false},{"ThemeId":"F1TotalDiv3","Version":"1.0","UserProperties":{"Properties":{}},"IsActive":false}],"LayoutMappings":[]},"LeagueCategoryId":1},{"Setup":{"Name":"Div 1","UsedThemes":[{"ThemeId":"F1TotalDiv1","Version":"1.0","UserProperties":{"Properties":{}},"IsActive":true}],"LayoutMappings":[]}},{"Setup":{"Name":"Div 2","UsedThemes":[{"ThemeId":"F1TotalDiv2","Version":"1.0","UserProperties":{"Properties":{}},"IsActive":true}],"LayoutMappings":[]},"LeagueCategoryId":2},{"Setup":{"Name":"Div 3","UsedThemes":[],"LayoutMappings":[]}}],"ActiveSetupName":"Div 2"}''',1,0,2,NULL,NULL,NULL,NULL,'seanmul10','TovLSg',0,1764253934,0,912554677,0);
INSERT INTO DatabaseChanges VALUES(950,'change league settings ''ThemeSetups'' to ''{"Setups":[{"Setup":{"UsedThemes":[{"ThemeId":"F1TotalDiv1","Version":"1.0","UserProperties":{"Properties":{}},"IsActive":true},{"ThemeId":"F1TotalDiv2","Version":"1.0","UserProperties":{"Properties":{}},"IsActive":false},{"ThemeId":"F1TotalDiv3","Version":"1.0","UserProperties":{"Properties":{}},"IsActive":false}],"LayoutMappings":[]},"LeagueCategoryId":1},{"Setup":{"Name":"Div 1","UsedThemes":[{"ThemeId":"F1TotalDiv1","Version":"1.0","UserProperties":{"Properties":{}},"IsActive":true}],"LayoutMappings":[]}},{"Setup":{"Name":"Div 2","UsedThemes":[{"ThemeId":"F1TotalDiv2","Version":"1.0","UserProperties":{"Properties":{}},"IsActive":true}],"LayoutMappings":[]},"LeagueCategoryId":2},{"Setup":{"Name":"Div 3","UsedThemes":[],"LayoutMappings":[]},"LeagueCategoryId":3}],"ActiveSetupName":"Div 2"}''',1,0,2,NULL,NULL,NULL,NULL,'seanmul10','Z0jIQE',0,1764253939,0,912554677,0);
INSERT INTO DatabaseChanges VALUES(951,'change league settings ''ThemeSetups'' to ''{"Setups":[{"Setup":{"UsedThemes":[{"ThemeId":"F1TotalDiv1","Version":"1.0","UserProperties":{"Properties":{}},"IsActive":true},{"ThemeId":"F1TotalDiv2","Version":"1.0","UserProperties":{"Properties":{}},"IsActive":false},{"ThemeId":"F1TotalDiv3","Version":"1.0","UserProperties":{"Properties":{}},"IsActive":false}],"LayoutMappings":[]},"LeagueCategoryId":1},{"Setup":{"Name":"Div 1","UsedThemes":[{"ThemeId":"F1TotalDiv1","Version":"1.0","UserProperties":{"Properties":{}},"IsActive":true}],"LayoutMappings":[]}},{"Setup":{"Name":"Div 2","UsedThemes":[{"ThemeId":"F1TotalDiv2","Version":"1.0","UserProperties":{"Properties":{}},"IsActive":true}],"LayoutMappings":[]},"LeagueCategoryId":2},{"Setup":{"Name":"Div 3","UsedThemes":[],"LayoutMappings":[]},"LeagueCategoryId":3}],"ActiveSetupName":"Div 3"}''',1,0,2,NULL,NULL,NULL,NULL,'seanmul10','mV4Ro3',0,1764253941,0,912554677,0);
INSERT INTO DatabaseChanges VALUES(952,'change league settings ''ThemeSetups'' to ''{"Setups":[{"Setup":{"UsedThemes":[{"ThemeId":"F1TotalDiv1","Version":"1.0","UserProperties":{"Properties":{}},"IsActive":true},{"ThemeId":"F1TotalDiv2","Version":"1.0","UserProperties":{"Properties":{}},"IsActive":false},{"ThemeId":"F1TotalDiv3","Version":"1.0","UserProperties":{"Properties":{}},"IsActive":false}],"LayoutMappings":[]},"LeagueCategoryId":1},{"Setup":{"Name":"Div 1","UsedThemes":[{"ThemeId":"F1TotalDiv1","Version":"1.0","UserProperties":{"Properties":{}},"IsActive":true}],"LayoutMappings":[]}},{"Setup":{"Name":"Div 2","UsedThemes":[{"ThemeId":"F1TotalDiv2","Version":"1.0","UserProperties":{"Properties":{}},"IsActive":true}],"LayoutMappings":[]},"LeagueCategoryId":2},{"Setup":{"Name":"Div 3","UsedThemes":[{"ThemeId":"F1TotalDiv3","Version":"1.0","UserProperties":{"Properties":{}},"IsActive":true}],"LayoutMappings":[]},"LeagueCategoryId":3}],"ActiveSetupName":"Div 3"}''',1,0,2,NULL,NULL,NULL,NULL,'seanmul10','geVnB1',0,1764253946,0,912554677,0);
INSERT INTO DatabaseChanges VALUES(953,'change league settings ''ThemeSetups'' to ''{"Setups":[{"Setup":{"UsedThemes":[{"ThemeId":"F1TotalDiv1","Version":"1.0","UserProperties":{"Properties":{}},"IsActive":true},{"ThemeId":"F1TotalDiv2","Version":"1.0","UserProperties":{"Properties":{}},"IsActive":false},{"ThemeId":"F1TotalDiv3","Version":"1.0","UserProperties":{"Properties":{}},"IsActive":false}],"LayoutMappings":[]},"LeagueCategoryId":1},{"Setup":{"Name":"Div 1","UsedThemes":[{"ThemeId":"F1TotalDiv1","Version":"1.0","UserProperties":{"Properties":{}},"IsActive":true}],"LayoutMappings":[]}},{"Setup":{"Name":"Div 2","UsedThemes":[{"ThemeId":"F1TotalDiv2","Version":"1.0","UserProperties":{"Properties":{}},"IsActive":true}],"LayoutMappings":[]},"LeagueCategoryId":2},{"Setup":{"Name":"Div 3","UsedThemes":[{"ThemeId":"F1TotalDiv3","Version":"1.0","UserProperties":{"Properties":{}},"IsActive":true}],"LayoutMappings":[]},"LeagueCategoryId":3}],"ActiveSetupName":"Div 1"}''',1,0,2,NULL,NULL,NULL,NULL,'seanmul10','PGormx',0,1764253948,0,912554677,0);
INSERT INTO DatabaseChanges VALUES(954,'change league settings ''ThemeSetups'' to ''{"Setups":[{"Setup":{"UsedThemes":[{"ThemeId":"F1TotalDiv1","Version":"1.0","UserProperties":{"Properties":{}},"IsActive":true},{"ThemeId":"F1TotalDiv2","Version":"1.0","UserProperties":{"Properties":{}},"IsActive":false},{"ThemeId":"F1TotalDiv3","Version":"1.0","UserProperties":{"Properties":{}},"IsActive":false}],"LayoutMappings":[]},"LeagueCategoryId":1},{"Setup":{"Name":"Div 1","UsedThemes":[{"ThemeId":"F1TotalDiv1","Version":"1.0","UserProperties":{"Properties":{}},"IsActive":true}],"LayoutMappings":[]}},{"Setup":{"Name":"Div 2","UsedThemes":[{"ThemeId":"F1TotalDiv2","Version":"1.0","UserProperties":{"Properties":{}},"IsActive":true}],"LayoutMappings":[]},"LeagueCategoryId":2},{"Setup":{"Name":"Div 3","UsedThemes":[{"ThemeId":"F1TotalDiv3","Version":"1.0","UserProperties":{"Properties":{}},"IsActive":true}],"LayoutMappings":[]},"LeagueCategoryId":3}],"ActiveSetupName":"Div 2"}''',1,0,2,NULL,NULL,NULL,NULL,'seanmul10','nA2nA6',0,1764253949,0,912554677,0);
INSERT INTO DatabaseChanges VALUES(955,'change league settings ''ThemeSetups'' to ''{"Setups":[{"Setup":{"UsedThemes":[{"ThemeId":"F1TotalDiv1","Version":"1.0","UserProperties":{"Properties":{}},"IsActive":true},{"ThemeId":"F1TotalDiv2","Version":"1.0","UserProperties":{"Properties":{}},"IsActive":false},{"ThemeId":"F1TotalDiv3","Version":"1.0","UserProperties":{"Properties":{}},"IsActive":false}],"LayoutMappings":[]},"LeagueCategoryId":1},{"Setup":{"Name":"Div 1","UsedThemes":[{"ThemeId":"F1TotalDiv1","Version":"1.0","UserProperties":{"Properties":{}},"IsActive":true}],"LayoutMappings":[]}},{"Setup":{"Name":"Div 2","UsedThemes":[{"ThemeId":"F1TotalDiv2","Version":"1.0","UserProperties":{"Properties":{}},"IsActive":true}],"LayoutMappings":[]},"LeagueCategoryId":2},{"Setup":{"Name":"Div 3","UsedThemes":[{"ThemeId":"F1TotalDiv3","Version":"1.0","UserProperties":{"Properties":{}},"IsActive":true}],"LayoutMappings":[]},"LeagueCategoryId":3}],"ActiveSetupName":"Div 3"}''',1,0,2,NULL,NULL,NULL,NULL,'seanmul10','atC7Fe',0,1764253950,0,912554677,0);
INSERT INTO DatabaseChanges VALUES(956,'change league settings ''IsOverwriteDriverRaceNumberFromSessionData'' to ''False''',1,0,2,NULL,NULL,NULL,NULL,'seanmul10','J0z81G',0,1764258812,0,912554677,0);
INSERT INTO DatabaseChanges VALUES(957,'season ''Season 18''',1,0,64,X'02000000',1,NULL,NULL,'seanmul10','usNWoc',0,1764258812,0,912554677,0);
INSERT INTO DatabaseChanges VALUES(958,'change league settings ''IsLineupsRenderReserves'' to ''False''',1,0,2,NULL,NULL,NULL,NULL,'seanmul10','MmZ67B',0,1764258812,0,912554677,0);
INSERT INTO DatabaseChanges VALUES(959,'change league settings ''RenderOutputQuality'' to ''85''',1,0,2,NULL,NULL,NULL,NULL,'seanmul10','4wz8h2',0,1764258813,0,912554677,0);
INSERT INTO DatabaseChanges VALUES(960,'change league settings ''RenderPenaltiesSummaryMaxDrivers'' to ''30''',1,0,2,NULL,NULL,NULL,NULL,'seanmul10','wvyK3e',0,1764258813,0,912554677,0);
INSERT INTO DatabaseChanges VALUES(961,'change league settings ''IsOverwriteDriverRaceNumberFromSessionData'' to ''False''',1,0,2,NULL,NULL,NULL,NULL,'seanmul10','NFSY6V',0,1764262900,0,912554677,0);
INSERT INTO DatabaseChanges VALUES(962,'season ''Season 18''',1,0,64,X'02000000',1,NULL,NULL,'seanmul10','vMl25R',0,1764262901,0,912554677,0);
INSERT INTO DatabaseChanges VALUES(963,'change league settings ''IsLineupsRenderReserves'' to ''False''',1,0,2,NULL,NULL,NULL,NULL,'seanmul10','Xo3gJz',0,1764262901,0,912554677,0);
INSERT INTO DatabaseChanges VALUES(964,'change league settings ''RenderOutputQuality'' to ''85''',1,0,2,NULL,NULL,NULL,NULL,'seanmul10','FVWpwi',0,1764262901,0,912554677,0);
INSERT INTO DatabaseChanges VALUES(965,'change league settings ''RenderPenaltiesSummaryMaxDrivers'' to ''30''',1,0,2,NULL,NULL,NULL,NULL,'seanmul10','sTx04c',0,1764262901,0,912554677,0);
INSERT INTO DatabaseChanges VALUES(966,'change league settings ''IsOverwriteDriverRaceNumberFromSessionData'' to ''False''',1,0,2,NULL,NULL,NULL,NULL,'seanmul10','f34o7d',0,1764267448,0,912554677,0);
INSERT INTO DatabaseChanges VALUES(967,'season ''Season 18''',1,0,64,X'02000000',1,NULL,NULL,'seanmul10','pZagWU',0,1764267448,0,912554677,0);
INSERT INTO DatabaseChanges VALUES(968,'change league settings ''IsLineupsRenderReserves'' to ''False''',1,0,2,NULL,NULL,NULL,NULL,'seanmul10','BpRyWc',0,1764267448,0,912554677,0);
INSERT INTO DatabaseChanges VALUES(969,'change league settings ''RenderOutputQuality'' to ''85''',1,0,2,NULL,NULL,NULL,NULL,'seanmul10','rlZHnc',0,1764267448,0,912554677,0);
INSERT INTO DatabaseChanges VALUES(970,'change league settings ''RenderPenaltiesSummaryMaxDrivers'' to ''30''',1,0,2,NULL,NULL,NULL,NULL,'seanmul10','vvwEGB',0,1764267448,0,912554677,0);
INSERT INTO DatabaseChanges VALUES(971,'change league settings ''ThemeSetups'' to ''{"Setups":[{"Setup":{"UsedThemes":[{"ThemeId":"F1TotalDiv1","Version":"1.0","UserProperties":{"Properties":{}},"IsActive":true},{"ThemeId":"F1TotalDiv2","Version":"1.0","UserProperties":{"Properties":{}},"IsActive":false},{"ThemeId":"F1TotalDiv3","Version":"1.0","UserProperties":{"Properties":{}},"IsActive":false}],"LayoutMappings":[]},"LeagueCategoryId":1},{"Setup":{"Name":"Div 1","UsedThemes":[{"ThemeId":"F1TotalDiv1","Version":"1.0","UserProperties":{"Properties":{}},"IsActive":true}],"LayoutMappings":[]}},{"Setup":{"Name":"Div 2","UsedThemes":[{"ThemeId":"F1TotalDiv2","Version":"1.0","UserProperties":{"Properties":{}},"IsActive":true}],"LayoutMappings":[]},"LeagueCategoryId":2},{"Setup":{"Name":"Div 3","UsedThemes":[{"ThemeId":"F1TotalDiv3","Version":"1.0","UserProperties":{"Properties":{"g1":"Custom Colour","g3":"No Avatars"}},"LocalizationId":"en-GB","IsActive":true}],"LayoutMappings":[]},"LeagueCategoryId":3}],"ActiveSetupName":"Div 3"}''',1,0,2,NULL,NULL,NULL,NULL,'CUCCO_7','krrKos',0,1764275893,0,1535109519,0);
INSERT INTO DatabaseChanges VALUES(972,'change league settings ''ThemeSetups'' to ''{"Setups":[{"Setup":{"UsedThemes":[{"ThemeId":"F1TotalDiv1","Version":"1.0","UserProperties":{"Properties":{}},"IsActive":true},{"ThemeId":"F1TotalDiv2","Version":"1.0","UserProperties":{"Properties":{}},"IsActive":false},{"ThemeId":"F1TotalDiv3","Version":"1.0","UserProperties":{"Properties":{}},"IsActive":false}],"LayoutMappings":[]},"LeagueCategoryId":1},{"Setup":{"Name":"Div 1","UsedThemes":[{"ThemeId":"F1TotalDiv1","Version":"1.0","UserProperties":{"Properties":{}},"IsActive":true}],"LayoutMappings":[]}},{"Setup":{"Name":"Div 2","UsedThemes":[{"ThemeId":"F1TotalDiv2","Version":"1.0","UserProperties":{"Properties":{}},"IsActive":true}],"LayoutMappings":[]},"LeagueCategoryId":2},{"Setup":{"Name":"Div 3","UsedThemes":[{"ThemeId":"F1TotalDiv3","Version":"1.0","UserProperties":{"Properties":{"g1":"Custom Colour","g3":"Custom Avatars"}},"LocalizationId":"en-GB","IsActive":true}],"LayoutMappings":[]},"LeagueCategoryId":3}],"ActiveSetupName":"Div 3"}''',1,0,2,NULL,NULL,NULL,NULL,'CUCCO_7','WCYZMe',0,1764275905,0,1535109519,0);
INSERT INTO DatabaseChanges VALUES(973,'change league settings ''ThemeSetups'' to ''{"Setups":[{"Setup":{"UsedThemes":[{"ThemeId":"F1TotalDiv1","Version":"1.0","UserProperties":{"Properties":{}},"IsActive":true},{"ThemeId":"F1TotalDiv2","Version":"1.0","UserProperties":{"Properties":{}},"IsActive":false},{"ThemeId":"F1TotalDiv3","Version":"1.0","UserProperties":{"Properties":{}},"IsActive":false}],"LayoutMappings":[]},"LeagueCategoryId":1},{"Setup":{"Name":"Div 1","UsedThemes":[{"ThemeId":"F1TotalDiv1","Version":"1.0","UserProperties":{"Properties":{}},"IsActive":true}],"LayoutMappings":[]}},{"Setup":{"Name":"Div 2","UsedThemes":[{"ThemeId":"F1TotalDiv2","Version":"1.0","UserProperties":{"Properties":{}},"IsActive":true}],"LayoutMappings":[]},"LeagueCategoryId":2},{"Setup":{"Name":"Div 3","UsedThemes":[{"ThemeId":"F1TotalDiv3","Version":"1.0","UserProperties":{"Properties":{"g1":"Custom Colour","g2":false,"g3":"Custom Avatars"}},"LocalizationId":"en-GB","IsActive":true}],"LayoutMappings":[]},"LeagueCategoryId":3}],"ActiveSetupName":"Div 3"}''',1,0,2,NULL,NULL,NULL,NULL,'CUCCO_7','OlinVb',0,1764275915,0,1535109519,0);
INSERT INTO DatabaseChanges VALUES(974,'change league settings ''ThemeSetups'' to ''{"Setups":[{"Setup":{"UsedThemes":[{"ThemeId":"F1TotalDiv1","Version":"1.0","UserProperties":{"Properties":{}},"IsActive":true},{"ThemeId":"F1TotalDiv2","Version":"1.0","UserProperties":{"Properties":{}},"IsActive":false},{"ThemeId":"F1TotalDiv3","Version":"1.0","UserProperties":{"Properties":{}},"IsActive":false}],"LayoutMappings":[]},"LeagueCategoryId":1},{"Setup":{"Name":"Div 1","UsedThemes":[{"ThemeId":"F1TotalDiv1","Version":"1.0","UserProperties":{"Properties":{}},"IsActive":true}],"LayoutMappings":[]}},{"Setup":{"Name":"Div 2","UsedThemes":[{"ThemeId":"F1TotalDiv2","Version":"1.0","UserProperties":{"Properties":{}},"IsActive":true}],"LayoutMappings":[]},"LeagueCategoryId":2},{"Setup":{"Name":"Div 3","UsedThemes":[{"ThemeId":"F1TotalDiv3","Version":"1.0","UserProperties":{"Properties":{"g1":"Custom Colour","g2":false,"g3":"Custom Avatars","var1":"PodiumP2","var7":2}},"LocalizationId":"en-GB","IsActive":true}],"LayoutMappings":[]},"LeagueCategoryId":3}],"ActiveSetupName":"Div 3"}''',1,0,2,NULL,NULL,NULL,NULL,'CUCCO_7','KxgZb5',0,1764276118,0,1535109519,0);
INSERT INTO DatabaseChanges VALUES(975,'change league settings ''ThemeSetups'' to ''{"Setups":[{"Setup":{"UsedThemes":[{"ThemeId":"F1TotalDiv1","Version":"1.0","UserProperties":{"Properties":{}},"IsActive":true},{"ThemeId":"F1TotalDiv2","Version":"1.0","UserProperties":{"Properties":{}},"IsActive":false},{"ThemeId":"F1TotalDiv3","Version":"1.0","UserProperties":{"Properties":{}},"IsActive":false}],"LayoutMappings":[]},"LeagueCategoryId":1},{"Setup":{"Name":"Div 1","UsedThemes":[{"ThemeId":"F1TotalDiv1","Version":"1.0","UserProperties":{"Properties":{}},"IsActive":true}],"LayoutMappings":[]}},{"Setup":{"Name":"Div 2","UsedThemes":[{"ThemeId":"F1TotalDiv2","Version":"1.0","UserProperties":{"Properties":{}},"IsActive":true}],"LayoutMappings":[]},"LeagueCategoryId":2},{"Setup":{"Name":"Div 3","UsedThemes":[{"ThemeId":"F1TotalDiv3","Version":"1.0","UserProperties":{"Properties":{"g1":"Custom Colour","g2":false,"g3":"Custom Avatars","var1":"Winner","var7":2}},"LocalizationId":"en-GB","IsActive":true}],"LayoutMappings":[]},"LeagueCategoryId":3}],"ActiveSetupName":"Div 3"}''',1,0,2,NULL,NULL,NULL,NULL,'CUCCO_7','m7HSQq',0,1764276179,0,1535109519,0);
INSERT INTO DatabaseChanges VALUES(976,'change league settings ''ThemeSetups'' to ''{"Setups":[{"Setup":{"UsedThemes":[{"ThemeId":"F1TotalDiv1","Version":"1.0","UserProperties":{"Properties":{}},"IsActive":true},{"ThemeId":"F1TotalDiv2","Version":"1.0","UserProperties":{"Properties":{}},"IsActive":false},{"ThemeId":"F1TotalDiv3","Version":"1.0","UserProperties":{"Properties":{}},"IsActive":false}],"LayoutMappings":[]},"LeagueCategoryId":1},{"Setup":{"Name":"Div 1","UsedThemes":[{"ThemeId":"F1TotalDiv1","Version":"1.0","UserProperties":{"Properties":{}},"IsActive":true}],"LayoutMappings":[]}},{"Setup":{"Name":"Div 2","UsedThemes":[{"ThemeId":"F1TotalDiv2","Version":"1.0","UserProperties":{"Properties":{}},"IsActive":true}],"LayoutMappings":[]},"LeagueCategoryId":2},{"Setup":{"Name":"Div 3","UsedThemes":[{"ThemeId":"F1TotalDiv3","Version":"1.0","UserProperties":{"Properties":{"g1":"Custom Colour","g2":false,"g3":"Custom Avatars","var1":"Winner","var7":2}},"LocalizationId":"en-GB","IsActive":true}],"LayoutMappings":[]},"LeagueCategoryId":3}],"ActiveSetupName":"Div 3"}''',1,0,2,NULL,NULL,NULL,NULL,'CUCCO_7','Stty3n',0,1764350022,0,1535109519,0);
INSERT INTO DatabaseChanges VALUES(977,'event ''Austin Short''',0,0,128,X'03000000',2,NULL,NULL,'CUCCO_7','Pda3EU',0,1764350276,0,1535109519,0);
INSERT INTO DatabaseChanges VALUES(978,'sessions (2)',0,0,256,X'03000000',2,0,NULL,'CUCCO_7','3TO07C',0,1764350276,0,1535109519,0);
INSERT INTO DatabaseChanges VALUES(979,'event ''Austin Short''',1,0,128,X'03000000',2,NULL,NULL,'CUCCO_7','FTskZA',0,1764350278,0,1535109519,0);
INSERT INTO DatabaseChanges VALUES(980,'#Austin Short () > #1 AlexG_IV2',0,0,256,X'03000000',2,20,10,'CUCCO_7','HUgVgg',0,1764350290,0,1535109519,0);
INSERT INTO DatabaseChanges VALUES(981,'session Race / Austin Short',1,0,256,X'03000000',2,20,NULL,'CUCCO_7','ubl4fd',0,1764350293,0,1535109519,0);
INSERT INTO DatabaseChanges VALUES(982,'session Race / Austin Short',1,0,256,X'03000000',2,20,NULL,'CUCCO_7','g1BVL3',0,1764350294,0,1535109519,0);
INSERT INTO DatabaseChanges VALUES(983,'session Race / Austin Short',1,0,256,X'03000000',2,20,NULL,'CUCCO_7','43vCUd',0,1764350294,0,1535109519,0);
INSERT INTO DatabaseChanges VALUES(984,'session Race / Austin Short',1,0,256,X'03000000',2,20,NULL,'CUCCO_7','yJVda4',0,1764350294,0,1535109519,0);
INSERT INTO DatabaseChanges VALUES(985,'session Race / Austin Short',1,0,256,X'03000000',2,20,NULL,'CUCCO_7','jamUaM',0,1764350294,0,1535109519,0);
INSERT INTO DatabaseChanges VALUES(986,'#Austin Short () > #2 empty driver',0,0,256,X'03000000',2,20,NULL,'CUCCO_7','AiolJa',0,1764350304,0,1535109519,0);
INSERT INTO DatabaseChanges VALUES(987,'#Austin Short () > #2 JillsValentine',1,0,256,X'03000000',2,20,13,'CUCCO_7','rKr3NI',0,1764350305,0,1535109519,0);
INSERT INTO DatabaseChanges VALUES(988,'#Austin Short () > #3 Mihai',0,0,256,X'03000000',2,20,20,'CUCCO_7','WuhMjH',0,1764350311,0,1535109519,0);
INSERT INTO DatabaseChanges VALUES(989,'session Race / Austin Short',1,0,256,X'03000000',2,20,NULL,'CUCCO_7','YOGYia',0,1764350313,0,1535109519,0);
INSERT INTO DatabaseChanges VALUES(990,'#Austin Short () > #3 ossidrei93',1,0,256,X'03000000',2,20,16,'CUCCO_7','xyRjPl',0,1764350355,0,1535109519,0);
INSERT INTO DatabaseChanges VALUES(991,'#Austin Short () > #3 ossidrei93',1,0,256,X'03000000',2,20,16,'CUCCO_7','cL3CEr',0,1764350360,0,1535109519,0);
INSERT INTO DatabaseChanges VALUES(992,'#Austin Short () > #3 ossidrei93',1,0,256,X'03000000',2,20,16,'CUCCO_7','AFrOah',0,1764350362,0,1535109519,0);
INSERT INTO DatabaseChanges VALUES(993,'#Austin Short () > #3 ossidrei93',1,0,256,X'03000000',2,20,16,'CUCCO_7','D2nUOs',0,1764350406,0,1535109519,0);
INSERT INTO DatabaseChanges VALUES(994,'#Austin Short () > #3 empty driver',1,0,256,X'03000000',2,20,NULL,'CUCCO_7','QRFVPp',0,1764350407,0,1535109519,0);
INSERT INTO DatabaseChanges VALUES(995,'#Austin Short () > #3 p1Xx',1,0,256,X'03000000',2,20,9,'CUCCO_7','7bIvBm',0,1764350411,0,1535109519,0);
INSERT INTO DatabaseChanges VALUES(996,'#Austin Short () > #2 empty driver',1,0,256,X'03000000',2,20,NULL,'CUCCO_7','RemXhn',0,1764350413,0,1535109519,0);
INSERT INTO DatabaseChanges VALUES(997,'#Austin Short () > #2 owise11',1,0,256,X'03000000',2,20,8,'CUCCO_7','e7RPKB',0,1764350487,0,1535109519,0);
INSERT INTO DatabaseChanges VALUES(998,'#Austin Short () > #2 owise11',1,0,256,X'03000000',2,20,8,'CUCCO_7','9vBiFc',0,1764350488,0,1535109519,0);
INSERT INTO DatabaseChanges VALUES(999,'#Austin Short () > #2 owise11',1,0,256,X'03000000',2,20,8,'CUCCO_7','xR0HlK',0,1764350490,0,1535109519,0);
INSERT INTO DatabaseChanges VALUES(1000,'#Austin Short () > #1 empty driver',1,0,256,X'03000000',2,20,NULL,'CUCCO_7','PVll3n',0,1764350756,0,1535109519,0);
INSERT INTO DatabaseChanges VALUES(1001,'#Austin Short () > #1 JillsValentine',1,0,256,X'03000000',2,20,13,'CUCCO_7','f05PHc',0,1764350759,0,1535109519,0);
INSERT INTO DatabaseChanges VALUES(1002,'change league settings ''ThemeSetups'' to ''{"Setups":[{"Setup":{"UsedThemes":[{"ThemeId":"F1TotalDiv1","Version":"1.0","UserProperties":{"Properties":{}},"IsActive":true},{"ThemeId":"F1TotalDiv2","Version":"1.0","UserProperties":{"Properties":{}},"IsActive":false},{"ThemeId":"F1TotalDiv3","Version":"1.0","UserProperties":{"Properties":{}},"IsActive":false}],"LayoutMappings":[]},"LeagueCategoryId":1},{"Setup":{"Name":"Div 1","UsedThemes":[{"ThemeId":"F1TotalDiv1","Version":"1.0","UserProperties":{"Properties":{}},"IsActive":true}],"LayoutMappings":[]}},{"Setup":{"Name":"Div 2","UsedThemes":[{"ThemeId":"F1TotalDiv2","Version":"1.0","UserProperties":{"Properties":{}},"IsActive":true}],"LayoutMappings":[]},"LeagueCategoryId":2},{"Setup":{"Name":"Div 3","UsedThemes":[{"ThemeId":"F1TotalDiv3","Version":"1.0","UserProperties":{"Properties":{"g1":"Custom Colour","g2":false,"g3":"Custom Avatars","var1":"Winner"}},"LocalizationId":"en-GB","IsActive":true}],"LayoutMappings":[]},"LeagueCategoryId":3}],"ActiveSetupName":"Div 3"}''',1,0,2,NULL,NULL,NULL,NULL,'CUCCO_7','7ydFsR',0,1764350769,0,1535109519,0);
CREATE TABLE IF NOT EXISTS "LeagueRoles" (
    "Id" INTEGER NOT NULL CONSTRAINT "PK_LeagueRoles" PRIMARY KEY AUTOINCREMENT,
    "Name" TEXT NULL,
    "ColorRaw" INTEGER NOT NULL,
    "SecondaryColorRaw" INTEGER NOT NULL,
    "LeagueRoleBuiltIn" INTEGER NULL,
    "Priority" INTEGER NOT NULL,
    "DatabaseCategoriesAllowedRaw" INTEGER NOT NULL,
    "CreatedAt" INTEGER NOT NULL,
    "UpdatedAt" INTEGER NOT NULL,
    "UserCreated" INTEGER NOT NULL,
    "UserUpdated" INTEGER NOT NULL
, "ColorString" TEXT NULL, "SecondaryColorString" TEXT NULL, "TertiaryColorString" TEXT NULL);
INSERT INTO LeagueRoles VALUES(1,'League Head',0,0,1,1000,0,1764005352,0,1535109519,0,'#FF077674','#FFFFFFFF',NULL);
INSERT INTO LeagueRoles VALUES(2,'Admin',0,0,2,950,0,1764005352,0,1535109519,0,'#FF1E435F','#FFFFFFFF',NULL);
INSERT INTO LeagueRoles VALUES(3,'Manager',0,0,4,900,0,1764005352,0,1535109519,0,'#FF8C0FBD','#FFFFFFFF',NULL);
INSERT INTO LeagueRoles VALUES(4,'Race Director',0,0,8,850,0,1764005352,0,1535109519,0,'#FF8B6067','#FFFFFFFF',NULL);
INSERT INTO LeagueRoles VALUES(5,'Head Steward',0,0,16,800,0,1764005352,0,1535109519,0,'#FFAD5846','#FFFFFFFF',NULL);
INSERT INTO LeagueRoles VALUES(6,'Steward',0,0,32,750,0,1764005352,0,1535109519,0,'#FF4E0A7D','#FFFFFFFF',NULL);
INSERT INTO LeagueRoles VALUES(7,'Staff',0,0,64,700,0,1764005352,0,1535109519,0,'#FF7C6C7F','#FFFFFFFF',NULL);
INSERT INTO LeagueRoles VALUES(8,'Commentator',0,0,128,650,0,1764005352,0,1535109519,0,'#FF23146B','#FFFFFFFF',NULL);
INSERT INTO LeagueRoles VALUES(9,'Streamer',0,0,256,600,0,1764005352,0,1535109519,0,'#FF1AC034','#FFFFFFFF',NULL);
INSERT INTO LeagueRoles VALUES(10,'Driver',0,0,512,550,0,1764005352,0,1535109519,0,'#FF4854B3','#FFFFFFFF',NULL);
INSERT INTO LeagueRoles VALUES(11,'Reserve',0,0,1024,500,0,1764005352,0,1535109519,0,'#FF44694B','#FFFFFFFF',NULL);
CREATE TABLE IF NOT EXISTS "Seasons" (
    "Id" INTEGER NOT NULL CONSTRAINT "PK_Seasons" PRIMARY KEY AUTOINCREMENT,
    "ChampionshipId" INTEGER NULL,
    "CreatedAt" INTEGER NOT NULL,
    "DaysBetweenEvents" INTEGER NOT NULL,
    "DriverPointsSpecialRaw" BLOB NULL,
    "FullName" TEXT NULL,
    "GridSize" INTEGER NOT NULL,
    "IgnoreWorstEventsEachDriver" INTEGER NOT NULL,
    "IgnoreWorstEventsEachTeam" INTEGER NOT NULL,
    "IsArchive" INTEGER NOT NULL,
    "IsDnfDriversCanBeClassified" INTEGER NOT NULL,
    "IsExcludeReservesFromClassification" INTEGER NOT NULL,
    "IsReserveBringTeamPoints" INTEGER NOT NULL,
    "IsSeparateReservesAtStandings" INTEGER NOT NULL,
    "IsShowTimesInsteadGapInQual" INTEGER NOT NULL,
    "IsStandingsShowAllLineups" INTEGER NOT NULL,
    "IsStandingsShowArchiveDrivers" INTEGER NOT NULL,
    "IsStandingsShowReserves" INTEGER NOT NULL,
    "LeagueCategoriesRaw" BLOB NULL,
    "LeagueCategoryId" INTEGER NULL,
    "LimitNumberDriversOnStandings" INTEGER NOT NULL,
    "LineupsBasedType" INTEGER NOT NULL,
    "Name" TEXT NULL,
    "PenaltySystemId" INTEGER NULL,
    "PracticesCount" INTEGER NOT NULL,
    "Priority" INTEGER NOT NULL,
    "QualType1" INTEGER NOT NULL,
    "QualType2" INTEGER NOT NULL,
    "QualType3" INTEGER NOT NULL,
    "QualsCount" INTEGER NOT NULL,
    "RaceType1" INTEGER NOT NULL,
    "RaceType2" INTEGER NOT NULL,
    "RaceType3" INTEGER NOT NULL,
    "RacesCount" INTEGER NOT NULL,
    "ReserveProcessingMode" INTEGER NOT NULL,
    "SeatsPerTeam" INTEGER NOT NULL,
    "SeatsReserve" INTEGER NOT NULL,
    "StartIgnoreWorstEventsAfterPercent" INTEGER NOT NULL,
    "TeamPointsSpecialRaw" BLOB NULL,
    "TimeOffsetType" INTEGER NOT NULL,
    "UpdatedAt" INTEGER NOT NULL,
    "UserCreated" INTEGER NOT NULL,
    "UserUpdated" INTEGER NOT NULL, "ColorRaw" INTEGER NOT NULL DEFAULT 0, "SecondaryColorRaw" INTEGER NOT NULL DEFAULT 0, "DiscardWorstEventsValueForEachDriver" INTEGER NOT NULL DEFAULT 0, "DiscardWorstEventsValueForEachTeam" INTEGER NOT NULL DEFAULT 0, "IsDiscardWorstEventsForEachDriver" INTEGER NOT NULL DEFAULT 0, "IsDiscardWorstEventsForEachTeam" INTEGER NOT NULL DEFAULT 0, "IsDiscardWorstEventsIncludeTeamForEachDriver" INTEGER NOT NULL DEFAULT 0, "IsDiscardWorstEventsStatisticsTooForEachDriver" INTEGER NOT NULL DEFAULT 0, "IsDiscardWorstEventsStatisticsTooForEachTeam" INTEGER NOT NULL DEFAULT 0, "IsDiscardWorstRacesIncludeMinorTypesForEachDriver" INTEGER NOT NULL DEFAULT 0, "IsDiscardWorstRacesIncludeMinorTypesForEachTeam" INTEGER NOT NULL DEFAULT 0, "IsDiscardWorstRacesInsteadEventsForEachDriver" INTEGER NOT NULL DEFAULT 0, "IsDiscardWorstRacesInsteadEventsForEachTeam" INTEGER NOT NULL DEFAULT 0, "MaxTimePercentQualClassificationCriteria" INTEGER NOT NULL DEFAULT 0, "MinDistanceMetersRaceClassificationCriteria" INTEGER NOT NULL DEFAULT 0, "MinDistancePercentRaceClassificationCriteria" INTEGER NOT NULL DEFAULT 0, "MinLapsPercentRaceClassificationCriteria" INTEGER NOT NULL DEFAULT 0, "MinLapsRaceClassificationCriteria" INTEGER NOT NULL DEFAULT 0, "MinTimeMinutesRaceClassificationCriteria" INTEGER NOT NULL DEFAULT 0, "MinTimePercentRaceClassificationCriteria" INTEGER NOT NULL DEFAULT 0, "StartDiscardWorstEventsAfterPercentForEachDriver" INTEGER NOT NULL DEFAULT 0, "StartDiscardWorstEventsAfterPercentForEachTeam" INTEGER NOT NULL DEFAULT 0, "ActiveEventSessionPresetId" TEXT NULL, "DefaultEventStartTime" TEXT NOT NULL DEFAULT '00:00:00', "EventFormatJson" TEXT NULL, "IsEventDateOnly" INTEGER NOT NULL DEFAULT 0, "IsSessionDateOnly" INTEGER NOT NULL DEFAULT 0, "MulticlassConfigurationJson" TEXT NULL, "TimeAttackDiscardBestSessionsCount" INTEGER NOT NULL DEFAULT 0, "TimeAttackDiscardWorstSessionsCount" INTEGER NOT NULL DEFAULT 0, "TimeAttackMinParticipationPercent" INTEGER NOT NULL DEFAULT 0, "ColorString" TEXT NULL, "SecondaryColorString" TEXT NULL, "TertiaryColorString" TEXT NULL,
    CONSTRAINT "FK_Seasons_Championships_ChampionshipId" FOREIGN KEY ("ChampionshipId") REFERENCES "Championships" ("Id") ON DELETE RESTRICT,
    CONSTRAINT "FK_Seasons_PenaltySystems_PenaltySystemId" FOREIGN KEY ("PenaltySystemId") REFERENCES "PenaltySystems" ("Id") ON DELETE RESTRICT
);
INSERT INTO Seasons VALUES(1,1,1764005353,7,NULL,NULL,20,0,0,0,0,0,1,0,0,1,1,1,X'02000000',NULL,20,0,'Season 18',NULL,0,0,0,0,0,0,0,0,0,0,0,2,20,0,NULL,1,1764267448,1535109519,912554677,0,0,1,1,0,0,0,0,0,0,0,0,0,107,0,0,0,0,0,90,85,85,NULL,'20:00:00','{"Presets":[{"IsPrimary":true,"Name":"Short qualification","Sessions":[{"SessionType":"Qualification","RaceType":"Regular","QualificationType":"Regular"},{"SessionType":"Race","RaceType":"Main","QualificationType":"Regular"}]},{"IsPrimary":false,"Name":"Full qualification","Sessions":[{"SessionType":"Qualification","RaceType":"Regular","QualificationType":"Q1"},{"SessionType":"Qualification","RaceType":"Regular","QualificationType":"Q2"},{"SessionType":"Qualification","RaceType":"Regular","QualificationType":"Q3"},{"SessionType":"Race","RaceType":"Main","QualificationType":"Regular"}]},{"IsPrimary":false,"Name":"Sprint, 1 short qualification","Sessions":[{"SessionType":"Qualification","RaceType":"Regular","QualificationType":"Regular"},{"SessionType":"Race","RaceType":"Sprint","QualificationType":"Regular"},{"SessionType":"Race","RaceType":"Main","QualificationType":"Regular"}]},{"IsPrimary":false,"Name":"Sprint, 2 shorts qualifications","Sessions":[{"SessionType":"Qualification","RaceType":"Regular","QualificationType":"Regular"},{"SessionType":"Race","RaceType":"Sprint","QualificationType":"Regular"},{"SessionType":"Qualification","RaceType":"Regular","QualificationType":"Regular"},{"SessionType":"Race","RaceType":"Main","QualificationType":"Regular"}]}]}',0,1,NULL,0,0,0,'#FF91F83E','#FF820203',NULL);
INSERT INTO Seasons VALUES(2,1,1764090327,7,NULL,NULL,20,0,0,0,0,0,1,0,0,1,1,1,X'03000000',NULL,20,0,'Season 18',NULL,0,0,0,0,0,0,0,0,0,0,0,2,20,0,NULL,1,0,1535109519,0,0,0,1,1,0,0,0,0,0,0,0,0,0,0,0,0,0,0,0,0,85,85,NULL,'20:00:00','{"Presets":[{"IsPrimary":true,"Name":"Short qualification","Sessions":[{"SessionType":"Qualification","RaceType":"Regular","QualificationType":"Regular"},{"SessionType":"Race","RaceType":"Main","QualificationType":"Regular"}]},{"IsPrimary":false,"Name":"Full qualification","Sessions":[{"SessionType":"Qualification","RaceType":"Regular","QualificationType":"Q1"},{"SessionType":"Qualification","RaceType":"Regular","QualificationType":"Q2"},{"SessionType":"Qualification","RaceType":"Regular","QualificationType":"Q3"},{"SessionType":"Race","RaceType":"Main","QualificationType":"Regular"}]},{"IsPrimary":false,"Name":"Sprint, 1 short qualification","Sessions":[{"SessionType":"Qualification","RaceType":"Regular","QualificationType":"Regular"},{"SessionType":"Race","RaceType":"Sprint","QualificationType":"Regular"},{"SessionType":"Race","RaceType":"Main","QualificationType":"Regular"}]},{"IsPrimary":false,"Name":"Sprint, 2 shorts qualifications","Sessions":[{"SessionType":"Qualification","RaceType":"Regular","QualificationType":"Regular"},{"SessionType":"Race","RaceType":"Sprint","QualificationType":"Regular"},{"SessionType":"Qualification","RaceType":"Regular","QualificationType":"Regular"},{"SessionType":"Race","RaceType":"Main","QualificationType":"Regular"}]}]}',0,1,NULL,0,0,0,'#FF883540','#FFD9FAA0',NULL);
CREATE TABLE IF NOT EXISTS "Drivers" (
    "Id" INTEGER NOT NULL CONSTRAINT "PK_Drivers" PRIMARY KEY AUTOINCREMENT,
    "BadgeIcons" TEXT NULL,
    "BadgeName" TEXT NULL,
    "CreatedAt" INTEGER NOT NULL,
    "Description" TEXT NULL,
    "DiscordLink" TEXT NULL,
    "DiscordName" TEXT NULL,
    "GamePlatform" INTEGER NOT NULL,
    "InGameName" TEXT NULL,
    "IsArchive" INTEGER NOT NULL,
    "LeagueCategoriesRaw" BLOB NULL,
    "LeagueRolesRaw" BLOB NULL,
    "Name" TEXT NOT NULL,
    "NationId" INTEGER NULL,
    "NationIngameId" INTEGER NULL,
    "RaceNumber" INTEGER NULL,
    "RealName" TEXT NULL,
    "SteamLink" TEXT NULL,
    "SteamName" TEXT NULL,
    "UpdatedAt" INTEGER NOT NULL,
    "UserCreated" INTEGER NOT NULL,
    "UserUpdated" INTEGER NOT NULL, "DriverFeatures" INTEGER NULL,
    CONSTRAINT "FK_Drivers_Nationalities_NationId" FOREIGN KEY ("NationId") REFERENCES "Nationalities" ("Id") ON DELETE RESTRICT
);
INSERT INTO Drivers VALUES(1,NULL,NULL,1764006595,NULL,NULL,NULL,0,'BSGabry_',0,X'02000000',NULL,'BSGabry_',108,108,8,NULL,NULL,NULL,1764190595,1535109519,1535109519,NULL);
INSERT INTO Drivers VALUES(2,NULL,NULL,1764006620,NULL,NULL,NULL,0,'CUCCO_7',0,X'0200000001000000',NULL,'CUCCO_7',108,108,46,NULL,NULL,NULL,1764190595,1535109519,1535109519,NULL);
INSERT INTO Drivers VALUES(3,NULL,NULL,1764006640,NULL,NULL,NULL,0,'seanmul10',0,X'02000000',NULL,'seanmul10',190,190,72,NULL,NULL,NULL,1764190595,1535109519,1535109519,NULL);
INSERT INTO Drivers VALUES(4,NULL,NULL,1764006672,NULL,NULL,NULL,0,'the_real_Sulli',0,NULL,NULL,'the_real_Sulli',108,108,26,NULL,NULL,NULL,1764190595,1535109519,1535109519,NULL);
INSERT INTO Drivers VALUES(5,NULL,NULL,1764006702,NULL,NULL,NULL,0,'Pub_Dogg',0,X'02000000',NULL,'Pub_Dogg',67,228,20,NULL,NULL,NULL,1764190610,1535109519,1535109519,NULL);
INSERT INTO Drivers VALUES(6,NULL,NULL,1764006716,NULL,NULL,NULL,0,'jaym246',0,X'02000000',NULL,'jaym246',230,NULL,24,NULL,NULL,NULL,1764090958,1535109519,1535109519,NULL);
INSERT INTO Drivers VALUES(7,NULL,NULL,1764006749,NULL,NULL,NULL,0,'Dimitris Stavroulis',0,NULL,NULL,'Dimitris Stavroulis',86,86,80,NULL,NULL,NULL,1764190517,1535109519,1535109519,NULL);
INSERT INTO Drivers VALUES(8,NULL,NULL,1764006763,NULL,NULL,NULL,0,'owise11',0,X'0200000003000000',NULL,'owise11',230,230,41,NULL,NULL,NULL,1764104581,1535109519,1535109519,NULL);
INSERT INTO Drivers VALUES(9,NULL,NULL,1764006786,NULL,NULL,NULL,0,'p1Xx Retardmaxxing',0,X'0200000003000000',NULL,'p1Xx',58,58,41,NULL,NULL,NULL,1764104581,1535109519,1535109519,NULL);
INSERT INTO Drivers VALUES(10,NULL,NULL,1764006813,NULL,NULL,NULL,0,'AlexG_IV2',0,X'03000000',NULL,'AlexG_IV2',140,77,42,NULL,NULL,NULL,1764104581,1535109519,1535109519,NULL);
INSERT INTO Drivers VALUES(11,NULL,NULL,1764006837,NULL,NULL,NULL,0,'ElPochoGR',0,X'02000000',NULL,'ElPochoGR',108,NULL,7,NULL,NULL,NULL,1764090965,1535109519,1535109519,NULL);
INSERT INTO Drivers VALUES(12,NULL,NULL,1764006856,NULL,NULL,NULL,0,'DcViiral',0,X'0200000003000000',NULL,'DcViiral',83,83,69,NULL,NULL,NULL,1764104581,1535109519,1535109519,NULL);
INSERT INTO Drivers VALUES(13,NULL,NULL,1764006891,NULL,NULL,NULL,0,'JillsValentine',0,X'03000000',NULL,'JillsValentine',83,NULL,9,NULL,NULL,NULL,1764091028,1535109519,1535109519,NULL);
INSERT INTO Drivers VALUES(14,NULL,NULL,1764006915,NULL,NULL,NULL,0,'maxl0903',0,X'0200000003000000',NULL,'maxi0903',14,14,57,NULL,NULL,NULL,1764192678,1535109519,1535109519,NULL);
INSERT INTO Drivers VALUES(15,NULL,NULL,1764006942,NULL,NULL,NULL,0,NULL,0,X'02000000',NULL,'Scoloin',76,NULL,28,NULL,NULL,NULL,1764090733,1535109519,1535109519,NULL);
INSERT INTO Drivers VALUES(16,NULL,NULL,1764006955,NULL,NULL,NULL,0,'ossidrei93',0,X'0200000003000000',NULL,'ossidrei93',14,14,32,NULL,NULL,NULL,1764104581,1535109519,1535109519,NULL);
INSERT INTO Drivers VALUES(17,NULL,NULL,1764006972,NULL,NULL,NULL,0,'BazokaJo',0,X'0200000003000000',NULL,'BazokaJo',83,83,86,NULL,NULL,NULL,1764104581,1535109519,1535109519,NULL);
INSERT INTO Drivers VALUES(18,NULL,NULL,1764006995,NULL,NULL,NULL,0,'Utente',0,X'0200000003000000',NULL,'LankyBrown5515',67,228,84,NULL,NULL,NULL,1764104581,1535109519,1535109519,NULL);
INSERT INTO Drivers VALUES(19,NULL,NULL,1764007010,NULL,NULL,NULL,0,'ActionRik',0,X'0200000003000000',NULL,'ActionRik',230,NULL,85,NULL,NULL,NULL,1764091034,1535109519,1535109519,NULL);
INSERT INTO Drivers VALUES(20,NULL,NULL,1764090421,NULL,NULL,NULL,0,'Mihai',0,X'0200000003000000',NULL,'Mihai',182,182,29,NULL,NULL,NULL,1764104581,1535109519,1535109519,NULL);
INSERT INTO Drivers VALUES(21,NULL,NULL,1764090452,NULL,NULL,NULL,0,'akosin',0,X'03000000',NULL,'akosin',67,228,77,NULL,NULL,NULL,1764190595,1535109519,1535109519,NULL);
INSERT INTO Drivers VALUES(22,NULL,NULL,1764090469,NULL,NULL,NULL,0,'Marcellio',0,X'03000000',NULL,'Marcellio',67,83,13,NULL,NULL,NULL,1764104492,1535109519,1535109519,NULL);
INSERT INTO Drivers VALUES(23,NULL,NULL,1764090515,NULL,NULL,NULL,0,'Utente',0,X'03000000',NULL,'HarleyJL18',67,NULL,18,NULL,NULL,NULL,1764104488,1535109519,1535109519,NULL);
INSERT INTO Drivers VALUES(24,NULL,NULL,1764090533,NULL,NULL,NULL,0,NULL,0,NULL,NULL,'OllieBowers',67,NULL,16,NULL,NULL,NULL,1764090979,1535109519,1535109519,NULL);
INSERT INTO Drivers VALUES(25,NULL,NULL,1764090588,NULL,NULL,NULL,0,'XtraDavido',0,X'03000000',NULL,'XtraDavido',155,NULL,17,NULL,NULL,NULL,1764091069,1535109519,1535109519,NULL);
INSERT INTO Drivers VALUES(26,NULL,NULL,1764090611,NULL,NULL,NULL,0,'NemesisVR69',0,X'03000000',NULL,'NemesisVR69',67,NULL,70,NULL,NULL,NULL,1764090974,1535109519,1535109519,NULL);
INSERT INTO Drivers VALUES(27,NULL,NULL,1764090779,NULL,NULL,NULL,0,'PhantomFox456',0,X'02000000',NULL,'PhantomFox456',67,228,19,NULL,NULL,NULL,1764193392,1535109519,1535109519,NULL);
INSERT INTO Drivers VALUES(28,NULL,NULL,1764090831,NULL,NULL,NULL,0,'Utente',0,X'0300000002000000',NULL,'edwinlfc',127,127,36,NULL,NULL,NULL,1764111224,1535109519,1535109519,NULL);
INSERT INTO Drivers VALUES(29,NULL,NULL,1764090852,NULL,NULL,NULL,0,'Utente',0,X'0300000002000000',NULL,'Flavours',127,127,99,NULL,NULL,NULL,1764104486,1535109519,1535109519,NULL);
INSERT INTO Drivers VALUES(30,NULL,NULL,1764090941,NULL,NULL,NULL,0,'thomas_k04',0,X'03000000',NULL,'thomas_k04',67,41,19,NULL,NULL,NULL,1764111198,1535109519,1535109519,NULL);
INSERT INTO Drivers VALUES(31,NULL,NULL,1764091747,NULL,NULL,NULL,0,'Borbodinio',0,X'02000000',NULL,'Borbodinio',67,228,54,NULL,NULL,NULL,1764190511,1535109519,1535109519,NULL);
INSERT INTO Drivers VALUES(32,NULL,NULL,1764104536,NULL,NULL,NULL,0,'Utente',0,NULL,NULL,'The Kaiser',178,178,79,NULL,NULL,NULL,1764104548,1535109519,1535109519,NULL);
CREATE TABLE IF NOT EXISTS "PenaltyActions" (
    "Id" INTEGER NOT NULL CONSTRAINT "PK_PenaltyActions" PRIMARY KEY AUTOINCREMENT,
    "PenaltyItemId" INTEGER NOT NULL,
    "Type" INTEGER NOT NULL,
    "Value" INTEGER NOT NULL,
    "Status" INTEGER NOT NULL,
    "TargetDriverSessionId" INTEGER NULL,
    "TargetSeasonId" INTEGER NULL,
    "ProcessedDate" TEXT NULL,
    "CreatedAt" INTEGER NOT NULL,
    "UpdatedAt" INTEGER NOT NULL,
    "UserCreated" INTEGER NOT NULL,
    "UserUpdated" INTEGER NOT NULL,
    CONSTRAINT "FK_PenaltyActions_PenaltyItems_PenaltyItemId" FOREIGN KEY ("PenaltyItemId") REFERENCES "PenaltyItems" ("Id") ON DELETE RESTRICT
);
PRAGMA writable_schema=ON;
CREATE TABLE IF NOT EXISTS sqlite_sequence(name,seq);
DELETE FROM sqlite_sequence;
INSERT INTO sqlite_sequence VALUES('Championships',1);
INSERT INTO sqlite_sequence VALUES('PenaltyItems',0);
INSERT INTO sqlite_sequence VALUES('Seasons',2);
INSERT INTO sqlite_sequence VALUES('Drivers',32);
INSERT INTO sqlite_sequence VALUES('Nationalities',242);
INSERT INTO sqlite_sequence VALUES('DatabaseChanges',1002);
INSERT INTO sqlite_sequence VALUES('CarClasses',31);
INSERT INTO sqlite_sequence VALUES('Games',19);
INSERT INTO sqlite_sequence VALUES('LeagueRoles',11);
INSERT INTO sqlite_sequence VALUES('LeagueSettings',9);
INSERT INTO sqlite_sequence VALUES('PointActions',11);
INSERT INTO sqlite_sequence VALUES('Vendors',5);
INSERT INTO sqlite_sequence VALUES('Tracks',33);
INSERT INTO sqlite_sequence VALUES('Cars',10);
INSERT INTO sqlite_sequence VALUES('Teams',10);
INSERT INTO sqlite_sequence VALUES('LeagueCategories',3);
INSERT INTO sqlite_sequence VALUES('Events',7);
INSERT INTO sqlite_sequence VALUES('SessionResults',20);
INSERT INTO sqlite_sequence VALUES('LineUps',37);
INSERT INTO sqlite_sequence VALUES('DriverSessions',309);
CREATE INDEX "IX_Cars_CarClassId" ON "Cars" ("CarClassId");
CREATE INDEX "IX_Cars_VendorId" ON "Cars" ("VendorId");
CREATE INDEX "IX_DriverSessions_CarId" ON "DriverSessions" ("CarId");
CREATE INDEX "IX_DriverSessions_DriverId" ON "DriverSessions" ("DriverId");
CREATE INDEX "IX_DriverSessions_TeamId" ON "DriverSessions" ("TeamId");
CREATE INDEX "IX_Events_TrackId" ON "Events" ("TrackId");
CREATE INDEX "IX_LineUps_CarId" ON "LineUps" ("CarId");
CREATE INDEX "IX_LineUps_DriverId" ON "LineUps" ("DriverId");
CREATE INDEX "IX_LineUps_SeasonId" ON "LineUps" ("SeasonId");
CREATE INDEX "IX_LineUps_TeamId" ON "LineUps" ("TeamId");
CREATE INDEX "IX_PointActions_ChampionshipId" ON "PointActions" ("ChampionshipId");
CREATE INDEX "IX_SessionResults_BestMomentDriverId" ON "SessionResults" ("BestMomentDriverId");
CREATE INDEX "IX_SessionResults_DriverDayDriverId" ON "SessionResults" ("DriverDayDriverId");
CREATE INDEX "IX_SessionResults_FastestLapDriverId" ON "SessionResults" ("FastestLapDriverId");
CREATE INDEX "IX_Teams_CarId" ON "Teams" ("CarId");
CREATE INDEX "IX_Teams_NationId" ON "Teams" ("NationId");
CREATE INDEX "IX_Teams_PrevTeamId" ON "Teams" ("PrevTeamId");
CREATE INDEX "IX_Tracks_NationId" ON "Tracks" ("NationId");
CREATE INDEX "IX_Vendors_NationId" ON "Vendors" ("NationId");
CREATE INDEX "IX_PenaltyOffenses_PenaltySystemId" ON "PenaltyOffenses" ("PenaltySystemId");
CREATE INDEX "IX_PenaltyPointsThresholds_PenaltySystemId" ON "PenaltyPointsThresholds" ("PenaltySystemId");
CREATE INDEX "IX_Championships_PenaltySystemId" ON "Championships" ("PenaltySystemId");
CREATE INDEX "IX_PenaltyItems_CarId" ON "PenaltyItems" ("CarId");
CREATE INDEX "IX_PenaltyItems_DriverId" ON "PenaltyItems" ("DriverId");
CREATE INDEX "IX_PenaltyItems_DriverSessionActionAppliedId" ON "PenaltyItems" ("DriverSessionActionAppliedId");
CREATE INDEX "IX_PenaltyItems_DriverSessionId" ON "PenaltyItems" ("DriverSessionId");
CREATE INDEX "IX_PenaltyItems_IssuerId" ON "PenaltyItems" ("IssuerId");
CREATE INDEX "IX_PenaltyItems_PenaltyOffenseId" ON "PenaltyItems" ("PenaltyOffenseId");
CREATE INDEX "IX_PenaltyItems_SeasonId" ON "PenaltyItems" ("SeasonId");
CREATE INDEX "IX_PenaltyItems_SessionResultId" ON "PenaltyItems" ("SessionResultId");
CREATE INDEX "IX_PenaltyItems_SubmitterId" ON "PenaltyItems" ("SubmitterId");
CREATE INDEX "IX_PenaltyItems_TeamId" ON "PenaltyItems" ("TeamId");
CREATE INDEX "IX_Seasons_ChampionshipId" ON "Seasons" ("ChampionshipId");
CREATE INDEX "IX_Seasons_PenaltySystemId" ON "Seasons" ("PenaltySystemId");
CREATE INDEX "IX_Drivers_NationId" ON "Drivers" ("NationId");
CREATE INDEX "IX_PenaltyActions_PenaltyItemId" ON "PenaltyActions" ("PenaltyItemId");
PRAGMA writable_schema=OFF;
COMMIT;
